"procurement_id","procurement_date","vendor_id","product_id","purchase_order_no","quantity","unit_price","total_amount","payment_status","procurement_status"
90001,"2026-06-27",8051,2005,"PO-2026-90001",37,12884.13,476712.81,"Paid","Pending"
90002,"2026-04-04",8363,2014,"PO-2026-90002",99,8689.08,860218.92,"Partially Paid","Approved"
90003,"2026-02-05",8403,2014,"PO-2026-90003",465,8093.08,3763282.20,"Pending","Approved"
90004,"2026-02-02",8128,2015,"PO-2026-90004",99,10210.78,1010867.22,"Paid","Approved"
90005,"2026-08-15",8087,2013,"PO-2026-90005",104,29053.67,3021581.68,"Pending","Received"
90006,"2026-08-14",8415,2005,"PO-2026-90006",356,12296.24,4377461.44,"Pending","Received"
90007,"2026-06-10",8232,2001,"PO-2026-90007",136,52485.70,7138055.20,"Pending","Cancelled"
90008,"2026-02-03",8241,2006,"PO-2026-90008",138,21658.63,2988890.94,"Partially Paid","Approved"
90009,"2026-03-02",8249,2010,"PO-2026-90009",202,2824.06,570460.12,"Paid","Cancelled"
90010,"2026-01-03",8209,2008,"PO-2026-90010",173,2545.45,440362.85,"Paid","Cancelled"
90011,"2026-01-02",8387,2007,"PO-2026-90011",228,25737.77,5868211.56,"Partially Paid","Cancelled"
90012,"2026-08-25",8297,2005,"PO-2026-90012",16,11658.31,186532.96,"Paid","Pending"
90013,"2026-02-23",8317,2008,"PO-2026-90013",378,1977.17,747370.26,"Paid","Pending"
90014,"2026-04-10",8205,2005,"PO-2026-90014",282,9431.31,2659629.42,"Paid","Received"
90015,"2026-06-12",8129,2011,"PO-2026-90015",404,5568.88,2249827.52,"Paid","Approved"
90016,"2026-06-02",8186,2002,"PO-2026-90016",477,15497.78,7392441.06,"Partially Paid","Received"
90017,"2026-01-05",8268,2011,"PO-2026-90017",434,5508.55,2390710.70,"Pending","Cancelled"
90018,"2026-03-18",8092,2002,"PO-2026-90018",337,12470.80,4202659.60,"Paid","Cancelled"
90019,"2026-02-27",8018,2014,"PO-2026-90019",177,9157.39,1620858.03,"Paid","Approved"
90020,"2026-08-03",8463,2010,"PO-2026-90020",129,3336.53,430412.37,"Paid","Approved"
90021,"2026-06-19",8481,2008,"PO-2026-90021",405,2100.05,850520.25,"Partially Paid","Approved"
90022,"2026-04-17",8377,2010,"PO-2026-90022",134,3288.59,440671.06,"Paid","Received"
90023,"2026-05-18",8243,2005,"PO-2026-90023",210,12988.46,2727576.60,"Paid","Received"
90024,"2026-02-28",8250,2006,"PO-2026-90024",353,21106.82,7450707.46,"Pending","Cancelled"
90025,"2026-02-19",8476,2002,"PO-2026-90025",234,11972.25,2801506.50,"Paid","Approved"
90026,"2026-05-19",8204,2011,"PO-2026-90026",431,5387.38,2321960.78,"Paid","Approved"
90027,"2026-07-13",8303,2015,"PO-2026-90027",138,10608.68,1463997.84,"Partially Paid","Approved"
90028,"2026-07-16",8271,2003,"PO-2026-90028",225,1531.30,344542.50,"Partially Paid","Received"
90029,"2026-03-27",8455,2009,"PO-2026-90029",426,3807.04,1621799.04,"Partially Paid","Cancelled"
90030,"2026-06-03",8478,2011,"PO-2026-90030",254,6813.86,1730720.44,"Paid","Pending"
90031,"2026-07-02",8320,2007,"PO-2026-90031",273,30095.45,8216057.85,"Partially Paid","Received"
90032,"2026-01-20",8385,2002,"PO-2026-90032",304,13721.33,4171284.32,"Partially Paid","Received"
90033,"2026-06-14",8406,2005,"PO-2026-90033",371,11155.40,4138653.40,"Paid","Approved"
90034,"2026-05-02",8392,2011,"PO-2026-90034",241,6813.53,1642060.73,"Pending","Received"
90035,"2026-03-23",8473,2008,"PO-2026-90035",156,2546.53,397258.68,"Partially Paid","Approved"
90036,"2026-04-12",8407,2001,"PO-2026-90036",276,53953.30,14891110.80,"Pending","Received"
90037,"2026-05-22",8160,2012,"PO-2026-90037",269,5515.52,1483674.88,"Pending","Pending"
90038,"2026-03-14",8476,2013,"PO-2026-90038",493,27040.34,13330887.62,"Paid","Pending"
90039,"2026-06-30",8492,2006,"PO-2026-90039",167,17043.18,2846211.06,"Paid","Received"
90040,"2026-04-20",8027,2006,"PO-2026-90040",86,19620.37,1687351.82,"Paid","Received"
90041,"2026-07-29",8455,2007,"PO-2026-90041",92,27741.53,2552220.76,"Paid","Cancelled"
90042,"2026-01-15",8414,2014,"PO-2026-90042",198,7483.49,1481731.02,"Paid","Approved"
90043,"2026-01-12",8122,2009,"PO-2026-90043",176,3719.04,654551.04,"Paid","Pending"
90044,"2026-07-04",8366,2013,"PO-2026-90044",404,23331.72,9426014.88,"Partially Paid","Approved"
90045,"2026-04-13",8289,2011,"PO-2026-90045",215,6112.45,1314176.75,"Paid","Approved"
90046,"2026-03-03",8421,2008,"PO-2026-90046",181,2121.71,384029.51,"Paid","Cancelled"
90047,"2026-05-14",8117,2004,"PO-2026-90047",381,891.55,339680.55,"Paid","Received"
90048,"2026-05-29",8436,2004,"PO-2026-90048",343,716.76,245848.68,"Pending","Cancelled"
90049,"2026-03-25",8257,2015,"PO-2026-90049",305,11468.83,3497993.15,"Paid","Approved"
90050,"2026-08-29",8223,2015,"PO-2026-90050",423,10417.72,4406695.56,"Pending","Approved"
90051,"2026-03-08",8358,2008,"PO-2026-90051",322,2211.34,712051.48,"Paid","Approved"
90052,"2026-05-26",8275,2001,"PO-2026-90052",20,43752.32,875046.40,"Paid","Approved"
90053,"2026-01-11",8383,2001,"PO-2026-90053",115,56032.06,6443686.90,"Partially Paid","Pending"
90054,"2026-04-15",8007,2014,"PO-2026-90054",56,8454.51,473452.56,"Partially Paid","Received"
90055,"2026-03-20",8298,2012,"PO-2026-90055",329,5948.92,1957194.68,"Paid","Pending"
90056,"2026-02-06",8212,2008,"PO-2026-90056",365,2239.70,817490.50,"Pending","Approved"
90057,"2026-02-07",8152,2014,"PO-2026-90057",384,8860.40,3402393.60,"Paid","Received"
90058,"2026-01-16",8417,2013,"PO-2026-90058",53,22294.69,1181618.57,"Paid","Received"
90059,"2026-02-21",8300,2006,"PO-2026-90059",113,19512.93,2204961.09,"Paid","Pending"
90060,"2026-01-19",8382,2010,"PO-2026-90060",247,3229.73,797743.31,"Partially Paid","Approved"
90061,"2026-04-07",8386,2003,"PO-2026-90061",157,1423.60,223505.20,"Paid","Approved"
90062,"2026-05-16",8025,2001,"PO-2026-90062",66,54782.84,3615667.44,"Partially Paid","Approved"
90063,"2026-01-30",8465,2008,"PO-2026-90063",246,2440.88,600456.48,"Pending","Received"
90064,"2026-04-12",8287,2001,"PO-2026-90064",286,44897.31,12840630.66,"Partially Paid","Received"
90065,"2026-05-28",8005,2002,"PO-2026-90065",259,14595.14,3780141.26,"Partially Paid","Cancelled"
90066,"2026-07-14",8476,2014,"PO-2026-90066",480,7701.29,3696619.20,"Paid","Approved"
90067,"2026-02-26",8350,2002,"PO-2026-90067",448,12684.85,5682812.80,"Paid","Received"
90068,"2026-06-03",8429,2008,"PO-2026-90068",203,2004.80,406974.40,"Partially Paid","Received"
90069,"2026-01-19",8495,2011,"PO-2026-90069",25,6512.42,162810.50,"Paid","Pending"
90070,"2026-03-31",8144,2002,"PO-2026-90070",162,11729.01,1900099.62,"Partially Paid","Pending"
90071,"2026-05-16",8471,2011,"PO-2026-90071",305,5966.44,1819764.20,"Paid","Cancelled"
90072,"2026-07-03",8099,2008,"PO-2026-90072",355,2529.30,897901.50,"Paid","Pending"
90073,"2026-05-16",8270,2007,"PO-2026-90073",26,25529.88,663776.88,"Pending","Cancelled"
90074,"2026-08-29",8111,2014,"PO-2026-90074",408,9932.86,4052606.88,"Pending","Received"
90075,"2026-08-24",8009,2006,"PO-2026-90075",345,20898.24,7209892.80,"Paid","Approved"
90076,"2026-01-17",8291,2011,"PO-2026-90076",317,6183.05,1960026.85,"Paid","Received"
90077,"2026-08-25",8179,2011,"PO-2026-90077",313,6269.03,1962206.39,"Paid","Received"
90078,"2026-02-18",8188,2015,"PO-2026-90078",471,10212.77,4810214.67,"Paid","Approved"
90079,"2026-01-22",8140,2013,"PO-2026-90079",303,24256.15,7349613.45,"Partially Paid","Approved"
90080,"2026-03-28",8497,2013,"PO-2026-90080",329,28222.73,9285278.17,"Pending","Received"
90081,"2026-06-23",8134,2011,"PO-2026-90081",310,5981.82,1854364.20,"Pending","Approved"
90082,"2026-07-17",8020,2015,"PO-2026-90082",46,9016.29,414749.34,"Paid","Cancelled"
90083,"2026-05-20",8232,2011,"PO-2026-90083",253,4878.21,1234187.13,"Paid","Approved"
90084,"2026-08-03",8435,2012,"PO-2026-90084",335,5097.38,1707622.30,"Pending","Approved"
90085,"2026-01-18",8412,2003,"PO-2026-90085",499,1845.59,920949.41,"Paid","Approved"
90086,"2026-03-15",8242,2007,"PO-2026-90086",287,28657.31,8224647.97,"Pending","Approved"
90087,"2026-01-21",8146,2001,"PO-2026-90087",469,42247.72,19814180.68,"Partially Paid","Received"
90088,"2026-03-18",8170,2003,"PO-2026-90088",187,1715.96,320884.52,"Partially Paid","Cancelled"
90089,"2026-04-09",8317,2014,"PO-2026-90089",82,7646.02,626973.64,"Paid","Received"
90090,"2026-07-26",8236,2005,"PO-2026-90090",155,12398.99,1921843.45,"Paid","Approved"
90091,"2026-03-30",8308,2014,"PO-2026-90091",205,8543.95,1751509.75,"Paid","Cancelled"
90092,"2026-02-25",8211,2012,"PO-2026-90092",454,5756.51,2613455.54,"Paid","Pending"
90093,"2026-01-03",8265,2014,"PO-2026-90093",204,7840.88,1599539.52,"Partially Paid","Approved"
90094,"2026-07-03",8494,2004,"PO-2026-90094",181,879.86,159254.66,"Paid","Cancelled"
90095,"2026-06-11",8338,2015,"PO-2026-90095",304,11400.90,3465873.60,"Pending","Approved"
90096,"2026-04-29",8028,2015,"PO-2026-90096",196,11288.44,2212534.24,"Pending","Pending"
90097,"2026-05-04",8101,2001,"PO-2026-90097",30,46301.78,1389053.40,"Paid","Pending"
90098,"2026-04-11",8450,2003,"PO-2026-90098",246,1822.66,448374.36,"Paid","Received"
90099,"2026-03-29",8432,2004,"PO-2026-90099",289,717.56,207374.84,"Pending","Approved"
90100,"2026-05-23",8203,2004,"PO-2026-90100",89,863.12,76817.68,"Paid","Approved"
90101,"2026-03-28",8107,2001,"PO-2026-90101",227,55638.43,12629923.61,"Pending","Cancelled"
90102,"2026-02-23",8349,2008,"PO-2026-90102",130,2551.06,331637.80,"Paid","Approved"
90103,"2026-08-08",8486,2001,"PO-2026-90103",46,45541.15,2094892.90,"Partially Paid","Received"
90104,"2026-04-19",8486,2008,"PO-2026-90104",196,2570.58,503833.68,"Paid","Approved"
90105,"2026-05-16",8168,2001,"PO-2026-90105",416,51186.86,21293733.76,"Pending","Approved"
90106,"2026-05-19",8109,2006,"PO-2026-90106",365,17591.98,6421072.70,"Partially Paid","Approved"
90107,"2026-08-05",8355,2001,"PO-2026-90107",426,56129.96,23911362.96,"Paid","Received"
90108,"2026-07-13",8187,2005,"PO-2026-90108",120,10191.81,1223017.20,"Paid","Cancelled"
90109,"2026-05-19",8459,2001,"PO-2026-90109",428,50835.23,21757478.44,"Paid","Received"
90110,"2026-01-11",8357,2011,"PO-2026-90110",306,6510.67,1992265.02,"Paid","Approved"
90111,"2026-07-06",8490,2009,"PO-2026-90111",482,4024.00,1939568.00,"Partially Paid","Cancelled"
90112,"2026-03-16",8168,2011,"PO-2026-90112",279,5639.97,1573551.63,"Pending","Approved"
90113,"2026-02-11",8226,2006,"PO-2026-90113",104,22106.86,2299113.44,"Partially Paid","Cancelled"
90114,"2026-04-01",8223,2008,"PO-2026-90114",181,2149.66,389088.46,"Pending","Received"
90115,"2026-02-06",8175,2010,"PO-2026-90115",99,2874.49,284574.51,"Paid","Approved"
90116,"2026-06-04",8067,2004,"PO-2026-90116",84,892.00,74928.00,"Partially Paid","Pending"
90117,"2026-03-21",8096,2010,"PO-2026-90117",153,2532.11,387412.83,"Paid","Approved"
90118,"2026-04-19",8457,2007,"PO-2026-90118",39,29885.89,1165549.71,"Pending","Approved"
90119,"2026-02-18",8141,2009,"PO-2026-90119",415,3513.12,1457944.80,"Partially Paid","Approved"
90120,"2026-06-26",8375,2005,"PO-2026-90120",102,12175.19,1241869.38,"Paid","Received"
90121,"2026-04-27",8113,2015,"PO-2026-90121",265,10617.85,2813730.25,"Paid","Approved"
90122,"2026-03-06",8265,2001,"PO-2026-90122",158,50978.21,8054557.18,"Partially Paid","Approved"
90123,"2026-04-07",8035,2003,"PO-2026-90123",396,1473.68,583577.28,"Partially Paid","Received"
90124,"2026-06-13",8240,2006,"PO-2026-90124",114,17939.41,2045092.74,"Paid","Received"
90125,"2026-08-22",8112,2008,"PO-2026-90125",249,2362.63,588294.87,"Paid","Pending"
90126,"2026-03-23",8233,2009,"PO-2026-90126",192,4062.53,780005.76,"Partially Paid","Received"
90127,"2026-03-18",8199,2015,"PO-2026-90127",425,11265.99,4788045.75,"Paid","Received"
90128,"2026-06-23",8251,2011,"PO-2026-90128",460,5955.74,2739640.40,"Paid","Approved"
90129,"2026-06-13",8262,2004,"PO-2026-90129",374,807.74,302094.76,"Pending","Cancelled"
90130,"2026-08-27",8397,2002,"PO-2026-90130",480,12457.50,5979600.00,"Pending","Approved"
90131,"2026-05-26",8210,2009,"PO-2026-90131",447,4334.52,1937530.44,"Partially Paid","Pending"
90132,"2026-01-30",8013,2010,"PO-2026-90132",20,2841.59,56831.80,"Pending","Pending"
90133,"2026-01-21",8486,2002,"PO-2026-90133",486,14474.69,7034699.34,"Pending","Received"
90134,"2026-07-25",8154,2002,"PO-2026-90134",32,13471.78,431096.96,"Paid","Cancelled"
90135,"2026-05-14",8447,2007,"PO-2026-90135",417,31250.12,13031300.04,"Partially Paid","Approved"
90136,"2026-01-23",8015,2006,"PO-2026-90136",294,19983.19,5875057.86,"Paid","Pending"
90137,"2026-01-19",8065,2012,"PO-2026-90137",267,5112.78,1365112.26,"Partially Paid","Approved"
90138,"2026-07-30",8213,2002,"PO-2026-90138",383,12087.49,4629508.67,"Paid","Approved"
90139,"2026-04-02",8448,2013,"PO-2026-90139",217,22416.91,4864469.47,"Pending","Approved"
90140,"2026-01-16",8449,2007,"PO-2026-90140",34,27593.12,938166.08,"Paid","Approved"
90141,"2026-04-14",8214,2010,"PO-2026-90141",403,3345.59,1348272.77,"Paid","Received"
90142,"2026-03-10",8438,2004,"PO-2026-90142",180,881.23,158621.40,"Partially Paid","Cancelled"
90143,"2026-07-21",8035,2003,"PO-2026-90143",386,1856.67,716674.62,"Pending","Pending"
90144,"2026-01-22",8068,2010,"PO-2026-90144",385,2401.18,924454.30,"Paid","Approved"
90145,"2026-05-08",8418,2012,"PO-2026-90145",63,4405.97,277576.11,"Partially Paid","Approved"
90146,"2026-02-02",8320,2006,"PO-2026-90146",496,19480.97,9662561.12,"Paid","Approved"
90147,"2026-08-29",8414,2003,"PO-2026-90147",132,1788.34,236060.88,"Paid","Received"
90148,"2026-05-11",8326,2010,"PO-2026-90148",298,3132.38,933449.24,"Paid","Received"
90149,"2026-04-15",8105,2012,"PO-2026-90149",138,6011.96,829650.48,"Paid","Pending"
90150,"2026-02-05",8030,2013,"PO-2026-90150",493,21660.39,10678572.27,"Pending","Pending"
90151,"2026-02-23",8037,2013,"PO-2026-90151",426,21560.10,9184602.60,"Partially Paid","Pending"
90152,"2026-08-12",8276,2001,"PO-2026-90152",343,42349.43,14525854.49,"Partially Paid","Cancelled"
90153,"2026-08-29",8350,2014,"PO-2026-90153",117,8121.96,950269.32,"Pending","Received"
90154,"2026-08-25",8056,2005,"PO-2026-90154",195,11697.74,2281059.30,"Paid","Approved"
90155,"2026-01-25",8227,2003,"PO-2026-90155",193,1507.84,291013.12,"Paid","Cancelled"
90156,"2026-05-29",8053,2008,"PO-2026-90156",108,2066.93,223228.44,"Paid","Received"
90157,"2026-06-16",8176,2014,"PO-2026-90157",420,7185.90,3018078.00,"Pending","Approved"
90158,"2026-04-26",8385,2015,"PO-2026-90158",447,10482.36,4685614.92,"Partially Paid","Approved"
90159,"2026-06-16",8355,2009,"PO-2026-90159",438,4295.33,1881354.54,"Paid","Cancelled"
90160,"2026-03-11",8057,2004,"PO-2026-90160",219,823.05,180247.95,"Paid","Approved"
90161,"2026-03-17",8483,2015,"PO-2026-90161",180,12256.71,2206207.80,"Paid","Cancelled"
90162,"2026-03-14",8240,2009,"PO-2026-90162",342,3386.25,1158097.50,"Paid","Approved"
90163,"2026-07-29",8436,2014,"PO-2026-90163",235,9303.82,2186397.70,"Pending","Received"
90164,"2026-06-20",8155,2009,"PO-2026-90164",151,3819.50,576744.50,"Paid","Approved"
90165,"2026-02-03",8194,2003,"PO-2026-90165",237,1738.68,412067.16,"Paid","Approved"
90166,"2026-01-25",8223,2009,"PO-2026-90166",37,3946.80,146031.60,"Partially Paid","Approved"
90167,"2026-03-27",8385,2003,"PO-2026-90167",239,1668.94,398876.66,"Pending","Received"
90168,"2026-08-19",8063,2005,"PO-2026-90168",189,12708.13,2401836.57,"Paid","Pending"
90169,"2026-04-23",8034,2008,"PO-2026-90169",162,2355.51,381592.62,"Paid","Cancelled"
90170,"2026-02-19",8142,2001,"PO-2026-90170",222,44691.84,9921588.48,"Pending","Approved"
90171,"2026-08-02",8350,2012,"PO-2026-90171",260,4528.94,1177524.40,"Pending","Approved"
90172,"2026-03-26",8178,2008,"PO-2026-90172",458,2420.20,1108451.60,"Pending","Approved"
90173,"2026-07-27",8173,2004,"PO-2026-90173",245,940.53,230429.85,"Paid","Received"
90174,"2026-05-25",8160,2014,"PO-2026-90174",243,7482.83,1818327.69,"Partially Paid","Cancelled"
90175,"2026-06-08",8333,2009,"PO-2026-90175",439,4674.15,2051951.85,"Paid","Approved"
90176,"2026-02-11",8445,2015,"PO-2026-90176",180,12055.34,2169961.20,"Paid","Received"
90177,"2026-01-07",8230,2003,"PO-2026-90177",500,1875.65,937825.00,"Partially Paid","Received"
90178,"2026-06-16",8099,2007,"PO-2026-90178",337,29559.51,9961554.87,"Paid","Cancelled"
90179,"2026-03-07",8476,2008,"PO-2026-90179",457,1958.01,894810.57,"Partially Paid","Approved"
90180,"2026-03-28",8352,2009,"PO-2026-90180",461,4042.05,1863385.05,"Partially Paid","Received"
90181,"2026-02-05",8435,2003,"PO-2026-90181",103,1775.84,182911.52,"Paid","Approved"
90182,"2026-01-09",8077,2012,"PO-2026-90182",166,4371.25,725627.50,"Paid","Received"
90183,"2026-02-04",8348,2015,"PO-2026-90183",34,9675.87,328979.58,"Partially Paid","Approved"
90184,"2026-05-22",8432,2005,"PO-2026-90184",200,12822.47,2564494.00,"Paid","Received"
90185,"2026-08-02",8050,2001,"PO-2026-90185",416,42146.49,17532939.84,"Pending","Pending"
90186,"2026-03-03",8213,2009,"PO-2026-90186",111,3918.94,435002.34,"Pending","Approved"
90187,"2026-04-15",8375,2014,"PO-2026-90187",183,8572.10,1568694.30,"Pending","Cancelled"
90188,"2026-01-19",8356,2010,"PO-2026-90188",305,2860.45,872437.25,"Pending","Approved"
90189,"2026-08-03",8159,2004,"PO-2026-90189",373,848.68,316557.64,"Pending","Received"
90190,"2026-07-05",8306,2006,"PO-2026-90190",136,21095.31,2868962.16,"Partially Paid","Pending"
90191,"2026-05-08",8298,2004,"PO-2026-90191",261,905.43,236317.23,"Pending","Approved"
90192,"2026-05-19",8279,2004,"PO-2026-90192",55,810.94,44601.70,"Partially Paid","Approved"
90193,"2026-04-12",8417,2007,"PO-2026-90193",214,26203.96,5607647.44,"Pending","Approved"
90194,"2026-07-22",8042,2009,"PO-2026-90194",424,3421.83,1450855.92,"Paid","Received"
90195,"2026-03-08",8089,2012,"PO-2026-90195",67,5009.67,335647.89,"Pending","Cancelled"
90196,"2026-07-23",8183,2008,"PO-2026-90196",243,1879.27,456662.61,"Pending","Cancelled"
90197,"2026-01-30",8346,2002,"PO-2026-90197",483,14285.60,6899944.80,"Pending","Approved"
90198,"2026-08-12",8253,2007,"PO-2026-90198",200,30172.78,6034556.00,"Partially Paid","Received"
90199,"2026-01-25",8248,2003,"PO-2026-90199",485,1888.48,915912.80,"Pending","Cancelled"
90200,"2026-08-17",8116,2001,"PO-2026-90200",244,47131.68,11500129.92,"Pending","Approved"
90201,"2026-02-21",8188,2009,"PO-2026-90201",137,3726.95,510592.15,"Partially Paid","Approved"
90202,"2026-07-30",8342,2010,"PO-2026-90202",120,2612.19,313462.80,"Pending","Pending"
90203,"2026-08-05",8273,2006,"PO-2026-90203",65,18708.73,1216067.45,"Paid","Approved"
90204,"2026-06-30",8305,2015,"PO-2026-90204",119,12045.17,1433375.23,"Pending","Pending"
90205,"2026-04-13",8230,2001,"PO-2026-90205",185,50614.93,9363762.05,"Partially Paid","Received"
90206,"2026-06-21",8140,2013,"PO-2026-90206",231,21703.54,5013517.74,"Paid","Approved"
90207,"2026-07-18",8160,2015,"PO-2026-90207",162,9929.67,1608606.54,"Partially Paid","Pending"
90208,"2026-07-24",8375,2010,"PO-2026-90208",441,2769.08,1221164.28,"Paid","Cancelled"
90209,"2026-05-31",8435,2003,"PO-2026-90209",200,1713.01,342602.00,"Paid","Received"
90210,"2026-06-14",8490,2010,"PO-2026-90210",124,3288.72,407801.28,"Paid","Received"
90211,"2026-06-13",8025,2011,"PO-2026-90211",346,5186.14,1794404.44,"Paid","Approved"
90212,"2026-07-14",8353,2012,"PO-2026-90212",51,5571.12,284127.12,"Partially Paid","Pending"
90213,"2026-06-26",8399,2005,"PO-2026-90213",463,12472.46,5774748.98,"Partially Paid","Cancelled"
90214,"2026-04-22",8103,2014,"PO-2026-90214",279,9738.00,2716902.00,"Paid","Approved"
90215,"2026-04-28",8050,2002,"PO-2026-90215",282,11639.97,3282471.54,"Partially Paid","Cancelled"
90216,"2026-03-06",8281,2005,"PO-2026-90216",438,9804.90,4294546.20,"Paid","Pending"
90217,"2026-07-12",8343,2010,"PO-2026-90217",265,3304.39,875663.35,"Paid","Cancelled"
90218,"2026-07-03",8366,2013,"PO-2026-90218",249,26766.78,6664928.22,"Paid","Received"
90219,"2026-02-28",8237,2012,"PO-2026-90219",302,5317.62,1605921.24,"Pending","Approved"
90220,"2026-03-31",8034,2013,"PO-2026-90220",149,21648.86,3225680.14,"Pending","Cancelled"
90221,"2026-05-17",8063,2011,"PO-2026-90221",173,6155.44,1064891.12,"Paid","Pending"
90222,"2026-03-15",8068,2003,"PO-2026-90222",209,1393.14,291166.26,"Paid","Pending"
90223,"2026-03-21",8086,2001,"PO-2026-90223",161,47154.93,7591943.73,"Paid","Cancelled"
90224,"2026-06-24",8411,2006,"PO-2026-90224",446,22060.67,9839058.82,"Paid","Pending"
90225,"2026-01-08",8121,2009,"PO-2026-90225",69,3441.76,237481.44,"Pending","Pending"
90226,"2026-06-24",8285,2005,"PO-2026-90226",124,12782.55,1585036.20,"Paid","Approved"
90227,"2026-01-08",8476,2005,"PO-2026-90227",340,12631.12,4294580.80,"Paid","Received"
90228,"2026-04-13",8456,2001,"PO-2026-90228",437,53754.09,23490537.33,"Paid","Cancelled"
90229,"2026-06-10",8292,2006,"PO-2026-90229",142,20905.63,2968599.46,"Partially Paid","Approved"
90230,"2026-04-13",8334,2013,"PO-2026-90230",456,22914.96,10449221.76,"Pending","Approved"
90231,"2026-05-12",8224,2002,"PO-2026-90231",14,13741.23,192377.22,"Partially Paid","Approved"
90232,"2026-03-10",8378,2015,"PO-2026-90232",356,11786.52,4196001.12,"Pending","Pending"
90233,"2026-06-03",8344,2001,"PO-2026-90233",119,46566.25,5541383.75,"Paid","Pending"
90234,"2026-03-11",8082,2003,"PO-2026-90234",391,1702.69,665751.79,"Paid","Received"
90235,"2026-05-26",8273,2014,"PO-2026-90235",266,7922.72,2107443.52,"Partially Paid","Pending"
90236,"2026-06-09",8410,2011,"PO-2026-90236",50,5923.56,296178.00,"Partially Paid","Received"
90237,"2026-07-15",8039,2009,"PO-2026-90237",365,4633.44,1691205.60,"Paid","Approved"
90238,"2026-02-08",8018,2004,"PO-2026-90238",154,828.76,127629.04,"Pending","Cancelled"
90239,"2026-08-18",8022,2011,"PO-2026-90239",114,6351.55,724076.70,"Partially Paid","Approved"
90240,"2026-04-29",8201,2003,"PO-2026-90240",125,1530.40,191300.00,"Pending","Approved"
90241,"2026-04-08",8489,2002,"PO-2026-90241",66,12356.02,815497.32,"Partially Paid","Approved"
90242,"2026-07-01",8433,2006,"PO-2026-90242",250,17177.41,4294352.50,"Partially Paid","Approved"
90243,"2026-08-03",8376,2010,"PO-2026-90243",269,2668.98,717955.62,"Pending","Received"
90244,"2026-05-09",8027,2008,"PO-2026-90244",32,2428.84,77722.88,"Partially Paid","Received"
90245,"2026-04-16",8313,2002,"PO-2026-90245",146,12939.05,1889101.30,"Pending","Cancelled"
90246,"2026-03-04",8457,2013,"PO-2026-90246",415,25305.28,10501691.20,"Pending","Pending"
90247,"2026-07-04",8217,2001,"PO-2026-90247",72,48421.37,3486338.64,"Pending","Cancelled"
90248,"2026-08-24",8402,2013,"PO-2026-90248",221,24817.97,5484771.37,"Partially Paid","Cancelled"
90249,"2026-06-04",8158,2006,"PO-2026-90249",128,21339.88,2731504.64,"Partially Paid","Received"
90250,"2026-07-24",8117,2004,"PO-2026-90250",323,731.49,236271.27,"Partially Paid","Approved"
90251,"2026-08-12",8065,2010,"PO-2026-90251",302,2940.62,888067.24,"Partially Paid","Approved"
90252,"2026-03-05",8353,2013,"PO-2026-90252",287,28773.82,8258086.34,"Partially Paid","Approved"
90253,"2026-06-11",8329,2006,"PO-2026-90253",379,19393.31,7350064.49,"Pending","Approved"
90254,"2026-08-11",8443,2014,"PO-2026-90254",494,9234.08,4561635.52,"Partially Paid","Cancelled"
90255,"2026-02-21",8346,2008,"PO-2026-90255",387,2268.36,877855.32,"Paid","Pending"
90256,"2026-01-21",8165,2008,"PO-2026-90256",47,2287.38,107506.86,"Paid","Pending"
90257,"2026-03-14",8076,2007,"PO-2026-90257",410,25115.96,10297543.60,"Paid","Received"
90258,"2026-08-03",8194,2007,"PO-2026-90258",182,26903.79,4896489.78,"Pending","Pending"
90259,"2026-04-10",8386,2004,"PO-2026-90259",363,779.08,282806.04,"Paid","Pending"
90260,"2026-02-19",8059,2012,"PO-2026-90260",292,5511.12,1609247.04,"Paid","Cancelled"
90261,"2026-02-06",8453,2013,"PO-2026-90261",347,27811.65,9650642.55,"Paid","Approved"
90262,"2026-08-09",8387,2001,"PO-2026-90262",473,45938.71,21729009.83,"Paid","Approved"
90263,"2026-01-15",8498,2004,"PO-2026-90263",261,835.51,218068.11,"Paid","Approved"
90264,"2026-03-19",8481,2011,"PO-2026-90264",285,5744.65,1637225.25,"Paid","Pending"
90265,"2026-07-05",8090,2001,"PO-2026-90265",478,53733.86,25684785.08,"Paid","Approved"
90266,"2026-03-27",8292,2013,"PO-2026-90266",239,28001.52,6692363.28,"Paid","Pending"
90267,"2026-06-11",8306,2008,"PO-2026-90267",372,2427.49,903026.28,"Paid","Approved"
90268,"2026-02-15",8349,2010,"PO-2026-90268",76,2966.07,225421.32,"Paid","Cancelled"
90269,"2026-02-09",8108,2015,"PO-2026-90269",22,9244.54,203379.88,"Partially Paid","Approved"
90270,"2026-07-10",8452,2005,"PO-2026-90270",174,12687.74,2207666.76,"Pending","Approved"
90271,"2026-06-19",8474,2009,"PO-2026-90271",465,3809.50,1771417.50,"Partially Paid","Received"
90272,"2026-06-04",8042,2011,"PO-2026-90272",50,6679.15,333957.50,"Paid","Cancelled"
90273,"2026-02-09",8211,2009,"PO-2026-90273",78,3640.01,283920.78,"Partially Paid","Received"
90274,"2026-06-09",8396,2004,"PO-2026-90274",289,901.85,260634.65,"Partially Paid","Cancelled"
90275,"2026-02-27",8353,2002,"PO-2026-90275",132,13719.67,1810996.44,"Paid","Approved"
90276,"2026-08-29",8121,2004,"PO-2026-90276",297,728.38,216328.86,"Partially Paid","Pending"
90277,"2026-07-11",8484,2013,"PO-2026-90277",436,29161.24,12714300.64,"Partially Paid","Approved"
90278,"2026-03-18",8256,2012,"PO-2026-90278",492,4458.69,2193675.48,"Partially Paid","Approved"
90279,"2026-06-05",8462,2005,"PO-2026-90279",463,10743.01,4974013.63,"Partially Paid","Approved"
90280,"2026-08-20",8056,2011,"PO-2026-90280",378,5498.15,2078300.70,"Paid","Approved"
90281,"2026-01-03",8309,2007,"PO-2026-90281",368,33174.47,12208204.96,"Pending","Approved"
90282,"2026-07-24",8085,2015,"PO-2026-90282",416,11082.62,4610369.92,"Paid","Approved"
90283,"2026-07-10",8297,2010,"PO-2026-90283",261,3113.54,812633.94,"Pending","Cancelled"
90284,"2026-05-29",8022,2004,"PO-2026-90284",339,850.38,288278.82,"Paid","Approved"
90285,"2026-06-24",8353,2009,"PO-2026-90285",316,4446.12,1404973.92,"Paid","Approved"
90286,"2026-05-04",8409,2003,"PO-2026-90286",127,1429.88,181594.76,"Paid","Pending"
90287,"2026-03-18",8411,2012,"PO-2026-90287",235,5252.77,1234400.95,"Paid","Approved"
90288,"2026-06-09",8064,2015,"PO-2026-90288",399,10112.34,4034823.66,"Paid","Cancelled"
90289,"2026-05-18",8138,2004,"PO-2026-90289",167,880.65,147068.55,"Pending","Approved"
90290,"2026-03-28",8137,2004,"PO-2026-90290",258,753.73,194462.34,"Pending","Approved"
90291,"2026-07-26",8135,2008,"PO-2026-90291",266,2123.66,564893.56,"Partially Paid","Pending"
90292,"2026-01-12",8260,2003,"PO-2026-90292",120,1665.23,199827.60,"Paid","Approved"
90293,"2026-01-15",8468,2010,"PO-2026-90293",43,2759.22,118646.46,"Paid","Cancelled"
90294,"2026-08-10",8123,2002,"PO-2026-90294",15,12564.71,188470.65,"Partially Paid","Cancelled"
90295,"2026-06-30",8123,2013,"PO-2026-90295",99,28801.10,2851308.90,"Pending","Approved"
90296,"2026-01-08",8436,2011,"PO-2026-90296",392,6561.90,2572264.80,"Pending","Approved"
90297,"2026-03-31",8200,2001,"PO-2026-90297",174,51264.22,8919974.28,"Paid","Approved"
90298,"2026-01-15",8217,2015,"PO-2026-90298",202,11745.29,2372548.58,"Pending","Received"
90299,"2026-08-18",8407,2002,"PO-2026-90299",494,13716.74,6776069.56,"Partially Paid","Pending"
90300,"2026-08-02",8213,2011,"PO-2026-90300",481,5928.00,2851368.00,"Paid","Pending"
90301,"2026-08-26",8360,2007,"PO-2026-90301",334,29119.08,9725772.72,"Paid","Cancelled"
90302,"2026-04-17",8155,2003,"PO-2026-90302",380,1819.14,691273.20,"Paid","Cancelled"
90303,"2026-05-07",8322,2006,"PO-2026-90303",416,21182.18,8811786.88,"Paid","Approved"
90304,"2026-01-24",8025,2012,"PO-2026-90304",466,4886.96,2277323.36,"Paid","Cancelled"
90305,"2026-07-06",8326,2003,"PO-2026-90305",186,1847.28,343594.08,"Paid","Approved"
90306,"2026-01-13",8246,2007,"PO-2026-90306",186,24928.13,4636632.18,"Partially Paid","Cancelled"
90307,"2026-02-11",8061,2014,"PO-2026-90307",439,8051.28,3534511.92,"Pending","Approved"
90308,"2026-08-17",8014,2013,"PO-2026-90308",435,25242.13,10980326.55,"Paid","Received"
90309,"2026-06-05",8422,2015,"PO-2026-90309",223,12389.90,2762947.70,"Pending","Received"
90310,"2026-04-18",8023,2010,"PO-2026-90310",22,2758.46,60686.12,"Pending","Cancelled"
90311,"2026-07-09",8244,2006,"PO-2026-90311",346,23099.28,7992350.88,"Paid","Received"
90312,"2026-02-02",8246,2013,"PO-2026-90312",35,27381.47,958351.45,"Paid","Approved"
90313,"2026-08-16",8279,2009,"PO-2026-90313",434,3969.02,1722554.68,"Partially Paid","Received"
90314,"2026-08-26",8085,2003,"PO-2026-90314",207,1471.15,304528.05,"Pending","Received"
90315,"2026-01-30",8165,2004,"PO-2026-90315",128,858.26,109857.28,"Paid","Approved"
90316,"2026-06-24",8246,2015,"PO-2026-90316",47,9214.59,433085.73,"Partially Paid","Approved"
90317,"2026-01-08",8163,2003,"PO-2026-90317",132,1795.70,237032.40,"Paid","Approved"
90318,"2026-03-26",8224,2013,"PO-2026-90318",449,28225.56,12673276.44,"Paid","Pending"
90319,"2026-03-21",8427,2011,"PO-2026-90319",52,6321.18,328701.36,"Pending","Pending"
90320,"2026-08-18",8440,2001,"PO-2026-90320",467,49633.04,23178629.68,"Paid","Approved"
90321,"2026-05-10",8050,2007,"PO-2026-90321",446,24342.87,10856920.02,"Partially Paid","Approved"
90322,"2026-03-21",8113,2004,"PO-2026-90322",184,901.59,165892.56,"Pending","Cancelled"
90323,"2026-08-21",8362,2002,"PO-2026-90323",376,14635.65,5503004.40,"Paid","Received"
90324,"2026-07-31",8374,2006,"PO-2026-90324",350,18581.46,6503511.00,"Pending","Pending"
90325,"2026-06-10",8119,2005,"PO-2026-90325",380,10247.33,3893985.40,"Paid","Received"
90326,"2026-07-29",8023,2001,"PO-2026-90326",121,56106.87,6788931.27,"Pending","Cancelled"
90327,"2026-07-19",8340,2002,"PO-2026-90327",266,11782.32,3134097.12,"Pending","Approved"
90328,"2026-03-29",8065,2001,"PO-2026-90328",447,55655.44,24877981.68,"Paid","Received"
90329,"2026-08-03",8384,2009,"PO-2026-90329",349,3420.09,1193611.41,"Pending","Cancelled"
90330,"2026-01-17",8129,2010,"PO-2026-90330",345,3218.40,1110348.00,"Paid","Pending"
90331,"2026-08-28",8091,2004,"PO-2026-90331",131,732.71,95985.01,"Paid","Cancelled"
90332,"2026-04-08",8173,2012,"PO-2026-90332",450,5839.63,2627833.50,"Partially Paid","Cancelled"
90333,"2026-03-29",8081,2014,"PO-2026-90333",346,7293.98,2523717.08,"Paid","Approved"
90334,"2026-06-13",8279,2009,"PO-2026-90334",19,3880.19,73723.61,"Pending","Pending"
90335,"2026-07-29",8357,2011,"PO-2026-90335",355,5999.28,2129744.40,"Paid","Pending"
90336,"2026-06-02",8095,2006,"PO-2026-90336",43,17901.52,769765.36,"Pending","Pending"
90337,"2026-03-25",8190,2002,"PO-2026-90337",289,12099.92,3496876.88,"Paid","Received"
90338,"2026-04-22",8059,2002,"PO-2026-90338",332,12002.59,3984859.88,"Pending","Approved"
90339,"2026-07-06",8476,2008,"PO-2026-90339",311,2553.44,794119.84,"Paid","Received"
90340,"2026-01-05",8404,2001,"PO-2026-90340",240,54807.47,13153792.80,"Paid","Pending"
90341,"2026-06-11",8288,2001,"PO-2026-90341",61,53393.80,3257021.80,"Paid","Approved"
90342,"2026-08-07",8159,2015,"PO-2026-90342",235,11898.52,2796152.20,"Partially Paid","Approved"
90343,"2026-02-14",8334,2002,"PO-2026-90343",198,12867.30,2547725.40,"Paid","Cancelled"
90344,"2026-07-21",8104,2008,"PO-2026-90344",452,2570.04,1161658.08,"Paid","Pending"
90345,"2026-03-25",8423,2003,"PO-2026-90345",428,1881.54,805299.12,"Partially Paid","Approved"
90346,"2026-07-23",8131,2003,"PO-2026-90346",488,1706.86,832947.68,"Paid","Approved"
90347,"2026-01-09",8253,2003,"PO-2026-90347",170,1659.89,282181.30,"Pending","Cancelled"
90348,"2026-01-22",8328,2009,"PO-2026-90348",126,3838.94,483706.44,"Paid","Approved"
90349,"2026-02-07",8137,2009,"PO-2026-90349",252,4661.73,1174755.96,"Paid","Cancelled"
90350,"2026-06-01",8250,2008,"PO-2026-90350",200,2610.66,522132.00,"Pending","Approved"
90351,"2026-08-23",8288,2004,"PO-2026-90351",187,696.89,130318.43,"Paid","Approved"
90352,"2026-07-25",8326,2007,"PO-2026-90352",169,25739.97,4350054.93,"Pending","Cancelled"
90353,"2026-02-05",8153,2014,"PO-2026-90353",282,9145.95,2579157.90,"Paid","Pending"
90354,"2026-07-04",8143,2004,"PO-2026-90354",491,915.70,449608.70,"Pending","Pending"
90355,"2026-04-30",8249,2011,"PO-2026-90355",312,6688.44,2086793.28,"Partially Paid","Cancelled"
90356,"2026-07-21",8102,2014,"PO-2026-90356",426,9244.66,3938225.16,"Paid","Approved"
90357,"2026-03-30",8500,2006,"PO-2026-90357",434,17031.42,7391636.28,"Pending","Pending"
90358,"2026-01-02",8445,2013,"PO-2026-90358",138,27828.41,3840320.58,"Paid","Approved"
90359,"2026-01-03",8140,2005,"PO-2026-90359",122,10313.06,1258193.32,"Paid","Received"
90360,"2026-08-20",8425,2010,"PO-2026-90360",297,3281.08,974480.76,"Paid","Pending"
90361,"2026-05-13",8123,2008,"PO-2026-90361",159,2093.34,332841.06,"Partially Paid","Approved"
90362,"2026-01-29",8074,2005,"PO-2026-90362",332,12844.44,4264354.08,"Paid","Approved"
90363,"2026-01-06",8352,2001,"PO-2026-90363",289,43003.45,12427997.05,"Paid","Approved"
90364,"2026-06-05",8154,2002,"PO-2026-90364",45,11772.73,529772.85,"Paid","Pending"
90365,"2026-03-30",8406,2006,"PO-2026-90365",302,19590.08,5916204.16,"Partially Paid","Approved"
90366,"2026-01-19",8130,2014,"PO-2026-90366",223,9707.90,2164861.70,"Pending","Received"
90367,"2026-03-01",8475,2001,"PO-2026-90367",180,44769.04,8058427.20,"Pending","Pending"
90368,"2026-03-28",8264,2015,"PO-2026-90368",191,9075.79,1733475.89,"Paid","Approved"
90369,"2026-05-22",8286,2003,"PO-2026-90369",280,1693.01,474042.80,"Paid","Pending"
90370,"2026-01-21",8044,2004,"PO-2026-90370",495,798.44,395227.80,"Pending","Cancelled"
90371,"2026-05-18",8116,2014,"PO-2026-90371",405,7207.21,2918920.05,"Paid","Pending"
90372,"2026-02-01",8176,2005,"PO-2026-90372",204,10212.23,2083294.92,"Pending","Approved"
90373,"2026-05-17",8419,2005,"PO-2026-90373",232,12430.30,2883829.60,"Partially Paid","Approved"
90374,"2026-07-14",8398,2015,"PO-2026-90374",333,11571.25,3853226.25,"Partially Paid","Approved"
90375,"2026-01-14",8103,2004,"PO-2026-90375",500,908.90,454450.00,"Paid","Approved"
90376,"2026-07-12",8313,2003,"PO-2026-90376",256,1382.70,353971.20,"Pending","Approved"
90377,"2026-08-13",8356,2015,"PO-2026-90377",81,10716.89,868068.09,"Pending","Approved"
90378,"2026-02-10",8166,2007,"PO-2026-90378",190,27291.40,5185366.00,"Paid","Received"
90379,"2026-04-04",8121,2009,"PO-2026-90379",484,3442.92,1666373.28,"Paid","Approved"
90380,"2026-01-08",8332,2009,"PO-2026-90380",60,4055.90,243354.00,"Pending","Cancelled"
90381,"2026-07-06",8350,2001,"PO-2026-90381",428,46625.34,19955645.52,"Paid","Received"
90382,"2026-03-02",8091,2011,"PO-2026-90382",274,5892.83,1614635.42,"Partially Paid","Approved"
90383,"2026-05-05",8463,2011,"PO-2026-90383",406,6506.35,2641578.10,"Paid","Cancelled"
90384,"2026-05-27",8047,2005,"PO-2026-90384",346,10425.28,3607146.88,"Paid","Approved"
90385,"2026-07-31",8020,2014,"PO-2026-90385",83,7969.14,661438.62,"Partially Paid","Approved"
90386,"2026-08-15",8210,2002,"PO-2026-90386",379,12532.60,4749855.40,"Paid","Approved"
90387,"2026-02-25",8408,2006,"PO-2026-90387",143,19389.71,2772728.53,"Paid","Pending"
90388,"2026-01-16",8165,2003,"PO-2026-90388",451,1764.51,795794.01,"Pending","Pending"
90389,"2026-02-18",8462,2005,"PO-2026-90389",332,11435.25,3796503.00,"Pending","Approved"
90390,"2026-08-07",8233,2015,"PO-2026-90390",341,10272.60,3502956.60,"Paid","Cancelled"
90391,"2026-01-15",8290,2012,"PO-2026-90391",240,5942.52,1426204.80,"Paid","Approved"
90392,"2026-07-12",8453,2011,"PO-2026-90392",340,6687.27,2273671.80,"Paid","Cancelled"
90393,"2026-08-04",8273,2007,"PO-2026-90393",222,27462.11,6096588.42,"Pending","Approved"
90394,"2026-06-13",8263,2005,"PO-2026-90394",64,11600.35,742422.40,"Paid","Pending"
90395,"2026-03-13",8192,2006,"PO-2026-90395",346,19487.29,6742602.34,"Partially Paid","Received"
90396,"2026-08-08",8310,2015,"PO-2026-90396",307,11341.55,3481855.85,"Paid","Received"
90397,"2026-01-05",8117,2008,"PO-2026-90397",229,2528.01,578914.29,"Partially Paid","Approved"
90398,"2026-04-17",8192,2005,"PO-2026-90398",443,12278.13,5439211.59,"Paid","Pending"
90399,"2026-01-29",8125,2003,"PO-2026-90399",60,1507.69,90461.40,"Paid","Pending"
90400,"2026-01-16",8169,2011,"PO-2026-90400",452,4988.09,2254616.68,"Paid","Approved"
90401,"2026-03-07",8277,2003,"PO-2026-90401",404,1755.56,709246.24,"Partially Paid","Approved"
90402,"2026-02-08",8207,2004,"PO-2026-90402",43,688.42,29602.06,"Pending","Received"
90403,"2026-05-08",8150,2005,"PO-2026-90403",254,10365.76,2632903.04,"Paid","Pending"
90404,"2026-04-11",8074,2008,"PO-2026-90404",126,2119.30,267031.80,"Paid","Pending"
90405,"2026-01-05",8086,2009,"PO-2026-90405",136,3777.15,513692.40,"Partially Paid","Received"
90406,"2026-07-19",8430,2001,"PO-2026-90406",326,44745.40,14587000.40,"Paid","Received"
90407,"2026-08-21",8201,2010,"PO-2026-90407",363,3240.72,1176381.36,"Pending","Pending"
90408,"2026-07-26",8187,2013,"PO-2026-90408",316,28870.86,9123191.76,"Paid","Cancelled"
90409,"2026-07-01",8200,2013,"PO-2026-90409",453,23822.10,10791411.30,"Paid","Approved"
90410,"2026-07-09",8412,2006,"PO-2026-90410",159,17487.06,2780442.54,"Partially Paid","Approved"
90411,"2026-08-01",8489,2007,"PO-2026-90411",242,32114.18,7771631.56,"Paid","Pending"
90412,"2026-07-08",8221,2008,"PO-2026-90412",41,1942.36,79636.76,"Paid","Cancelled"
90413,"2026-01-24",8096,2007,"PO-2026-90413",208,28217.03,5869142.24,"Paid","Approved"
90414,"2026-06-29",8395,2012,"PO-2026-90414",339,5146.21,1744565.19,"Partially Paid","Received"
90415,"2026-05-31",8136,2005,"PO-2026-90415",425,9626.26,4091160.50,"Partially Paid","Pending"
90416,"2026-07-08",8175,2003,"PO-2026-90416",22,1764.74,38824.28,"Paid","Approved"
90417,"2026-04-24",8402,2012,"PO-2026-90417",412,5023.92,2069855.04,"Partially Paid","Cancelled"
90418,"2026-01-26",8205,2012,"PO-2026-90418",232,4589.49,1064761.68,"Paid","Received"
90419,"2026-03-04",8026,2010,"PO-2026-90419",219,3032.17,664045.23,"Partially Paid","Approved"
90420,"2026-01-10",8486,2001,"PO-2026-90420",248,50976.88,12642266.24,"Paid","Approved"
90421,"2026-07-01",8373,2004,"PO-2026-90421",337,883.27,297661.99,"Paid","Pending"
90422,"2026-05-09",8322,2008,"PO-2026-90422",396,2028.41,803250.36,"Pending","Pending"
90423,"2026-02-26",8258,2010,"PO-2026-90423",104,2471.28,257013.12,"Partially Paid","Cancelled"
90424,"2026-08-18",8073,2013,"PO-2026-90424",62,27231.15,1688331.30,"Partially Paid","Cancelled"
90425,"2026-05-15",8379,2008,"PO-2026-90425",234,2039.91,477338.94,"Paid","Approved"
90426,"2026-04-01",8327,2014,"PO-2026-90426",361,9395.65,3391829.65,"Partially Paid","Approved"
90427,"2026-03-18",8268,2005,"PO-2026-90427",409,12749.27,5214451.43,"Pending","Approved"
90428,"2026-01-10",8347,2010,"PO-2026-90428",160,2830.42,452867.20,"Pending","Pending"
90429,"2026-07-13",8084,2011,"PO-2026-90429",400,6572.56,2629024.00,"Paid","Pending"
90430,"2026-07-18",8199,2015,"PO-2026-90430",444,11343.46,5036496.24,"Partially Paid","Approved"
90431,"2026-08-21",8484,2012,"PO-2026-90431",369,6037.84,2227962.96,"Paid","Cancelled"
90432,"2026-04-24",8292,2010,"PO-2026-90432",464,3243.96,1505197.44,"Partially Paid","Cancelled"
90433,"2026-08-14",8452,2007,"PO-2026-90433",128,30215.06,3867527.68,"Partially Paid","Pending"
90434,"2026-04-26",8193,2014,"PO-2026-90434",228,7782.41,1774389.48,"Partially Paid","Approved"
90435,"2026-08-10",8207,2006,"PO-2026-90435",75,19635.74,1472680.50,"Paid","Approved"
90436,"2026-07-22",8006,2013,"PO-2026-90436",241,24034.46,5792304.86,"Pending","Approved"
90437,"2026-06-16",8101,2009,"PO-2026-90437",151,3529.23,532913.73,"Paid","Cancelled"
90438,"2026-05-27",8163,2001,"PO-2026-90438",60,42344.48,2540668.80,"Paid","Cancelled"
90439,"2026-06-15",8458,2003,"PO-2026-90439",12,1787.70,21452.40,"Partially Paid","Cancelled"
90440,"2026-01-04",8472,2008,"PO-2026-90440",257,2514.38,646195.66,"Partially Paid","Approved"
90441,"2026-08-23",8362,2009,"PO-2026-90441",99,3879.46,384066.54,"Paid","Pending"
90442,"2026-04-20",8283,2005,"PO-2026-90442",30,12703.31,381099.30,"Paid","Approved"
90443,"2026-08-16",8088,2015,"PO-2026-90443",297,9094.07,2700938.79,"Paid","Received"
90444,"2026-03-17",8498,2014,"PO-2026-90444",208,8359.40,1738755.20,"Partially Paid","Received"
90445,"2026-01-24",8288,2008,"PO-2026-90445",367,2495.69,915918.23,"Partially Paid","Pending"
90446,"2026-04-15",8499,2003,"PO-2026-90446",444,1567.85,696125.40,"Partially Paid","Approved"
90447,"2026-03-18",8272,2015,"PO-2026-90447",121,10960.16,1326179.36,"Paid","Approved"
90448,"2026-07-13",8497,2010,"PO-2026-90448",99,2589.81,256391.19,"Pending","Approved"
90449,"2026-06-09",8397,2010,"PO-2026-90449",374,2513.67,940112.58,"Partially Paid","Cancelled"
90450,"2026-01-20",8295,2008,"PO-2026-90450",217,2449.66,531576.22,"Pending","Pending"
90451,"2026-04-24",8108,2015,"PO-2026-90451",161,9602.94,1546073.34,"Pending","Cancelled"
90452,"2026-05-22",8350,2005,"PO-2026-90452",497,9582.31,4762408.07,"Partially Paid","Approved"
90453,"2026-07-04",8240,2014,"PO-2026-90453",485,8042.53,3900627.05,"Paid","Approved"
90454,"2026-07-12",8435,2010,"PO-2026-90454",78,2816.01,219648.78,"Partially Paid","Received"
90455,"2026-07-26",8236,2003,"PO-2026-90455",310,1863.24,577604.40,"Pending","Pending"
90456,"2026-01-29",8040,2009,"PO-2026-90456",319,4510.26,1438772.94,"Partially Paid","Pending"
90457,"2026-05-19",8366,2001,"PO-2026-90457",260,45083.00,11721580.00,"Paid","Approved"
90458,"2026-01-08",8292,2015,"PO-2026-90458",50,12303.42,615171.00,"Partially Paid","Pending"
90459,"2026-04-13",8027,2007,"PO-2026-90459",492,30418.08,14965695.36,"Paid","Approved"
90460,"2026-01-04",8353,2001,"PO-2026-90460",341,56422.25,19239987.25,"Partially Paid","Received"
90461,"2026-07-17",8070,2003,"PO-2026-90461",121,1626.28,196779.88,"Paid","Received"
90462,"2026-03-23",8160,2003,"PO-2026-90462",82,1365.99,112011.18,"Paid","Approved"
90463,"2026-03-08",8096,2006,"PO-2026-90463",345,21146.60,7295577.00,"Paid","Approved"
90464,"2026-07-09",8185,2015,"PO-2026-90464",467,9083.48,4241985.16,"Pending","Approved"
90465,"2026-05-28",8097,2005,"PO-2026-90465",64,9673.95,619132.80,"Partially Paid","Received"
90466,"2026-03-08",8161,2006,"PO-2026-90466",91,18673.66,1699303.06,"Paid","Pending"
90467,"2026-07-18",8315,2007,"PO-2026-90467",173,27990.91,4842427.43,"Paid","Pending"
90468,"2026-03-19",8014,2014,"PO-2026-90468",318,9803.97,3117662.46,"Paid","Pending"
90469,"2026-02-07",8247,2009,"PO-2026-90469",484,4206.51,2035950.84,"Pending","Pending"
90470,"2026-02-09",8099,2001,"PO-2026-90470",383,52199.32,19992339.56,"Paid","Received"
90471,"2026-06-27",8052,2004,"PO-2026-90471",447,677.71,302936.37,"Pending","Approved"
90472,"2026-07-27",8188,2003,"PO-2026-90472",271,1620.22,439079.62,"Pending","Pending"
90473,"2026-01-11",8011,2010,"PO-2026-90473",347,2959.66,1027002.02,"Partially Paid","Cancelled"
90474,"2026-05-28",8283,2012,"PO-2026-90474",389,5302.07,2062505.23,"Paid","Approved"
90475,"2026-07-21",8133,2014,"PO-2026-90475",251,7328.67,1839496.17,"Pending","Cancelled"
90476,"2026-01-16",8115,2008,"PO-2026-90476",59,2367.65,139691.35,"Partially Paid","Received"
90477,"2026-04-19",8449,2009,"PO-2026-90477",499,4204.43,2098010.57,"Partially Paid","Cancelled"
90478,"2026-08-19",8276,2009,"PO-2026-90478",249,4069.91,1013407.59,"Paid","Approved"
90479,"2026-06-03",8236,2002,"PO-2026-90479",82,14150.04,1160303.28,"Partially Paid","Cancelled"
90480,"2026-07-21",8344,2001,"PO-2026-90480",182,44403.15,8081373.30,"Partially Paid","Received"
90481,"2026-01-20",8427,2012,"PO-2026-90481",364,5232.29,1904553.56,"Pending","Approved"
90482,"2026-07-06",8429,2013,"PO-2026-90482",138,29070.90,4011784.20,"Partially Paid","Approved"
90483,"2026-02-28",8375,2010,"PO-2026-90483",390,3265.99,1273736.10,"Partially Paid","Approved"
90484,"2026-03-01",8130,2009,"PO-2026-90484",11,4545.67,50002.37,"Paid","Received"
90485,"2026-06-20",8465,2014,"PO-2026-90485",109,7595.21,827877.89,"Partially Paid","Cancelled"
90486,"2026-08-16",8402,2005,"PO-2026-90486",335,10503.00,3518505.00,"Paid","Received"
90487,"2026-07-16",8073,2003,"PO-2026-90487",492,1460.83,718728.36,"Paid","Approved"
90488,"2026-08-17",8199,2012,"PO-2026-90488",455,5538.48,2520008.40,"Pending","Cancelled"
90489,"2026-04-07",8098,2003,"PO-2026-90489",366,1840.34,673564.44,"Paid","Received"
90490,"2026-05-24",8118,2008,"PO-2026-90490",278,1925.23,535213.94,"Pending","Approved"
90491,"2026-08-18",8225,2002,"PO-2026-90491",42,15296.29,642444.18,"Pending","Pending"
90492,"2026-04-30",8113,2006,"PO-2026-90492",449,22424.77,10068721.73,"Paid","Received"
90493,"2026-01-22",8171,2012,"PO-2026-90493",331,4785.54,1584013.74,"Partially Paid","Approved"
90494,"2026-04-27",8091,2015,"PO-2026-90494",107,12112.35,1296021.45,"Pending","Approved"
90495,"2026-02-08",8294,2002,"PO-2026-90495",383,13865.38,5310440.54,"Paid","Received"
90496,"2026-05-02",8059,2013,"PO-2026-90496",366,26882.33,9838932.78,"Partially Paid","Received"
90497,"2026-01-13",8105,2004,"PO-2026-90497",177,846.90,149901.30,"Paid","Approved"
90498,"2026-07-16",8139,2006,"PO-2026-90498",475,19031.55,9039986.25,"Paid","Pending"
90499,"2026-02-09",8201,2008,"PO-2026-90499",117,2078.27,243157.59,"Partially Paid","Received"
90500,"2026-03-09",8094,2002,"PO-2026-90500",126,15701.16,1978346.16,"Partially Paid","Approved"
90501,"2026-07-03",8440,2012,"PO-2026-90501",12,5938.12,71257.44,"Paid","Received"
90502,"2026-08-26",8485,2001,"PO-2026-90502",476,57636.42,27434935.92,"Paid","Approved"
90503,"2026-06-07",8078,2009,"PO-2026-90503",113,3435.51,388212.63,"Paid","Approved"
90504,"2026-07-15",8016,2004,"PO-2026-90504",115,912.18,104900.70,"Pending","Received"
90505,"2026-07-21",8264,2012,"PO-2026-90505",31,4726.85,146532.35,"Partially Paid","Approved"
90506,"2026-05-08",8018,2003,"PO-2026-90506",327,1511.31,494198.37,"Partially Paid","Approved"
90507,"2026-05-09",8172,2008,"PO-2026-90507",106,2453.66,260087.96,"Paid","Approved"
90508,"2026-05-27",8227,2006,"PO-2026-90508",433,17271.11,7478390.63,"Paid","Cancelled"
90509,"2026-07-07",8256,2006,"PO-2026-90509",180,20082.29,3614812.20,"Paid","Approved"
90510,"2026-04-08",8484,2015,"PO-2026-90510",457,9142.58,4178159.06,"Paid","Pending"
90511,"2026-05-12",8368,2007,"PO-2026-90511",110,33308.16,3663897.60,"Pending","Cancelled"
90512,"2026-08-26",8450,2008,"PO-2026-90512",427,2189.40,934873.80,"Pending","Pending"
90513,"2026-08-23",8431,2012,"PO-2026-90513",58,4581.94,265752.52,"Paid","Pending"
90514,"2026-06-05",8163,2014,"PO-2026-90514",467,8118.52,3791348.84,"Paid","Approved"
90515,"2026-01-27",8389,2001,"PO-2026-90515",366,54832.20,20068585.20,"Pending","Approved"
90516,"2026-01-21",8196,2007,"PO-2026-90516",448,25055.23,11224743.04,"Partially Paid","Pending"
90517,"2026-07-03",8228,2009,"PO-2026-90517",360,3830.54,1378994.40,"Paid","Approved"
90518,"2026-03-10",8425,2002,"PO-2026-90518",68,15738.22,1070198.96,"Paid","Cancelled"
90519,"2026-02-07",8267,2011,"PO-2026-90519",284,6210.11,1763671.24,"Paid","Approved"
90520,"2026-03-11",8323,2003,"PO-2026-90520",445,1464.71,651795.95,"Pending","Approved"
90521,"2026-03-06",8353,2008,"PO-2026-90521",327,2175.27,711313.29,"Pending","Received"
90522,"2026-04-01",8166,2001,"PO-2026-90522",422,49520.35,20897587.70,"Pending","Cancelled"
90523,"2026-05-13",8439,2015,"PO-2026-90523",181,11162.23,2020363.63,"Paid","Pending"
90524,"2026-05-27",8402,2001,"PO-2026-90524",166,45215.08,7505703.28,"Partially Paid","Cancelled"
90525,"2026-05-16",8148,2009,"PO-2026-90525",320,4156.00,1329920.00,"Pending","Received"
90526,"2026-08-05",8404,2001,"PO-2026-90526",212,41889.80,8880637.60,"Partially Paid","Cancelled"
90527,"2026-07-13",8188,2015,"PO-2026-90527",27,11055.91,298509.57,"Pending","Approved"
90528,"2026-03-30",8500,2011,"PO-2026-90528",339,5133.86,1740378.54,"Paid","Approved"
90529,"2026-08-23",8239,2001,"PO-2026-90529",417,53977.64,22508675.88,"Partially Paid","Approved"
90530,"2026-01-14",8451,2009,"PO-2026-90530",499,4584.45,2287640.55,"Paid","Received"
90531,"2026-02-28",8113,2001,"PO-2026-90531",93,57250.43,5324289.99,"Paid","Approved"
90532,"2026-04-10",8032,2013,"PO-2026-90532",474,24905.46,11805188.04,"Pending","Approved"
90533,"2026-05-25",8120,2008,"PO-2026-90533",306,1977.53,605124.18,"Pending","Approved"
90534,"2026-06-30",8357,2013,"PO-2026-90534",83,28867.58,2396009.14,"Partially Paid","Cancelled"
90535,"2026-06-11",8192,2002,"PO-2026-90535",413,12259.60,5063214.80,"Paid","Approved"
90536,"2026-02-05",8288,2012,"PO-2026-90536",193,5254.91,1014197.63,"Pending","Approved"
90537,"2026-03-19",8249,2013,"PO-2026-90537",50,24548.47,1227423.50,"Pending","Approved"
90538,"2026-02-05",8058,2002,"PO-2026-90538",75,14272.79,1070459.25,"Paid","Received"
90539,"2026-03-19",8472,2011,"PO-2026-90539",149,5479.57,816455.93,"Pending","Approved"
90540,"2026-02-07",8358,2011,"PO-2026-90540",162,6350.13,1028721.06,"Paid","Approved"
90541,"2026-06-23",8274,2012,"PO-2026-90541",46,5026.64,231225.44,"Paid","Approved"
90542,"2026-05-07",8249,2002,"PO-2026-90542",136,15255.11,2074694.96,"Partially Paid","Approved"
90543,"2026-01-04",8482,2010,"PO-2026-90543",334,3005.50,1003837.00,"Paid","Received"
90544,"2026-06-12",8098,2013,"PO-2026-90544",211,21087.43,4449447.73,"Partially Paid","Approved"
90545,"2026-01-15",8092,2005,"PO-2026-90545",30,10287.49,308624.70,"Pending","Approved"
90546,"2026-03-14",8082,2005,"PO-2026-90546",483,9451.88,4565258.04,"Paid","Pending"
90547,"2026-05-23",8363,2006,"PO-2026-90547",498,19303.32,9613053.36,"Paid","Received"
90548,"2026-02-21",8187,2007,"PO-2026-90548",45,26629.39,1198322.55,"Paid","Approved"
90549,"2026-02-10",8043,2010,"PO-2026-90549",18,2641.21,47541.78,"Paid","Cancelled"
90550,"2026-04-22",8235,2009,"PO-2026-90550",456,3948.54,1800534.24,"Partially Paid","Received"
90551,"2026-04-09",8496,2005,"PO-2026-90551",214,12732.43,2724740.02,"Paid","Pending"
90552,"2026-03-03",8018,2004,"PO-2026-90552",400,944.63,377852.00,"Pending","Cancelled"
90553,"2026-07-10",8182,2002,"PO-2026-90553",218,13533.32,2950263.76,"Paid","Approved"
90554,"2026-08-15",8306,2010,"PO-2026-90554",470,2955.52,1389094.40,"Paid","Cancelled"
90555,"2026-05-01",8156,2014,"PO-2026-90555",27,7316.64,197549.28,"Partially Paid","Approved"
90556,"2026-08-26",8030,2009,"PO-2026-90556",250,4566.73,1141682.50,"Paid","Pending"
90557,"2026-06-28",8067,2014,"PO-2026-90557",126,9661.52,1217351.52,"Pending","Pending"
90558,"2026-04-29",8157,2009,"PO-2026-90558",409,3687.14,1508040.26,"Partially Paid","Received"
90559,"2026-02-10",8415,2006,"PO-2026-90559",405,16690.17,6759518.85,"Paid","Approved"
90560,"2026-02-06",8320,2013,"PO-2026-90560",145,26312.05,3815247.25,"Partially Paid","Cancelled"
90561,"2026-04-21",8499,2014,"PO-2026-90561",330,9184.16,3030772.80,"Partially Paid","Pending"
90562,"2026-02-24",8131,2003,"PO-2026-90562",137,1615.72,221353.64,"Paid","Cancelled"
90563,"2026-02-12",8071,2011,"PO-2026-90563",54,5356.56,289254.24,"Pending","Approved"
90564,"2026-08-26",8351,2007,"PO-2026-90564",46,28963.38,1332315.48,"Pending","Pending"
90565,"2026-01-06",8467,2006,"PO-2026-90565",212,20384.03,4321414.36,"Paid","Pending"
90566,"2026-03-06",8188,2015,"PO-2026-90566",199,9097.16,1810334.84,"Partially Paid","Cancelled"
90567,"2026-04-02",8043,2011,"PO-2026-90567",278,5202.43,1446275.54,"Partially Paid","Cancelled"
90568,"2026-01-25",8322,2004,"PO-2026-90568",151,936.01,141337.51,"Paid","Approved"
90569,"2026-07-15",8095,2006,"PO-2026-90569",296,22643.08,6702351.68,"Pending","Pending"
90570,"2026-02-13",8244,2002,"PO-2026-90570",316,13241.00,4184156.00,"Partially Paid","Approved"
90571,"2026-03-18",8076,2012,"PO-2026-90571",162,4451.43,721131.66,"Pending","Approved"
90572,"2026-03-15",8162,2003,"PO-2026-90572",364,1715.74,624529.36,"Partially Paid","Approved"
90573,"2026-04-19",8132,2002,"PO-2026-90573",455,13028.10,5927785.50,"Partially Paid","Received"
90574,"2026-03-05",8225,2001,"PO-2026-90574",459,53116.18,24380326.62,"Paid","Received"
90575,"2026-04-29",8498,2015,"PO-2026-90575",211,12215.40,2577449.40,"Paid","Received"
90576,"2026-07-18",8112,2012,"PO-2026-90576",121,4474.88,541460.48,"Partially Paid","Cancelled"
90577,"2026-02-23",8195,2008,"PO-2026-90577",155,2233.31,346163.05,"Paid","Pending"
90578,"2026-05-01",8095,2012,"PO-2026-90578",256,5935.13,1519393.28,"Pending","Approved"
90579,"2026-08-18",8160,2005,"PO-2026-90579",96,11185.06,1073765.76,"Paid","Approved"
90580,"2026-08-05",8212,2009,"PO-2026-90580",351,4038.62,1417555.62,"Paid","Approved"
90581,"2026-07-13",8500,2012,"PO-2026-90581",268,4601.64,1233239.52,"Paid","Approved"
90582,"2026-03-13",8444,2014,"PO-2026-90582",375,8787.18,3295192.50,"Partially Paid","Pending"
90583,"2026-06-05",8338,2010,"PO-2026-90583",317,3210.10,1017601.70,"Paid","Cancelled"
90584,"2026-03-21",8362,2012,"PO-2026-90584",447,4414.70,1973370.90,"Paid","Approved"
90585,"2026-08-05",8047,2008,"PO-2026-90585",187,2176.27,406962.49,"Paid","Received"
90586,"2026-08-22",8427,2001,"PO-2026-90586",296,48268.93,14287603.28,"Paid","Approved"
90587,"2026-03-24",8258,2013,"PO-2026-90587",276,28868.92,7967821.92,"Pending","Cancelled"
90588,"2026-01-19",8142,2001,"PO-2026-90588",203,55288.17,11223498.51,"Partially Paid","Approved"
90589,"2026-08-29",8316,2007,"PO-2026-90589",187,32793.75,6132431.25,"Paid","Cancelled"
90590,"2026-07-09",8477,2007,"PO-2026-90590",466,27042.55,12601828.30,"Paid","Approved"
90591,"2026-03-28",8066,2005,"PO-2026-90591",66,10705.62,706570.92,"Paid","Pending"
90592,"2026-05-09",8238,2007,"PO-2026-90592",460,31209.08,14356176.80,"Partially Paid","Approved"
90593,"2026-01-30",8071,2007,"PO-2026-90593",494,29580.10,14612569.40,"Paid","Approved"
90594,"2026-06-19",8252,2004,"PO-2026-90594",108,777.68,83989.44,"Paid","Pending"
90595,"2026-04-06",8037,2013,"PO-2026-90595",134,26658.31,3572213.54,"Paid","Pending"
90596,"2026-05-19",8354,2010,"PO-2026-90596",179,3307.43,592029.97,"Paid","Approved"
90597,"2026-03-25",8333,2005,"PO-2026-90597",451,10221.97,4610108.47,"Paid","Approved"
90598,"2026-05-31",8410,2001,"PO-2026-90598",169,47179.97,7973414.93,"Partially Paid","Approved"
90599,"2026-07-01",8476,2009,"PO-2026-90599",191,4507.55,860942.05,"Pending","Approved"
90600,"2026-03-16",8436,2014,"PO-2026-90600",449,7261.87,3260579.63,"Paid","Approved"
90601,"2026-03-13",8383,2014,"PO-2026-90601",171,9373.45,1602859.95,"Paid","Pending"
90602,"2026-06-14",8192,2007,"PO-2026-90602",401,27911.30,11192431.30,"Paid","Cancelled"
90603,"2026-03-22",8109,2010,"PO-2026-90603",90,3015.67,271410.30,"Paid","Received"
90604,"2026-05-15",8080,2011,"PO-2026-90604",271,5355.03,1451213.13,"Pending","Pending"
90605,"2026-01-15",8278,2003,"PO-2026-90605",66,1407.95,92924.70,"Partially Paid","Pending"
90606,"2026-06-20",8276,2014,"PO-2026-90606",32,7583.02,242656.64,"Paid","Cancelled"
90607,"2026-08-13",8260,2014,"PO-2026-90607",57,7858.33,447924.81,"Partially Paid","Received"
90608,"2026-08-16",8339,2007,"PO-2026-90608",450,30308.34,13638753.00,"Paid","Pending"
90609,"2026-05-22",8464,2002,"PO-2026-90609",498,14694.35,7317786.30,"Pending","Received"
90610,"2026-06-22",8495,2013,"PO-2026-90610",292,26868.95,7845733.40,"Partially Paid","Approved"
90611,"2026-07-09",8286,2013,"PO-2026-90611",45,23653.82,1064421.90,"Paid","Approved"
90612,"2026-04-07",8396,2007,"PO-2026-90612",400,30137.62,12055048.00,"Pending","Received"
90613,"2026-06-01",8145,2004,"PO-2026-90613",154,800.91,123340.14,"Paid","Approved"
90614,"2026-03-01",8483,2005,"PO-2026-90614",339,9906.40,3358269.60,"Partially Paid","Cancelled"
90615,"2026-07-11",8411,2013,"PO-2026-90615",147,27823.08,4089992.76,"Partially Paid","Pending"
90616,"2026-07-07",8169,2014,"PO-2026-90616",43,7435.46,319724.78,"Pending","Pending"
90617,"2026-05-24",8472,2011,"PO-2026-90617",49,6618.28,324295.72,"Paid","Cancelled"
90618,"2026-04-09",8225,2005,"PO-2026-90618",353,9590.76,3385538.28,"Partially Paid","Pending"
90619,"2026-04-17",8498,2001,"PO-2026-90619",400,54004.39,21601756.00,"Paid","Pending"
90620,"2026-08-27",8319,2009,"PO-2026-90620",90,4287.68,385891.20,"Partially Paid","Approved"
90621,"2026-08-10",8242,2014,"PO-2026-90621",155,9259.65,1435245.75,"Paid","Approved"
90622,"2026-04-26",8015,2005,"PO-2026-90622",481,11404.58,5485602.98,"Paid","Pending"
90623,"2026-06-03",8069,2008,"PO-2026-90623",384,2409.47,925236.48,"Partially Paid","Approved"
90624,"2026-01-04",8315,2002,"PO-2026-90624",431,13893.37,5988042.47,"Partially Paid","Cancelled"
90625,"2026-07-22",8431,2014,"PO-2026-90625",309,7993.63,2470031.67,"Pending","Approved"
90626,"2026-01-28",8335,2008,"PO-2026-90626",159,2531.06,402438.54,"Partially Paid","Received"
90627,"2026-05-23",8275,2010,"PO-2026-90627",476,3065.00,1458940.00,"Pending","Approved"
90628,"2026-07-25",8424,2009,"PO-2026-90628",226,4133.75,934227.50,"Pending","Approved"
90629,"2026-06-26",8452,2009,"PO-2026-90629",21,4276.58,89808.18,"Pending","Approved"
90630,"2026-07-31",8295,2005,"PO-2026-90630",201,11123.46,2235815.46,"Pending","Received"
90631,"2026-07-08",8407,2013,"PO-2026-90631",450,27062.46,12178107.00,"Partially Paid","Approved"
90632,"2026-05-22",8218,2014,"PO-2026-90632",43,8100.62,348326.66,"Partially Paid","Cancelled"
90633,"2026-08-29",8272,2010,"PO-2026-90633",250,3017.45,754362.50,"Paid","Received"
90634,"2026-08-27",8011,2007,"PO-2026-90634",52,25805.84,1341903.68,"Paid","Approved"
90635,"2026-08-08",8494,2003,"PO-2026-90635",410,1609.77,660005.70,"Partially Paid","Approved"
90636,"2026-06-02",8324,2015,"PO-2026-90636",56,10419.45,583489.20,"Pending","Cancelled"
90637,"2026-05-08",8231,2004,"PO-2026-90637",404,896.99,362383.96,"Partially Paid","Cancelled"
90638,"2026-04-29",8299,2011,"PO-2026-90638",365,5622.60,2052249.00,"Partially Paid","Received"
90639,"2026-08-08",8431,2008,"PO-2026-90639",65,2274.91,147869.15,"Paid","Pending"
90640,"2026-04-02",8222,2004,"PO-2026-90640",146,685.52,100085.92,"Paid","Cancelled"
90641,"2026-08-20",8323,2011,"PO-2026-90641",326,5735.31,1869711.06,"Pending","Approved"
90642,"2026-01-23",8487,2013,"PO-2026-90642",258,23654.96,6102979.68,"Paid","Received"
90643,"2026-07-30",8079,2005,"PO-2026-90643",39,10921.70,425946.30,"Paid","Approved"
90644,"2026-05-31",8404,2002,"PO-2026-90644",463,12972.85,6006429.55,"Paid","Pending"
90645,"2026-06-07",8473,2007,"PO-2026-90645",327,33229.43,10866023.61,"Partially Paid","Approved"
90646,"2026-07-17",8259,2013,"PO-2026-90646",242,27620.56,6684175.52,"Paid","Approved"
90647,"2026-02-14",8473,2013,"PO-2026-90647",425,22492.98,9559516.50,"Paid","Pending"
90648,"2026-02-21",8265,2002,"PO-2026-90648",299,13108.72,3919507.28,"Paid","Received"
90649,"2026-02-19",8037,2007,"PO-2026-90649",307,28801.20,8841968.40,"Paid","Approved"
90650,"2026-01-12",8315,2007,"PO-2026-90650",252,29340.80,7393881.60,"Partially Paid","Approved"
90651,"2026-04-19",8495,2008,"PO-2026-90651",71,2618.39,185905.69,"Partially Paid","Cancelled"
90652,"2026-01-23",8240,2011,"PO-2026-90652",164,6287.51,1031151.64,"Paid","Approved"
90653,"2026-02-10",8109,2010,"PO-2026-90653",433,3309.06,1432822.98,"Pending","Received"
90654,"2026-03-16",8142,2002,"PO-2026-90654",459,14772.42,6780540.78,"Partially Paid","Approved"
90655,"2026-05-05",8001,2011,"PO-2026-90655",65,5559.83,361388.95,"Partially Paid","Pending"
90656,"2026-03-30",8464,2015,"PO-2026-90656",94,10975.14,1031663.16,"Paid","Approved"
90657,"2026-01-09",8356,2005,"PO-2026-90657",177,10779.35,1907944.95,"Partially Paid","Cancelled"
90658,"2026-08-09",8077,2013,"PO-2026-90658",181,26195.90,4741457.90,"Paid","Approved"
90659,"2026-08-10",8198,2012,"PO-2026-90659",36,4382.08,157754.88,"Pending","Cancelled"
90660,"2026-08-20",8329,2008,"PO-2026-90660",341,2213.84,754919.44,"Paid","Received"
90661,"2026-03-11",8260,2003,"PO-2026-90661",336,1380.35,463797.60,"Paid","Approved"
90662,"2026-08-24",8368,2005,"PO-2026-90662",494,9914.72,4897871.68,"Partially Paid","Cancelled"
90663,"2026-04-30",8474,2014,"PO-2026-90663",482,7617.98,3671866.36,"Partially Paid","Approved"
90664,"2026-03-13",8269,2014,"PO-2026-90664",380,8347.81,3172167.80,"Partially Paid","Approved"
90665,"2026-06-19",8286,2013,"PO-2026-90665",377,28487.57,10739813.89,"Paid","Pending"
90666,"2026-06-06",8490,2007,"PO-2026-90666",82,25194.03,2065910.46,"Partially Paid","Pending"
90667,"2026-01-28",8200,2003,"PO-2026-90667",130,1371.99,178358.70,"Pending","Cancelled"
90668,"2026-02-27",8310,2015,"PO-2026-90668",213,11903.58,2535462.54,"Paid","Approved"
90669,"2026-04-15",8418,2011,"PO-2026-90669",222,5573.03,1237212.66,"Paid","Approved"
90670,"2026-04-19",8086,2013,"PO-2026-90670",218,26901.00,5864418.00,"Paid","Approved"
90671,"2026-05-20",8015,2007,"PO-2026-90671",452,24604.43,11121202.36,"Paid","Approved"
90672,"2026-03-02",8187,2014,"PO-2026-90672",20,9145.93,182918.60,"Paid","Cancelled"
90673,"2026-08-26",8294,2007,"PO-2026-90673",435,26267.74,11426466.90,"Pending","Pending"
90674,"2026-05-21",8281,2004,"PO-2026-90674",467,754.56,352379.52,"Paid","Received"
90675,"2026-04-12",8386,2001,"PO-2026-90675",397,52340.42,20779146.74,"Paid","Received"
90676,"2026-06-28",8380,2008,"PO-2026-90676",164,1886.63,309407.32,"Partially Paid","Cancelled"
90677,"2026-06-26",8160,2014,"PO-2026-90677",164,9762.59,1601064.76,"Pending","Received"
90678,"2026-07-24",8422,2002,"PO-2026-90678",353,15619.68,5513747.04,"Pending","Pending"
90679,"2026-04-20",8493,2014,"PO-2026-90679",207,7379.61,1527579.27,"Partially Paid","Approved"
90680,"2026-01-23",8121,2004,"PO-2026-90680",97,941.72,91346.84,"Paid","Cancelled"
90681,"2026-04-06",8488,2001,"PO-2026-90681",68,56380.22,3833854.96,"Partially Paid","Pending"
90682,"2026-01-22",8412,2001,"PO-2026-90682",401,44456.25,17826956.25,"Paid","Pending"
90683,"2026-03-28",8003,2014,"PO-2026-90683",422,8556.50,3610843.00,"Partially Paid","Approved"
90684,"2026-04-07",8447,2011,"PO-2026-90684",253,6198.40,1568195.20,"Pending","Approved"
90685,"2026-07-06",8269,2002,"PO-2026-90685",327,12259.69,4008918.63,"Paid","Approved"
90686,"2026-06-04",8262,2001,"PO-2026-90686",148,46886.63,6939221.24,"Paid","Pending"
90687,"2026-06-20",8308,2015,"PO-2026-90687",250,12015.45,3003862.50,"Paid","Cancelled"
90688,"2026-03-04",8017,2001,"PO-2026-90688",148,43380.05,6420247.40,"Paid","Cancelled"
90689,"2026-04-04",8082,2010,"PO-2026-90689",41,3140.96,128779.36,"Partially Paid","Approved"
90690,"2026-01-29",8450,2002,"PO-2026-90690",401,13724.37,5503472.37,"Partially Paid","Received"
90691,"2026-08-11",8096,2007,"PO-2026-90691",261,32857.71,8575862.31,"Pending","Approved"
90692,"2026-02-10",8373,2009,"PO-2026-90692",209,4622.22,966043.98,"Paid","Approved"
90693,"2026-08-05",8050,2009,"PO-2026-90693",169,3543.56,598861.64,"Pending","Cancelled"
90694,"2026-06-04",8093,2011,"PO-2026-90694",374,5239.19,1959457.06,"Pending","Cancelled"
90695,"2026-02-15",8406,2012,"PO-2026-90695",458,4822.14,2208540.12,"Pending","Approved"
90696,"2026-07-03",8464,2012,"PO-2026-90696",214,5101.89,1091804.46,"Paid","Received"
90697,"2026-05-27",8069,2011,"PO-2026-90697",100,6227.18,622718.00,"Paid","Cancelled"
90698,"2026-05-06",8143,2014,"PO-2026-90698",207,9122.77,1888413.39,"Partially Paid","Approved"
90699,"2026-05-22",8087,2004,"PO-2026-90699",393,928.26,364806.18,"Pending","Received"
90700,"2026-06-26",8091,2010,"PO-2026-90700",70,2682.84,187798.80,"Paid","Approved"
90701,"2026-07-01",8194,2008,"PO-2026-90701",97,2084.50,202196.50,"Paid","Received"
90702,"2026-01-20",8327,2009,"PO-2026-90702",99,3449.86,341536.14,"Paid","Cancelled"
90703,"2026-04-16",8482,2002,"PO-2026-90703",423,15549.04,6577243.92,"Paid","Cancelled"
90704,"2026-05-07",8115,2015,"PO-2026-90704",66,9719.01,641454.66,"Pending","Pending"
90705,"2026-08-09",8080,2004,"PO-2026-90705",86,940.32,80867.52,"Paid","Received"
90706,"2026-04-29",8187,2001,"PO-2026-90706",392,44934.04,17614143.68,"Pending","Cancelled"
90707,"2026-02-17",8373,2006,"PO-2026-90707",254,16669.86,4234144.44,"Paid","Pending"
90708,"2026-08-04",8308,2011,"PO-2026-90708",390,5996.76,2338736.40,"Paid","Received"
90709,"2026-07-01",8382,2007,"PO-2026-90709",391,29530.45,11546405.95,"Paid","Approved"
90710,"2026-07-06",8333,2008,"PO-2026-90710",83,2560.63,212532.29,"Paid","Pending"
90711,"2026-01-14",8037,2003,"PO-2026-90711",369,1582.81,584056.89,"Partially Paid","Pending"
90712,"2026-01-24",8093,2007,"PO-2026-90712",476,30627.19,14578542.44,"Partially Paid","Approved"
90713,"2026-02-08",8020,2003,"PO-2026-90713",384,1507.93,579045.12,"Paid","Pending"
90714,"2026-02-11",8007,2002,"PO-2026-90714",18,13655.25,245794.50,"Paid","Approved"
90715,"2026-01-05",8297,2013,"PO-2026-90715",411,29099.57,11959923.27,"Paid","Received"
90716,"2026-07-01",8296,2004,"PO-2026-90716",336,707.97,237877.92,"Paid","Cancelled"
90717,"2026-07-26",8035,2014,"PO-2026-90717",469,7852.33,3682742.77,"Pending","Approved"
90718,"2026-01-24",8265,2011,"PO-2026-90718",45,6253.27,281397.15,"Paid","Approved"
90719,"2026-01-14",8118,2008,"PO-2026-90719",430,2048.41,880816.30,"Partially Paid","Approved"
90720,"2026-05-26",8092,2009,"PO-2026-90720",275,4012.03,1103308.25,"Partially Paid","Pending"
90721,"2026-01-19",8384,2004,"PO-2026-90721",478,929.45,444277.10,"Paid","Received"
90722,"2026-02-06",8344,2014,"PO-2026-90722",128,8571.28,1097123.84,"Partially Paid","Cancelled"
90723,"2026-08-18",8008,2001,"PO-2026-90723",389,50943.82,19817145.98,"Partially Paid","Pending"
90724,"2026-06-07",8236,2007,"PO-2026-90724",154,25509.88,3928521.52,"Partially Paid","Approved"
90725,"2026-06-05",8189,2015,"PO-2026-90725",246,10907.54,2683254.84,"Paid","Received"
90726,"2026-03-04",8034,2014,"PO-2026-90726",403,8797.89,3545549.67,"Paid","Cancelled"
90727,"2026-03-24",8116,2014,"PO-2026-90727",167,9828.30,1641326.10,"Paid","Pending"
90728,"2026-06-10",8345,2011,"PO-2026-90728",143,5363.02,766911.86,"Pending","Approved"
90729,"2026-07-23",8485,2010,"PO-2026-90729",193,2642.64,510029.52,"Paid","Approved"
90730,"2026-02-22",8191,2005,"PO-2026-90730",140,9530.43,1334260.20,"Pending","Received"
90731,"2026-08-23",8311,2002,"PO-2026-90731",14,13614.82,190607.48,"Paid","Approved"
90732,"2026-04-24",8341,2002,"PO-2026-90732",10,15264.24,152642.40,"Partially Paid","Received"
90733,"2026-05-18",8309,2006,"PO-2026-90733",134,17029.28,2281923.52,"Partially Paid","Received"
90734,"2026-06-22",8287,2014,"PO-2026-90734",213,9114.38,1941362.94,"Partially Paid","Approved"
90735,"2026-07-31",8443,2014,"PO-2026-90735",183,7840.04,1434727.32,"Partially Paid","Pending"
90736,"2026-03-26",8281,2004,"PO-2026-90736",494,813.08,401661.52,"Paid","Pending"
90737,"2026-07-23",8098,2007,"PO-2026-90737",284,26157.17,7428636.28,"Paid","Received"
90738,"2026-05-01",8367,2009,"PO-2026-90738",50,4465.44,223272.00,"Paid","Approved"
90739,"2026-08-05",8407,2015,"PO-2026-90739",349,12369.21,4316854.29,"Partially Paid","Approved"
90740,"2026-01-30",8405,2010,"PO-2026-90740",276,2946.38,813200.88,"Partially Paid","Received"
90741,"2026-07-19",8104,2005,"PO-2026-90741",225,11552.41,2599292.25,"Paid","Pending"
90742,"2026-05-24",8447,2012,"PO-2026-90742",55,5753.31,316432.05,"Pending","Approved"
90743,"2026-04-10",8315,2005,"PO-2026-90743",325,9805.78,3186878.50,"Paid","Pending"
90744,"2026-01-13",8175,2011,"PO-2026-90744",148,6637.48,982347.04,"Paid","Cancelled"
90745,"2026-06-26",8447,2007,"PO-2026-90745",157,31985.53,5021728.21,"Paid","Approved"
90746,"2026-07-11",8218,2001,"PO-2026-90746",204,52712.77,10753405.08,"Paid","Cancelled"
90747,"2026-01-04",8401,2002,"PO-2026-90747",255,14189.51,3618325.05,"Pending","Approved"
90748,"2026-03-23",8432,2003,"PO-2026-90748",147,1813.50,266584.50,"Partially Paid","Approved"
90749,"2026-06-03",8468,2004,"PO-2026-90749",41,778.34,31911.94,"Pending","Pending"
90750,"2026-08-22",8395,2004,"PO-2026-90750",362,831.61,301042.82,"Partially Paid","Received"
90751,"2026-02-19",8287,2006,"PO-2026-90751",283,20815.93,5890908.19,"Paid","Approved"
90752,"2026-07-05",8309,2005,"PO-2026-90752",116,10610.33,1230798.28,"Pending","Approved"
90753,"2026-03-02",8367,2004,"PO-2026-90753",125,693.68,86710.00,"Partially Paid","Cancelled"
90754,"2026-04-06",8126,2015,"PO-2026-90754",147,9706.95,1426921.65,"Paid","Received"
90755,"2026-04-17",8064,2010,"PO-2026-90755",122,2736.71,333878.62,"Partially Paid","Cancelled"
90756,"2026-05-08",8337,2009,"PO-2026-90756",274,4444.27,1217729.98,"Partially Paid","Pending"
90757,"2026-05-04",8158,2013,"PO-2026-90757",90,27384.72,2464624.80,"Paid","Cancelled"
90758,"2026-05-08",8281,2014,"PO-2026-90758",71,8555.81,607462.51,"Pending","Approved"
90759,"2026-04-30",8371,2014,"PO-2026-90759",66,9226.35,608939.10,"Partially Paid","Received"
90760,"2026-04-17",8376,2005,"PO-2026-90760",485,10707.16,5192972.60,"Paid","Cancelled"
90761,"2026-08-08",8448,2003,"PO-2026-90761",276,1490.85,411474.60,"Paid","Received"
90762,"2026-05-05",8154,2007,"PO-2026-90762",488,29738.70,14512485.60,"Pending","Received"
90763,"2026-08-27",8202,2014,"PO-2026-90763",166,7126.26,1182959.16,"Pending","Approved"
90764,"2026-03-29",8204,2004,"PO-2026-90764",92,814.10,74897.20,"Paid","Approved"
90765,"2026-08-11",8038,2011,"PO-2026-90765",495,5953.97,2947215.15,"Paid","Cancelled"
90766,"2026-05-06",8291,2003,"PO-2026-90766",68,1701.43,115697.24,"Paid","Approved"
90767,"2026-08-24",8415,2003,"PO-2026-90767",28,1725.17,48304.76,"Pending","Pending"
90768,"2026-06-10",8423,2011,"PO-2026-90768",184,5747.48,1057536.32,"Paid","Approved"
90769,"2026-05-18",8376,2007,"PO-2026-90769",351,25181.67,8838766.17,"Paid","Approved"
90770,"2026-05-20",8056,2014,"PO-2026-90770",229,7324.12,1677223.48,"Paid","Pending"
90771,"2026-06-23",8304,2005,"PO-2026-90771",40,11963.45,478538.00,"Pending","Cancelled"
90772,"2026-01-09",8039,2013,"PO-2026-90772",194,27258.73,5288193.62,"Pending","Approved"
90773,"2026-03-17",8124,2011,"PO-2026-90773",262,6646.24,1741314.88,"Pending","Approved"
90774,"2026-03-02",8271,2013,"PO-2026-90774",71,25305.78,1796710.38,"Pending","Cancelled"
90775,"2026-04-28",8115,2014,"PO-2026-90775",160,7307.26,1169161.60,"Paid","Approved"
90776,"2026-05-15",8473,2006,"PO-2026-90776",191,19182.26,3663811.66,"Paid","Approved"
90777,"2026-04-19",8340,2007,"PO-2026-90777",432,32144.38,13886372.16,"Paid","Approved"
90778,"2026-02-27",8373,2006,"PO-2026-90778",85,22251.66,1891391.10,"Paid","Pending"
90779,"2026-06-11",8456,2010,"PO-2026-90779",346,2528.48,874854.08,"Paid","Approved"
90780,"2026-08-07",8294,2009,"PO-2026-90780",99,4668.09,462140.91,"Paid","Approved"
90781,"2026-01-08",8011,2014,"PO-2026-90781",368,8044.22,2960272.96,"Paid","Pending"
90782,"2026-01-22",8329,2010,"PO-2026-90782",19,2737.56,52013.64,"Paid","Received"
90783,"2026-04-28",8342,2014,"PO-2026-90783",330,8763.46,2891941.80,"Paid","Received"
90784,"2026-04-07",8112,2003,"PO-2026-90784",134,1877.55,251591.70,"Paid","Cancelled"
90785,"2026-03-07",8363,2008,"PO-2026-90785",305,2430.65,741348.25,"Partially Paid","Pending"
90786,"2026-05-12",8102,2009,"PO-2026-90786",182,4355.26,792657.32,"Pending","Pending"
90787,"2026-07-24",8260,2014,"PO-2026-90787",434,7905.37,3430930.58,"Paid","Cancelled"
90788,"2026-03-24",8495,2005,"PO-2026-90788",216,12523.14,2704998.24,"Partially Paid","Approved"
90789,"2026-03-05",8115,2004,"PO-2026-90789",489,677.66,331375.74,"Paid","Received"
90790,"2026-04-27",8416,2002,"PO-2026-90790",205,14254.27,2922125.35,"Paid","Approved"
90791,"2026-03-14",8382,2011,"PO-2026-90791",100,5588.64,558864.00,"Paid","Approved"
90792,"2026-08-21",8323,2003,"PO-2026-90792",334,1634.21,545826.14,"Paid","Cancelled"
90793,"2026-03-15",8046,2001,"PO-2026-90793",395,41314.29,16319144.55,"Paid","Cancelled"
90794,"2026-03-30",8370,2003,"PO-2026-90794",36,1613.58,58088.88,"Paid","Cancelled"
90795,"2026-05-07",8156,2012,"PO-2026-90795",346,4858.17,1680926.82,"Partially Paid","Received"
90796,"2026-04-17",8231,2014,"PO-2026-90796",223,8981.30,2002829.90,"Paid","Pending"
90797,"2026-01-10",8121,2011,"PO-2026-90797",143,6371.02,911055.86,"Partially Paid","Approved"
90798,"2026-07-15",8042,2015,"PO-2026-90798",243,11533.92,2802742.56,"Pending","Approved"
90799,"2026-04-06",8380,2004,"PO-2026-90799",450,761.72,342774.00,"Pending","Pending"
90800,"2026-07-09",8275,2003,"PO-2026-90800",74,1432.27,105987.98,"Pending","Pending"
90801,"2026-07-15",8029,2015,"PO-2026-90801",217,10393.22,2255328.74,"Partially Paid","Received"
90802,"2026-07-20",8001,2015,"PO-2026-90802",471,11794.06,5555002.26,"Paid","Approved"
90803,"2026-04-08",8285,2002,"PO-2026-90803",320,12268.96,3926067.20,"Paid","Received"
90804,"2026-01-26",8445,2005,"PO-2026-90804",59,11415.26,673500.34,"Pending","Cancelled"
90805,"2026-07-31",8160,2015,"PO-2026-90805",162,9204.18,1491077.16,"Partially Paid","Received"
90806,"2026-04-22",8289,2001,"PO-2026-90806",292,45375.33,13249596.36,"Pending","Received"
90807,"2026-06-21",8464,2005,"PO-2026-90807",315,12594.89,3967390.35,"Partially Paid","Cancelled"
90808,"2026-07-31",8189,2008,"PO-2026-90808",500,2221.79,1110895.00,"Partially Paid","Approved"
90809,"2026-02-11",8042,2004,"PO-2026-90809",159,679.66,108065.94,"Pending","Approved"
90810,"2026-02-15",8013,2010,"PO-2026-90810",23,3247.02,74681.46,"Paid","Received"
90811,"2026-01-07",8368,2008,"PO-2026-90811",230,1998.75,459712.50,"Pending","Approved"
90812,"2026-01-06",8236,2002,"PO-2026-90812",85,14604.54,1241385.90,"Paid","Approved"
90813,"2026-01-11",8090,2010,"PO-2026-90813",163,2613.57,426011.91,"Paid","Approved"
90814,"2026-05-13",8443,2015,"PO-2026-90814",80,10069.62,805569.60,"Paid","Cancelled"
90815,"2026-05-21",8373,2011,"PO-2026-90815",194,5778.29,1120988.26,"Partially Paid","Approved"
90816,"2026-03-15",8492,2002,"PO-2026-90816",352,14468.59,5092943.68,"Partially Paid","Approved"
90817,"2026-02-23",8116,2001,"PO-2026-90817",377,52847.48,19923499.96,"Pending","Pending"
90818,"2026-01-26",8036,2011,"PO-2026-90818",118,5635.88,665033.84,"Partially Paid","Pending"
90819,"2026-03-07",8434,2010,"PO-2026-90819",264,2893.45,763870.80,"Pending","Approved"
90820,"2026-07-10",8465,2014,"PO-2026-90820",455,9070.79,4127209.45,"Paid","Received"
90821,"2026-05-17",8164,2006,"PO-2026-90821",454,18129.21,8230661.34,"Pending","Cancelled"
90822,"2026-05-27",8054,2006,"PO-2026-90822",71,18578.50,1319073.50,"Pending","Approved"
90823,"2026-04-18",8281,2015,"PO-2026-90823",37,10040.15,371485.55,"Partially Paid","Approved"
90824,"2026-08-16",8277,2005,"PO-2026-90824",130,9383.54,1219860.20,"Pending","Cancelled"
90825,"2026-07-13",8436,2007,"PO-2026-90825",384,24312.76,9336099.84,"Pending","Approved"
90826,"2026-08-26",8186,2005,"PO-2026-90826",163,12142.95,1979300.85,"Paid","Cancelled"
90827,"2026-08-10",8128,2011,"PO-2026-90827",205,6004.03,1230826.15,"Partially Paid","Received"
90828,"2026-06-29",8052,2008,"PO-2026-90828",303,2387.18,723315.54,"Pending","Received"
90829,"2026-01-05",8220,2009,"PO-2026-90829",289,3376.35,975765.15,"Paid","Cancelled"
90830,"2026-03-28",8178,2009,"PO-2026-90830",157,3823.63,600309.91,"Paid","Received"
90831,"2026-08-18",8497,2012,"PO-2026-90831",348,5472.87,1904558.76,"Partially Paid","Received"
90832,"2026-03-03",8472,2008,"PO-2026-90832",33,2509.74,82821.42,"Pending","Pending"
90833,"2026-04-16",8312,2012,"PO-2026-90833",267,5892.66,1573340.22,"Pending","Pending"
90834,"2026-05-21",8182,2004,"PO-2026-90834",475,759.47,360748.25,"Paid","Cancelled"
90835,"2026-03-02",8094,2005,"PO-2026-90835",167,13121.37,2191268.79,"Partially Paid","Received"
90836,"2026-04-03",8028,2005,"PO-2026-90836",334,11213.91,3745445.94,"Paid","Received"
90837,"2026-02-15",8011,2015,"PO-2026-90837",480,11122.12,5338617.60,"Paid","Approved"
90838,"2026-04-20",8116,2010,"PO-2026-90838",135,2765.58,373353.30,"Pending","Approved"
90839,"2026-02-09",8138,2015,"PO-2026-90839",62,9443.60,585503.20,"Pending","Received"
90840,"2026-07-12",8321,2010,"PO-2026-90840",276,2439.54,673313.04,"Pending","Pending"
90841,"2026-01-07",8157,2007,"PO-2026-90841",194,25800.64,5005324.16,"Paid","Approved"
90842,"2026-06-08",8467,2007,"PO-2026-90842",220,32322.23,7110890.60,"Paid","Received"
90843,"2026-06-04",8028,2002,"PO-2026-90843",222,12941.79,2873077.38,"Pending","Received"
90844,"2026-05-07",8295,2008,"PO-2026-90844",107,2512.33,268819.31,"Paid","Received"
90845,"2026-04-02",8214,2006,"PO-2026-90845",336,18452.11,6199908.96,"Paid","Approved"
90846,"2026-02-19",8402,2002,"PO-2026-90846",317,15693.77,4974925.09,"Paid","Approved"
90847,"2026-06-28",8024,2003,"PO-2026-90847",361,1390.18,501854.98,"Paid","Approved"
90848,"2026-06-24",8242,2001,"PO-2026-90848",121,50204.63,6074760.23,"Paid","Cancelled"
90849,"2026-01-07",8380,2015,"PO-2026-90849",27,12409.74,335062.98,"Partially Paid","Cancelled"
90850,"2026-06-03",8440,2013,"PO-2026-90850",430,25338.77,10895671.10,"Partially Paid","Cancelled"
90851,"2026-07-18",8356,2015,"PO-2026-90851",241,12301.36,2964627.76,"Partially Paid","Pending"
90852,"2026-04-21",8477,2009,"PO-2026-90852",348,4059.53,1412716.44,"Paid","Approved"
90853,"2026-08-29",8306,2002,"PO-2026-90853",231,12691.99,2931849.69,"Paid","Approved"
90854,"2026-08-19",8252,2009,"PO-2026-90854",43,4271.17,183660.31,"Paid","Received"
90855,"2026-06-05",8468,2012,"PO-2026-90855",32,4538.06,145217.92,"Pending","Approved"
90856,"2026-04-03",8118,2005,"PO-2026-90856",112,13109.15,1468224.80,"Pending","Pending"
90857,"2026-06-09",8245,2009,"PO-2026-90857",317,4078.57,1292906.69,"Paid","Cancelled"
90858,"2026-08-13",8418,2005,"PO-2026-90858",137,11597.03,1588793.11,"Paid","Pending"
90859,"2026-02-15",8047,2006,"PO-2026-90859",379,19913.80,7547330.20,"Pending","Approved"
90860,"2026-06-20",8293,2015,"PO-2026-90860",198,10876.34,2153515.32,"Partially Paid","Approved"
90861,"2026-08-10",8431,2001,"PO-2026-90861",28,44623.77,1249465.56,"Paid","Approved"
90862,"2026-02-11",8312,2001,"PO-2026-90862",67,56311.92,3772898.64,"Paid","Pending"
90863,"2026-06-18",8031,2009,"PO-2026-90863",473,4538.82,2146861.86,"Paid","Pending"
90864,"2026-02-28",8187,2009,"PO-2026-90864",191,3811.43,727983.13,"Pending","Received"
90865,"2026-01-13",8048,2006,"PO-2026-90865",58,20631.25,1196612.50,"Partially Paid","Pending"
90866,"2026-08-28",8198,2014,"PO-2026-90866",56,7982.47,447018.32,"Partially Paid","Approved"
90867,"2026-03-17",8245,2005,"PO-2026-90867",126,10919.62,1375872.12,"Paid","Received"
90868,"2026-06-11",8009,2013,"PO-2026-90868",367,21754.26,7983813.42,"Paid","Approved"
90869,"2026-06-11",8202,2015,"PO-2026-90869",101,11319.24,1143243.24,"Pending","Cancelled"
90870,"2026-01-27",8302,2004,"PO-2026-90870",484,761.84,368730.56,"Partially Paid","Received"
90871,"2026-08-05",8208,2009,"PO-2026-90871",313,3859.82,1208123.66,"Pending","Approved"
90872,"2026-04-06",8110,2003,"PO-2026-90872",261,1532.94,400097.34,"Paid","Pending"
90873,"2026-05-06",8004,2013,"PO-2026-90873",309,28852.87,8915536.83,"Pending","Approved"
90874,"2026-04-24",8198,2003,"PO-2026-90874",193,1571.45,303289.85,"Paid","Approved"
90875,"2026-05-08",8435,2004,"PO-2026-90875",499,744.48,371495.52,"Pending","Cancelled"
90876,"2026-05-22",8013,2010,"PO-2026-90876",47,2992.94,140668.18,"Paid","Approved"
90877,"2026-02-13",8405,2005,"PO-2026-90877",100,9458.19,945819.00,"Paid","Approved"
90878,"2026-04-26",8200,2008,"PO-2026-90878",202,2468.94,498725.88,"Partially Paid","Approved"
90879,"2026-04-06",8389,2011,"PO-2026-90879",308,5597.38,1723993.04,"Partially Paid","Cancelled"
90880,"2026-05-01",8067,2005,"PO-2026-90880",162,9791.93,1586292.66,"Pending","Cancelled"
90881,"2026-03-15",8377,2003,"PO-2026-90881",57,1611.39,91849.23,"Paid","Pending"
90882,"2026-03-06",8077,2013,"PO-2026-90882",470,29382.87,13809948.90,"Paid","Cancelled"
90883,"2026-03-07",8148,2001,"PO-2026-90883",347,53486.44,18559794.68,"Partially Paid","Cancelled"
90884,"2026-07-05",8045,2010,"PO-2026-90884",444,3317.48,1472961.12,"Paid","Pending"
90885,"2026-05-03",8214,2002,"PO-2026-90885",233,11565.42,2694742.86,"Pending","Cancelled"
90886,"2026-06-21",8462,2014,"PO-2026-90886",267,8916.25,2380638.75,"Paid","Approved"
90887,"2026-04-09",8353,2014,"PO-2026-90887",130,9091.36,1181876.80,"Paid","Pending"
90888,"2026-08-14",8180,2010,"PO-2026-90888",167,2483.14,414684.38,"Pending","Approved"
90889,"2026-06-01",8109,2008,"PO-2026-90889",132,2530.11,333974.52,"Paid","Approved"
90890,"2026-06-04",8114,2015,"PO-2026-90890",276,10715.74,2957544.24,"Paid","Received"
90891,"2026-08-04",8185,2003,"PO-2026-90891",476,1669.93,794886.68,"Paid","Pending"
90892,"2026-01-16",8341,2005,"PO-2026-90892",324,11046.76,3579150.24,"Paid","Received"
90893,"2026-03-20",8200,2015,"PO-2026-90893",166,12398.44,2058141.04,"Paid","Received"
90894,"2026-04-09",8222,2005,"PO-2026-90894",256,10340.60,2647193.60,"Pending","Cancelled"
90895,"2026-02-01",8037,2004,"PO-2026-90895",60,697.43,41845.80,"Pending","Approved"
90896,"2026-08-03",8443,2003,"PO-2026-90896",378,1389.97,525408.66,"Paid","Received"
90897,"2026-08-15",8277,2013,"PO-2026-90897",309,23985.37,7411479.33,"Paid","Approved"
90898,"2026-02-20",8288,2007,"PO-2026-90898",418,33356.09,13942845.62,"Partially Paid","Pending"
90899,"2026-01-09",8089,2009,"PO-2026-90899",346,4121.09,1425897.14,"Paid","Approved"
90900,"2026-03-02",8337,2006,"PO-2026-90900",61,16971.92,1035287.12,"Pending","Approved"
90901,"2026-02-14",8350,2006,"PO-2026-90901",378,18245.82,6896919.96,"Pending","Received"
90902,"2026-04-26",8206,2001,"PO-2026-90902",117,42569.46,4980626.82,"Paid","Approved"
90903,"2026-07-29",8388,2014,"PO-2026-90903",429,7371.89,3162540.81,"Paid","Approved"
90904,"2026-03-13",8097,2008,"PO-2026-90904",37,2512.14,92949.18,"Paid","Cancelled"
90905,"2026-01-26",8486,2005,"PO-2026-90905",50,10415.25,520762.50,"Paid","Pending"
90906,"2026-04-02",8176,2008,"PO-2026-90906",496,2081.78,1032562.88,"Pending","Received"
90907,"2026-08-10",8227,2011,"PO-2026-90907",72,6822.68,491232.96,"Paid","Approved"
90908,"2026-01-02",8135,2002,"PO-2026-90908",218,12774.12,2784758.16,"Partially Paid","Pending"
90909,"2026-04-05",8428,2008,"PO-2026-90909",281,1942.78,545921.18,"Pending","Cancelled"
90910,"2026-01-19",8496,2007,"PO-2026-90910",210,32944.25,6918292.50,"Pending","Received"
90911,"2026-06-12",8225,2011,"PO-2026-90911",485,5056.27,2452290.95,"Paid","Cancelled"
90912,"2026-04-10",8111,2005,"PO-2026-90912",88,9662.03,850258.64,"Partially Paid","Approved"
90913,"2026-08-17",8156,2002,"PO-2026-90913",255,15157.14,3865070.70,"Partially Paid","Approved"
90914,"2026-08-14",8311,2003,"PO-2026-90914",427,1714.64,732151.28,"Pending","Received"
90915,"2026-02-21",8413,2002,"PO-2026-90915",298,13074.52,3896206.96,"Pending","Approved"
90916,"2026-04-09",8424,2005,"PO-2026-90916",415,10464.73,4342862.95,"Paid","Cancelled"
90917,"2026-06-19",8439,2001,"PO-2026-90917",410,46751.15,19167971.50,"Paid","Approved"
90918,"2026-05-13",8377,2006,"PO-2026-90918",381,17983.29,6851633.49,"Paid","Cancelled"
90919,"2026-03-11",8449,2013,"PO-2026-90919",91,21159.67,1925529.97,"Partially Paid","Cancelled"
90920,"2026-04-12",8303,2012,"PO-2026-90920",64,5561.14,355912.96,"Paid","Cancelled"
90921,"2026-04-29",8219,2010,"PO-2026-90921",287,3161.85,907450.95,"Pending","Cancelled"
90922,"2026-06-28",8285,2002,"PO-2026-90922",125,11703.16,1462895.00,"Partially Paid","Approved"
90923,"2026-08-05",8266,2011,"PO-2026-90923",482,5895.62,2841688.84,"Paid","Received"
90924,"2026-04-25",8477,2015,"PO-2026-90924",143,11498.71,1644315.53,"Paid","Pending"
90925,"2026-08-05",8165,2008,"PO-2026-90925",44,2192.70,96478.80,"Partially Paid","Pending"
90926,"2026-01-13",8221,2011,"PO-2026-90926",304,5900.63,1793791.52,"Partially Paid","Pending"
90927,"2026-07-27",8061,2014,"PO-2026-90927",289,8649.64,2499745.96,"Partially Paid","Cancelled"
90928,"2026-02-15",8477,2001,"PO-2026-90928",113,57177.92,6461104.96,"Pending","Approved"
90929,"2026-06-17",8154,2009,"PO-2026-90929",197,4006.94,789367.18,"Paid","Approved"
90930,"2026-08-11",8148,2014,"PO-2026-90930",182,9826.54,1788430.28,"Paid","Received"
90931,"2026-08-29",8300,2001,"PO-2026-90931",214,49734.22,10643123.08,"Pending","Approved"
90932,"2026-01-28",8042,2009,"PO-2026-90932",293,4240.38,1242431.34,"Partially Paid","Pending"
90933,"2026-08-05",8262,2009,"PO-2026-90933",260,3644.60,947596.00,"Paid","Cancelled"
90934,"2026-07-18",8315,2006,"PO-2026-90934",69,21104.73,1456226.37,"Partially Paid","Pending"
90935,"2026-04-26",8357,2006,"PO-2026-90935",244,20848.42,5087014.48,"Partially Paid","Cancelled"
90936,"2026-03-23",8049,2005,"PO-2026-90936",22,9902.23,217849.06,"Paid","Received"
90937,"2026-02-17",8314,2011,"PO-2026-90937",207,5967.36,1235243.52,"Partially Paid","Cancelled"
90938,"2026-06-08",8113,2006,"PO-2026-90938",246,17127.59,4213387.14,"Pending","Pending"
90939,"2026-01-06",8150,2001,"PO-2026-90939",64,48220.12,3086087.68,"Pending","Approved"
90940,"2026-06-10",8453,2003,"PO-2026-90940",96,1745.46,167564.16,"Paid","Approved"
90941,"2026-02-26",8479,2009,"PO-2026-90941",399,3975.92,1586392.08,"Paid","Approved"
90942,"2026-02-21",8375,2009,"PO-2026-90942",69,4592.97,316914.93,"Partially Paid","Pending"
90943,"2026-07-31",8203,2001,"PO-2026-90943",150,41293.15,6193972.50,"Paid","Pending"
90944,"2026-02-06",8078,2015,"PO-2026-90944",298,12460.67,3713279.66,"Pending","Cancelled"
90945,"2026-07-20",8219,2012,"PO-2026-90945",192,4703.29,903031.68,"Paid","Approved"
90946,"2026-08-08",8439,2001,"PO-2026-90946",380,50579.19,19220092.20,"Pending","Approved"
90947,"2026-02-16",8411,2012,"PO-2026-90947",237,4575.18,1084317.66,"Paid","Approved"
90948,"2026-04-21",8141,2007,"PO-2026-90948",247,27538.58,6802029.26,"Paid","Received"
90949,"2026-08-29",8009,2010,"PO-2026-90949",264,2605.34,687809.76,"Paid","Pending"
90950,"2026-03-24",8131,2011,"PO-2026-90950",133,5796.65,770954.45,"Pending","Approved"
90951,"2026-05-10",8003,2013,"PO-2026-90951",370,25338.65,9375300.50,"Partially Paid","Cancelled"
90952,"2026-07-30",8063,2003,"PO-2026-90952",298,1490.59,444195.82,"Partially Paid","Approved"
90953,"2026-03-13",8077,2010,"PO-2026-90953",362,2802.95,1014667.90,"Pending","Approved"
90954,"2026-04-25",8466,2012,"PO-2026-90954",327,5680.84,1857634.68,"Paid","Pending"
90955,"2026-08-21",8316,2014,"PO-2026-90955",118,8413.14,992750.52,"Paid","Approved"
90956,"2026-03-10",8001,2013,"PO-2026-90956",476,24758.31,11784955.56,"Paid","Cancelled"
90957,"2026-08-28",8110,2009,"PO-2026-90957",295,4334.06,1278547.70,"Partially Paid","Cancelled"
90958,"2026-08-24",8393,2014,"PO-2026-90958",417,8516.40,3551338.80,"Partially Paid","Pending"
90959,"2026-01-10",8087,2014,"PO-2026-90959",45,8025.61,361152.45,"Pending","Approved"
90960,"2026-03-10",8473,2005,"PO-2026-90960",137,9702.26,1329209.62,"Paid","Cancelled"
90961,"2026-05-27",8012,2004,"PO-2026-90961",425,713.52,303246.00,"Paid","Pending"
90962,"2026-05-01",8019,2011,"PO-2026-90962",446,5389.84,2403868.64,"Paid","Cancelled"
90963,"2026-02-17",8342,2012,"PO-2026-90963",184,5781.95,1063878.80,"Pending","Approved"
90964,"2026-05-08",8111,2001,"PO-2026-90964",416,50972.28,21204468.48,"Paid","Cancelled"
90965,"2026-08-07",8122,2002,"PO-2026-90965",493,13703.18,6755667.74,"Pending","Approved"
90966,"2026-01-08",8422,2015,"PO-2026-90966",243,9376.70,2278538.10,"Paid","Approved"
90967,"2026-08-27",8177,2006,"PO-2026-90967",392,23038.92,9031256.64,"Paid","Cancelled"
90968,"2026-02-03",8352,2015,"PO-2026-90968",262,11293.01,2958768.62,"Partially Paid","Cancelled"
90969,"2026-04-05",8253,2009,"PO-2026-90969",59,4178.13,246509.67,"Pending","Cancelled"
90970,"2026-05-22",8214,2011,"PO-2026-90970",369,6414.71,2367027.99,"Partially Paid","Received"
90971,"2026-05-20",8088,2015,"PO-2026-90971",89,9614.61,855700.29,"Partially Paid","Received"
90972,"2026-02-12",8209,2014,"PO-2026-90972",181,7148.71,1293916.51,"Pending","Pending"
90973,"2026-01-24",8378,2015,"PO-2026-90973",366,12586.62,4606702.92,"Partially Paid","Received"
90974,"2026-02-05",8279,2007,"PO-2026-90974",195,31823.56,6205594.20,"Pending","Approved"
90975,"2026-04-15",8077,2007,"PO-2026-90975",416,24814.73,10322927.68,"Pending","Received"
90976,"2026-01-07",8020,2002,"PO-2026-90976",45,13198.33,593924.85,"Paid","Approved"
90977,"2026-07-24",8059,2011,"PO-2026-90977",148,6247.52,924632.96,"Paid","Approved"
90978,"2026-06-26",8092,2007,"PO-2026-90978",37,28380.50,1050078.50,"Paid","Approved"
90979,"2026-05-30",8468,2014,"PO-2026-90979",214,8864.69,1897043.66,"Paid","Pending"
90980,"2026-07-07",8139,2003,"PO-2026-90980",57,1553.39,88543.23,"Partially Paid","Approved"
90981,"2026-07-07",8100,2001,"PO-2026-90981",90,42028.09,3782528.10,"Paid","Received"
90982,"2026-01-18",8067,2013,"PO-2026-90982",27,28711.04,775198.08,"Pending","Received"
90983,"2026-02-24",8463,2003,"PO-2026-90983",309,1542.94,476768.46,"Pending","Approved"
90984,"2026-06-20",8272,2006,"PO-2026-90984",418,19374.73,8098637.14,"Partially Paid","Received"
90985,"2026-02-07",8064,2010,"PO-2026-90985",423,2778.06,1175119.38,"Partially Paid","Approved"
90986,"2026-07-16",8235,2005,"PO-2026-90986",415,13121.78,5445538.70,"Paid","Pending"
90987,"2026-06-22",8285,2004,"PO-2026-90987",44,816.70,35934.80,"Partially Paid","Approved"
90988,"2026-04-22",8200,2015,"PO-2026-90988",34,10111.31,343784.54,"Paid","Approved"
90989,"2026-02-23",8375,2008,"PO-2026-90989",154,2573.32,396291.28,"Pending","Pending"
90990,"2026-01-19",8224,2010,"PO-2026-90990",329,2473.13,813659.77,"Partially Paid","Approved"
90991,"2026-03-14",8038,2012,"PO-2026-90991",85,5834.19,495906.15,"Pending","Approved"
90992,"2026-01-24",8336,2002,"PO-2026-90992",152,11361.31,1726919.12,"Paid","Approved"
90993,"2026-04-22",8306,2011,"PO-2026-90993",204,6476.59,1321224.36,"Paid","Cancelled"
90994,"2026-01-03",8416,2008,"PO-2026-90994",39,2018.74,78730.86,"Paid","Cancelled"
90995,"2026-03-16",8383,2003,"PO-2026-90995",246,1411.85,347315.10,"Paid","Received"
90996,"2026-02-06",8342,2005,"PO-2026-90996",260,9587.84,2492838.40,"Pending","Cancelled"
90997,"2026-02-04",8356,2003,"PO-2026-90997",435,1419.02,617273.70,"Partially Paid","Approved"
90998,"2026-04-18",8407,2012,"PO-2026-90998",462,4855.96,2243453.52,"Paid","Received"
90999,"2026-08-06",8293,2009,"PO-2026-90999",473,4659.00,2203707.00,"Pending","Approved"
91000,"2026-03-09",8144,2002,"PO-2026-91000",146,12249.42,1788415.32,"Pending","Pending"
91001,"2026-03-20",8310,2007,"PO-2026-91001",479,27788.00,13310452.00,"Partially Paid","Approved"
91002,"2026-07-28",8072,2009,"PO-2026-91002",31,4509.94,139808.14,"Paid","Pending"
91003,"2026-02-23",8253,2004,"PO-2026-91003",191,927.19,177093.29,"Pending","Cancelled"
91004,"2026-06-06",8306,2012,"PO-2026-91004",254,5428.12,1378742.48,"Partially Paid","Received"
91005,"2026-08-18",8144,2007,"PO-2026-91005",245,27417.49,6717285.05,"Partially Paid","Pending"
91006,"2026-05-07",8412,2007,"PO-2026-91006",213,32980.86,7024923.18,"Pending","Cancelled"
91007,"2026-07-02",8262,2002,"PO-2026-91007",122,12612.22,1538690.84,"Paid","Pending"
91008,"2026-08-23",8372,2010,"PO-2026-91008",401,3346.14,1341802.14,"Pending","Approved"
91009,"2026-02-24",8083,2003,"PO-2026-91009",164,1770.53,290366.92,"Paid","Pending"
91010,"2026-06-29",8360,2005,"PO-2026-91010",390,10699.29,4172723.10,"Paid","Received"
91011,"2026-07-04",8062,2005,"PO-2026-91011",363,11755.09,4267097.67,"Pending","Pending"
91012,"2026-01-25",8264,2001,"PO-2026-91012",18,45936.90,826864.20,"Paid","Received"
91013,"2026-06-08",8432,2001,"PO-2026-91013",438,42120.85,18448932.30,"Paid","Cancelled"
91014,"2026-05-24",8391,2004,"PO-2026-91014",226,773.75,174867.50,"Pending","Pending"
91015,"2026-05-29",8044,2001,"PO-2026-91015",175,51073.57,8937874.75,"Paid","Pending"
91016,"2026-04-16",8296,2006,"PO-2026-91016",114,20588.33,2347069.62,"Paid","Approved"
91017,"2026-03-24",8131,2008,"PO-2026-91017",285,2037.47,580678.95,"Paid","Approved"
91018,"2026-05-19",8496,2001,"PO-2026-91018",264,47155.74,12449115.36,"Pending","Approved"
91019,"2026-06-18",8166,2015,"PO-2026-91019",500,9761.99,4880995.00,"Pending","Received"
91020,"2026-01-29",8141,2004,"PO-2026-91020",476,791.05,376539.80,"Paid","Approved"
91021,"2026-07-05",8090,2012,"PO-2026-91021",321,5898.66,1893469.86,"Paid","Approved"
91022,"2026-06-20",8165,2011,"PO-2026-91022",297,5523.59,1640506.23,"Paid","Approved"
91023,"2026-07-22",8358,2002,"PO-2026-91023",84,14814.37,1244407.08,"Paid","Received"
91024,"2026-03-28",8315,2015,"PO-2026-91024",303,10284.43,3116182.29,"Pending","Cancelled"
91025,"2026-07-18",8312,2003,"PO-2026-91025",477,1494.71,712976.67,"Partially Paid","Approved"
91026,"2026-04-21",8411,2007,"PO-2026-91026",183,27097.47,4958837.01,"Paid","Pending"
91027,"2026-07-27",8056,2001,"PO-2026-91027",70,50257.06,3517994.20,"Partially Paid","Approved"
91028,"2026-02-22",8128,2003,"PO-2026-91028",290,1373.88,398425.20,"Paid","Received"
91029,"2026-02-21",8449,2009,"PO-2026-91029",112,3910.83,438012.96,"Pending","Received"
91030,"2026-07-31",8241,2012,"PO-2026-91030",372,5432.85,2021020.20,"Paid","Approved"
91031,"2026-06-17",8428,2007,"PO-2026-91031",183,24703.28,4520700.24,"Paid","Approved"
91032,"2026-01-26",8460,2014,"PO-2026-91032",495,9574.81,4739530.95,"Partially Paid","Cancelled"
91033,"2026-05-08",8253,2003,"PO-2026-91033",204,1412.37,288123.48,"Paid","Pending"
91034,"2026-01-04",8280,2003,"PO-2026-91034",72,1552.44,111775.68,"Pending","Received"
91035,"2026-01-11",8322,2014,"PO-2026-91035",114,8158.19,930033.66,"Partially Paid","Pending"
91036,"2026-02-27",8078,2002,"PO-2026-91036",111,14238.85,1580512.35,"Paid","Approved"
91037,"2026-07-25",8497,2014,"PO-2026-91037",423,9343.53,3952313.19,"Paid","Received"
91038,"2026-02-20",8195,2005,"PO-2026-91038",372,11873.88,4417083.36,"Partially Paid","Approved"
91039,"2026-08-01",8473,2010,"PO-2026-91039",66,3321.62,219226.92,"Partially Paid","Approved"
91040,"2026-01-21",8489,2006,"PO-2026-91040",126,20410.32,2571700.32,"Pending","Approved"
91041,"2026-07-15",8485,2007,"PO-2026-91041",11,24738.05,272118.55,"Pending","Pending"
91042,"2026-07-06",8176,2002,"PO-2026-91042",366,11840.04,4333454.64,"Pending","Cancelled"
91043,"2026-05-23",8191,2005,"PO-2026-91043",141,12877.51,1815728.91,"Paid","Cancelled"
91044,"2026-02-21",8246,2007,"PO-2026-91044",474,24591.91,11656565.34,"Pending","Cancelled"
91045,"2026-01-28",8097,2015,"PO-2026-91045",113,12061.15,1362909.95,"Pending","Approved"
91046,"2026-02-24",8466,2012,"PO-2026-91046",135,6006.78,810915.30,"Pending","Approved"
91047,"2026-08-11",8016,2008,"PO-2026-91047",189,1958.29,370116.81,"Paid","Pending"
91048,"2026-06-19",8073,2006,"PO-2026-91048",207,18925.63,3917605.41,"Pending","Received"
91049,"2026-03-08",8219,2009,"PO-2026-91049",387,3697.32,1430862.84,"Partially Paid","Approved"
91050,"2026-02-06",8175,2004,"PO-2026-91050",466,944.59,440178.94,"Partially Paid","Cancelled"
91051,"2026-01-01",8416,2015,"PO-2026-91051",183,9016.31,1649984.73,"Paid","Approved"
91052,"2026-06-29",8444,2012,"PO-2026-91052",315,4457.60,1404144.00,"Paid","Cancelled"
91053,"2026-03-06",8198,2011,"PO-2026-91053",354,5906.24,2090808.96,"Paid","Pending"
91054,"2026-04-20",8468,2007,"PO-2026-91054",236,25860.25,6103019.00,"Paid","Cancelled"
91055,"2026-07-09",8266,2007,"PO-2026-91055",393,25713.80,10105523.40,"Partially Paid","Approved"
91056,"2026-02-22",8158,2009,"PO-2026-91056",305,3994.50,1218322.50,"Partially Paid","Approved"
91057,"2026-01-31",8148,2011,"PO-2026-91057",50,5229.09,261454.50,"Paid","Received"
91058,"2026-06-05",8459,2014,"PO-2026-91058",418,9241.08,3862771.44,"Paid","Cancelled"
91059,"2026-03-08",8088,2003,"PO-2026-91059",470,1590.27,747426.90,"Paid","Cancelled"
91060,"2026-08-16",8453,2009,"PO-2026-91060",71,4412.41,313281.11,"Partially Paid","Received"
91061,"2026-07-10",8008,2010,"PO-2026-91061",398,3175.56,1263872.88,"Pending","Approved"
91062,"2026-02-14",8157,2009,"PO-2026-91062",346,4002.29,1384792.34,"Partially Paid","Pending"
91063,"2026-08-23",8041,2001,"PO-2026-91063",206,45879.59,9451195.54,"Paid","Approved"
91064,"2026-03-28",8082,2008,"PO-2026-91064",277,2606.72,722061.44,"Paid","Received"
91065,"2026-08-10",8119,2012,"PO-2026-91065",155,5967.58,924974.90,"Pending","Approved"
91066,"2026-04-14",8388,2009,"PO-2026-91066",274,3796.57,1040260.18,"Paid","Cancelled"
91067,"2026-07-24",8480,2004,"PO-2026-91067",351,898.77,315468.27,"Partially Paid","Approved"
91068,"2026-04-11",8101,2012,"PO-2026-91068",84,5867.58,492876.72,"Paid","Approved"
91069,"2026-06-08",8152,2002,"PO-2026-91069",316,11867.93,3750265.88,"Partially Paid","Cancelled"
91070,"2026-06-25",8405,2011,"PO-2026-91070",251,5418.29,1359990.79,"Pending","Received"
91071,"2026-04-18",8008,2012,"PO-2026-91071",358,5584.98,1999422.84,"Paid","Approved"
91072,"2026-06-16",8211,2011,"PO-2026-91072",439,6677.60,2931466.40,"Partially Paid","Received"
91073,"2026-05-30",8306,2003,"PO-2026-91073",253,1672.62,423172.86,"Pending","Cancelled"
91074,"2026-01-30",8329,2014,"PO-2026-91074",333,7628.26,2540210.58,"Partially Paid","Received"
91075,"2026-03-24",8458,2015,"PO-2026-91075",155,10870.88,1684986.40,"Paid","Pending"
91076,"2026-05-07",8178,2002,"PO-2026-91076",299,14549.19,4350207.81,"Paid","Approved"
91077,"2026-06-09",8425,2012,"PO-2026-91077",310,4808.13,1490520.30,"Paid","Pending"
91078,"2026-03-18",8083,2005,"PO-2026-91078",357,11045.33,3943182.81,"Paid","Approved"
91079,"2026-05-19",8023,2009,"PO-2026-91079",155,4539.84,703675.20,"Paid","Received"
91080,"2026-04-25",8091,2013,"PO-2026-91080",366,21016.21,7691932.86,"Paid","Approved"
91081,"2026-06-25",8242,2010,"PO-2026-91081",412,2761.93,1137915.16,"Paid","Received"
91082,"2026-05-12",8340,2014,"PO-2026-91082",289,7505.60,2169118.40,"Pending","Received"
91083,"2026-08-23",8499,2012,"PO-2026-91083",97,6007.83,582759.51,"Paid","Cancelled"
91084,"2026-08-05",8314,2001,"PO-2026-91084",145,47207.95,6845152.75,"Paid","Approved"
91085,"2026-08-26",8290,2009,"PO-2026-91085",453,4625.98,2095568.94,"Pending","Approved"
91086,"2026-02-11",8245,2002,"PO-2026-91086",335,14972.04,5015633.40,"Pending","Received"
91087,"2026-07-27",8217,2008,"PO-2026-91087",486,2155.67,1047655.62,"Paid","Pending"
91088,"2026-03-29",8402,2002,"PO-2026-91088",446,13516.68,6028439.28,"Partially Paid","Approved"
91089,"2026-03-19",8099,2008,"PO-2026-91089",31,2406.84,74612.04,"Partially Paid","Approved"
91090,"2026-06-17",8193,2012,"PO-2026-91090",93,4981.23,463254.39,"Paid","Approved"
91091,"2026-07-07",8113,2003,"PO-2026-91091",13,1851.01,24063.13,"Pending","Cancelled"
91092,"2026-01-31",8475,2013,"PO-2026-91092",133,29175.92,3880397.36,"Partially Paid","Cancelled"
91093,"2026-06-19",8440,2006,"PO-2026-91093",52,20608.15,1071623.80,"Partially Paid","Approved"
91094,"2026-06-29",8017,2005,"PO-2026-91094",201,9936.90,1997316.90,"Pending","Received"
91095,"2026-05-10",8421,2010,"PO-2026-91095",248,2566.80,636566.40,"Pending","Cancelled"
91096,"2026-01-17",8342,2013,"PO-2026-91096",482,25773.74,12422942.68,"Pending","Received"
91097,"2026-02-10",8314,2014,"PO-2026-91097",96,8835.77,848233.92,"Partially Paid","Pending"
91098,"2026-07-21",8300,2001,"PO-2026-91098",103,47272.11,4869027.33,"Pending","Received"
91099,"2026-05-24",8432,2013,"PO-2026-91099",173,28671.38,4960148.74,"Pending","Approved"
91100,"2026-02-10",8374,2014,"PO-2026-91100",29,8040.99,233188.71,"Partially Paid","Approved"
91101,"2026-08-04",8057,2013,"PO-2026-91101",454,27690.91,12571673.14,"Paid","Cancelled"
91102,"2026-05-10",8289,2011,"PO-2026-91102",362,6591.73,2386206.26,"Partially Paid","Pending"
91103,"2026-03-03",8443,2004,"PO-2026-91103",343,773.84,265427.12,"Paid","Pending"
91104,"2026-01-08",8111,2014,"PO-2026-91104",333,8346.10,2779251.30,"Paid","Approved"
91105,"2026-01-14",8044,2001,"PO-2026-91105",330,42475.55,14016931.50,"Pending","Received"
91106,"2026-08-13",8097,2014,"PO-2026-91106",254,9390.48,2385181.92,"Paid","Cancelled"
91107,"2026-08-15",8202,2006,"PO-2026-91107",342,21980.62,7517372.04,"Partially Paid","Approved"
91108,"2026-01-19",8326,2015,"PO-2026-91108",188,11486.61,2159482.68,"Partially Paid","Received"
91109,"2026-07-23",8255,2009,"PO-2026-91109",388,3883.19,1506677.72,"Pending","Pending"
91110,"2026-01-14",8212,2004,"PO-2026-91110",339,679.40,230316.60,"Partially Paid","Approved"
91111,"2026-08-08",8028,2009,"PO-2026-91111",228,4276.56,975055.68,"Paid","Pending"
91112,"2026-06-10",8349,2009,"PO-2026-91112",242,4492.54,1087194.68,"Partially Paid","Received"
91113,"2026-08-28",8011,2009,"PO-2026-91113",142,4600.62,653288.04,"Pending","Approved"
91114,"2026-07-15",8209,2002,"PO-2026-91114",282,14070.62,3967914.84,"Pending","Cancelled"
91115,"2026-03-25",8328,2003,"PO-2026-91115",105,1623.69,170487.45,"Partially Paid","Pending"
91116,"2026-07-07",8140,2002,"PO-2026-91116",238,11956.00,2845528.00,"Partially Paid","Approved"
91117,"2026-01-03",8001,2004,"PO-2026-91117",459,754.41,346274.19,"Pending","Cancelled"
91118,"2026-07-23",8231,2009,"PO-2026-91118",98,4460.71,437149.58,"Paid","Approved"
91119,"2026-04-06",8302,2002,"PO-2026-91119",254,11638.86,2956270.44,"Pending","Cancelled"
91120,"2026-04-24",8494,2005,"PO-2026-91120",183,9431.60,1725982.80,"Paid","Cancelled"
91121,"2026-05-03",8339,2001,"PO-2026-91121",228,45661.27,10410769.56,"Pending","Approved"
91122,"2026-07-25",8037,2012,"PO-2026-91122",252,5498.42,1385601.84,"Paid","Received"
91123,"2026-02-28",8055,2013,"PO-2026-91123",157,29132.41,4573788.37,"Paid","Received"
91124,"2026-08-05",8094,2014,"PO-2026-91124",178,8908.95,1585793.10,"Pending","Approved"
91125,"2026-07-22",8414,2003,"PO-2026-91125",495,1587.21,785668.95,"Paid","Approved"
91126,"2026-01-30",8118,2006,"PO-2026-91126",292,16921.35,4941034.20,"Paid","Cancelled"
91127,"2026-06-16",8098,2015,"PO-2026-91127",126,11140.25,1403671.50,"Paid","Approved"
91128,"2026-07-16",8326,2007,"PO-2026-91128",336,29956.89,10065515.04,"Paid","Received"
91129,"2026-07-25",8444,2003,"PO-2026-91129",85,1827.87,155368.95,"Paid","Received"
91130,"2026-03-25",8418,2013,"PO-2026-91130",404,21460.10,8669880.40,"Partially Paid","Approved"
91131,"2026-06-25",8039,2013,"PO-2026-91131",487,25034.00,12191558.00,"Paid","Pending"
91132,"2026-08-08",8240,2013,"PO-2026-91132",206,24218.36,4988982.16,"Paid","Cancelled"
91133,"2026-08-13",8220,2001,"PO-2026-91133",206,53833.34,11089668.04,"Paid","Received"
91134,"2026-07-03",8149,2015,"PO-2026-91134",40,11561.53,462461.20,"Paid","Received"
91135,"2026-01-25",8283,2002,"PO-2026-91135",286,12281.00,3512366.00,"Pending","Approved"
91136,"2026-07-31",8151,2012,"PO-2026-91136",391,4519.22,1767015.02,"Pending","Approved"
91137,"2026-04-27",8468,2010,"PO-2026-91137",20,2662.48,53249.60,"Paid","Received"
91138,"2026-02-27",8075,2002,"PO-2026-91138",242,12105.67,2929572.14,"Pending","Pending"
91139,"2026-01-28",8081,2006,"PO-2026-91139",471,20919.02,9852858.42,"Paid","Received"
91140,"2026-06-16",8477,2012,"PO-2026-91140",51,4466.10,227771.10,"Pending","Approved"
91141,"2026-03-17",8054,2015,"PO-2026-91141",292,11965.10,3493809.20,"Paid","Pending"
91142,"2026-07-07",8421,2009,"PO-2026-91142",299,3554.88,1062909.12,"Partially Paid","Received"
91143,"2026-05-19",8326,2012,"PO-2026-91143",122,4920.62,600315.64,"Paid","Pending"
91144,"2026-03-03",8372,2009,"PO-2026-91144",114,4521.88,515494.32,"Partially Paid","Cancelled"
91145,"2026-05-20",8475,2006,"PO-2026-91145",218,16677.53,3635701.54,"Partially Paid","Cancelled"
91146,"2026-03-10",8323,2006,"PO-2026-91146",396,19177.37,7594238.52,"Pending","Pending"
91147,"2026-01-14",8042,2010,"PO-2026-91147",446,2606.62,1162552.52,"Pending","Pending"
91148,"2026-05-26",8290,2011,"PO-2026-91148",311,5711.46,1776264.06,"Paid","Approved"
91149,"2026-06-11",8446,2004,"PO-2026-91149",314,876.80,275315.20,"Pending","Cancelled"
91150,"2026-03-07",8334,2010,"PO-2026-91150",121,2404.75,290974.75,"Pending","Received"
91151,"2026-04-27",8129,2014,"PO-2026-91151",435,8556.32,3721999.20,"Paid","Approved"
91152,"2026-07-27",8419,2013,"PO-2026-91152",129,21490.15,2772229.35,"Partially Paid","Approved"
91153,"2026-08-13",8422,2013,"PO-2026-91153",168,26507.24,4453216.32,"Pending","Approved"
91154,"2026-06-17",8217,2011,"PO-2026-91154",486,5166.59,2510962.74,"Paid","Approved"
91155,"2026-01-20",8428,2009,"PO-2026-91155",137,3975.18,544599.66,"Paid","Approved"
91156,"2026-05-11",8280,2002,"PO-2026-91156",411,15300.31,6288427.41,"Paid","Approved"
91157,"2026-05-02",8023,2009,"PO-2026-91157",38,3526.93,134023.34,"Pending","Pending"
91158,"2026-01-01",8142,2009,"PO-2026-91158",345,4243.60,1464042.00,"Pending","Received"
91159,"2026-03-22",8432,2014,"PO-2026-91159",459,7781.36,3571644.24,"Paid","Received"
91160,"2026-04-14",8424,2008,"PO-2026-91160",78,1942.04,151479.12,"Paid","Cancelled"
91161,"2026-06-24",8452,2013,"PO-2026-91161",179,21637.23,3873064.17,"Paid","Approved"
91162,"2026-05-26",8348,2005,"PO-2026-91162",195,12099.16,2359336.20,"Paid","Pending"
91163,"2026-04-01",8480,2015,"PO-2026-91163",397,10891.22,4323814.34,"Paid","Approved"
91164,"2026-04-15",8413,2006,"PO-2026-91164",192,17084.15,3280156.80,"Partially Paid","Approved"
91165,"2026-06-24",8001,2015,"PO-2026-91165",453,9039.42,4094857.26,"Paid","Cancelled"
91166,"2026-05-12",8499,2009,"PO-2026-91166",393,4078.45,1602830.85,"Partially Paid","Pending"
91167,"2026-03-18",8123,2012,"PO-2026-91167",413,4535.85,1873306.05,"Partially Paid","Pending"
91168,"2026-02-12",8167,2003,"PO-2026-91168",101,1623.82,164005.82,"Partially Paid","Cancelled"
91169,"2026-07-05",8387,2011,"PO-2026-91169",107,5027.46,537938.22,"Pending","Cancelled"
91170,"2026-03-01",8037,2006,"PO-2026-91170",157,20039.53,3146206.21,"Paid","Pending"
91171,"2026-02-21",8474,2003,"PO-2026-91171",247,1574.74,388960.78,"Paid","Cancelled"
91172,"2026-06-22",8230,2010,"PO-2026-91172",379,2439.15,924437.85,"Partially Paid","Pending"
91173,"2026-03-05",8088,2002,"PO-2026-91173",59,11292.09,666233.31,"Pending","Approved"
91174,"2026-07-20",8468,2008,"PO-2026-91174",347,2113.80,733488.60,"Paid","Approved"
91175,"2026-03-26",8178,2009,"PO-2026-91175",170,3529.32,599984.40,"Paid","Received"
91176,"2026-05-28",8254,2005,"PO-2026-91176",30,11866.18,355985.40,"Pending","Pending"
91177,"2026-08-11",8301,2014,"PO-2026-91177",252,7507.89,1891988.28,"Partially Paid","Cancelled"
91178,"2026-07-28",8275,2014,"PO-2026-91178",489,9762.20,4773715.80,"Paid","Approved"
91179,"2026-05-15",8478,2009,"PO-2026-91179",83,3504.95,290910.85,"Paid","Pending"
91180,"2026-04-07",8017,2014,"PO-2026-91180",405,9300.46,3766686.30,"Pending","Cancelled"
91181,"2026-08-24",8338,2006,"PO-2026-91181",466,18599.63,8667427.58,"Partially Paid","Approved"
91182,"2026-03-06",8225,2003,"PO-2026-91182",198,1470.59,291176.82,"Partially Paid","Pending"
91183,"2026-06-01",8128,2012,"PO-2026-91183",218,5182.61,1129808.98,"Paid","Received"
91184,"2026-08-16",8016,2005,"PO-2026-91184",310,10846.28,3362346.80,"Partially Paid","Approved"
91185,"2026-02-15",8488,2009,"PO-2026-91185",334,4008.89,1338969.26,"Partially Paid","Approved"
91186,"2026-02-23",8060,2009,"PO-2026-91186",24,3862.04,92688.96,"Paid","Approved"
91187,"2026-04-14",8418,2014,"PO-2026-91187",440,9234.40,4063136.00,"Partially Paid","Approved"
91188,"2026-06-04",8268,2007,"PO-2026-91188",354,32610.45,11544099.30,"Paid","Pending"
91189,"2026-02-28",8446,2005,"PO-2026-91189",96,11338.30,1088476.80,"Paid","Received"
91190,"2026-02-13",8352,2007,"PO-2026-91190",287,27116.11,7782323.57,"Pending","Received"
91191,"2026-04-11",8323,2014,"PO-2026-91191",11,8921.88,98140.68,"Partially Paid","Cancelled"
91192,"2026-05-15",8498,2010,"PO-2026-91192",179,3299.92,590685.68,"Paid","Approved"
91193,"2026-01-19",8417,2010,"PO-2026-91193",49,3044.39,149175.11,"Paid","Approved"
91194,"2026-07-07",8065,2001,"PO-2026-91194",481,45835.64,22046942.84,"Paid","Pending"
91195,"2026-06-04",8354,2006,"PO-2026-91195",117,18477.69,2161889.73,"Pending","Pending"
91196,"2026-03-06",8146,2014,"PO-2026-91196",189,9257.00,1749573.00,"Pending","Pending"
91197,"2026-02-13",8159,2005,"PO-2026-91197",22,12586.81,276909.82,"Pending","Approved"
91198,"2026-04-14",8372,2015,"PO-2026-91198",120,9330.24,1119628.80,"Partially Paid","Received"
91199,"2026-08-04",8032,2002,"PO-2026-91199",259,11497.36,2977816.24,"Paid","Approved"
91200,"2026-04-23",8429,2010,"PO-2026-91200",18,2646.97,47645.46,"Partially Paid","Received"
91201,"2026-07-24",8466,2003,"PO-2026-91201",69,1421.65,98093.85,"Paid","Pending"
91202,"2026-07-25",8192,2014,"PO-2026-91202",354,8249.77,2920418.58,"Paid","Cancelled"
91203,"2026-07-16",8004,2006,"PO-2026-91203",224,20417.05,4573419.20,"Paid","Cancelled"
91204,"2026-06-20",8027,2010,"PO-2026-91204",59,3002.23,177131.57,"Paid","Pending"
91205,"2026-07-27",8032,2003,"PO-2026-91205",151,1431.20,216111.20,"Partially Paid","Received"
91206,"2026-03-02",8355,2001,"PO-2026-91206",396,50514.34,20003678.64,"Partially Paid","Pending"
91207,"2026-02-07",8217,2003,"PO-2026-91207",204,1800.68,367338.72,"Partially Paid","Pending"
91208,"2026-02-27",8441,2005,"PO-2026-91208",327,10556.64,3452021.28,"Partially Paid","Approved"
91209,"2026-01-23",8023,2012,"PO-2026-91209",176,5593.29,984419.04,"Pending","Cancelled"
91210,"2026-03-24",8365,2013,"PO-2026-91210",148,25832.71,3823241.08,"Pending","Pending"
91211,"2026-03-31",8404,2002,"PO-2026-91211",233,15284.39,3561262.87,"Paid","Approved"
91212,"2026-02-06",8489,2008,"PO-2026-91212",43,2414.62,103828.66,"Pending","Approved"
91213,"2026-04-14",8215,2002,"PO-2026-91213",257,11801.65,3033024.05,"Partially Paid","Approved"
91214,"2026-06-20",8440,2010,"PO-2026-91214",230,2884.94,663536.20,"Partially Paid","Approved"
91215,"2026-08-14",8131,2001,"PO-2026-91215",44,53984.32,2375310.08,"Pending","Received"
91216,"2026-04-29",8341,2002,"PO-2026-91216",136,12234.44,1663883.84,"Pending","Cancelled"
91217,"2026-01-24",8107,2012,"PO-2026-91217",309,5576.06,1723002.54,"Pending","Cancelled"
91218,"2026-08-14",8019,2002,"PO-2026-91218",126,11331.58,1427779.08,"Pending","Approved"
91219,"2026-08-15",8191,2007,"PO-2026-91219",459,25378.62,11648786.58,"Partially Paid","Cancelled"
91220,"2026-01-30",8383,2011,"PO-2026-91220",180,5354.21,963757.80,"Paid","Approved"
91221,"2026-03-29",8480,2009,"PO-2026-91221",413,4661.60,1925240.80,"Partially Paid","Pending"
91222,"2026-02-12",8473,2015,"PO-2026-91222",154,9011.92,1387835.68,"Partially Paid","Pending"
91223,"2026-01-24",8223,2001,"PO-2026-91223",439,42298.79,18569168.81,"Paid","Cancelled"
91224,"2026-03-30",8406,2012,"PO-2026-91224",269,5841.39,1571333.91,"Partially Paid","Approved"
91225,"2026-05-16",8294,2010,"PO-2026-91225",113,3087.03,348834.39,"Partially Paid","Received"
91226,"2026-02-19",8154,2007,"PO-2026-91226",207,31426.30,6505244.10,"Pending","Approved"
91227,"2026-06-21",8246,2002,"PO-2026-91227",293,11572.75,3390815.75,"Pending","Approved"
91228,"2026-02-28",8366,2014,"PO-2026-91228",247,7982.32,1971633.04,"Paid","Pending"
91229,"2026-06-15",8146,2002,"PO-2026-91229",100,12777.12,1277712.00,"Paid","Pending"
91230,"2026-08-13",8494,2002,"PO-2026-91230",492,15390.17,7571963.64,"Paid","Approved"
91231,"2026-03-21",8082,2002,"PO-2026-91231",177,14915.28,2640004.56,"Paid","Approved"
91232,"2026-01-21",8320,2013,"PO-2026-91232",344,27637.52,9507306.88,"Paid","Approved"
91233,"2026-05-20",8350,2008,"PO-2026-91233",115,1887.89,217107.35,"Partially Paid","Approved"
91234,"2026-07-23",8477,2004,"PO-2026-91234",342,718.12,245597.04,"Partially Paid","Cancelled"
91235,"2026-07-20",8117,2012,"PO-2026-91235",193,5998.17,1157646.81,"Partially Paid","Pending"
91236,"2026-04-05",8354,2007,"PO-2026-91236",496,31123.07,15437042.72,"Pending","Approved"
91237,"2026-01-06",8190,2009,"PO-2026-91237",312,4532.44,1414121.28,"Paid","Approved"
91238,"2026-05-03",8140,2003,"PO-2026-91238",405,1532.25,620561.25,"Paid","Approved"
91239,"2026-05-07",8356,2007,"PO-2026-91239",144,29610.25,4263876.00,"Paid","Approved"
91240,"2026-03-02",8443,2001,"PO-2026-91240",488,51038.16,24906622.08,"Pending","Received"
91241,"2026-04-03",8422,2003,"PO-2026-91241",375,1845.39,692021.25,"Pending","Received"
91242,"2026-03-16",8415,2014,"PO-2026-91242",328,9138.38,2997388.64,"Paid","Approved"
91243,"2026-05-11",8133,2006,"PO-2026-91243",453,22584.92,10230968.76,"Paid","Approved"
91244,"2026-07-12",8180,2007,"PO-2026-91244",387,25945.42,10040877.54,"Pending","Cancelled"
91245,"2026-07-18",8109,2007,"PO-2026-91245",448,25042.04,11218833.92,"Paid","Approved"
91246,"2026-01-03",8459,2006,"PO-2026-91246",228,17156.96,3911786.88,"Paid","Approved"
91247,"2026-01-20",8125,2002,"PO-2026-91247",353,14203.04,5013673.12,"Partially Paid","Approved"
91248,"2026-02-22",8241,2012,"PO-2026-91248",454,5795.69,2631243.26,"Paid","Cancelled"
91249,"2026-02-16",8109,2012,"PO-2026-91249",497,4566.99,2269794.03,"Pending","Approved"
91250,"2026-07-09",8061,2015,"PO-2026-91250",87,9275.06,806930.22,"Paid","Approved"
91251,"2026-05-13",8282,2010,"PO-2026-91251",25,3306.79,82669.75,"Paid","Approved"
91252,"2026-05-10",8454,2008,"PO-2026-91252",309,2302.48,711466.32,"Paid","Approved"
91253,"2026-01-12",8097,2010,"PO-2026-91253",344,3190.14,1097408.16,"Paid","Cancelled"
91254,"2026-05-24",8011,2013,"PO-2026-91254",226,27904.24,6306358.24,"Paid","Approved"
91255,"2026-08-08",8079,2013,"PO-2026-91255",431,28589.54,12322091.74,"Partially Paid","Cancelled"
91256,"2026-06-12",8121,2002,"PO-2026-91256",289,11786.42,3406275.38,"Paid","Received"
91257,"2026-08-25",8266,2011,"PO-2026-91257",423,6815.91,2883129.93,"Partially Paid","Approved"
91258,"2026-05-19",8259,2004,"PO-2026-91258",462,929.51,429433.62,"Paid","Received"
91259,"2026-05-19",8338,2009,"PO-2026-91259",406,3985.08,1617942.48,"Partially Paid","Cancelled"
91260,"2026-01-10",8292,2008,"PO-2026-91260",218,2292.36,499734.48,"Paid","Approved"
91261,"2026-03-13",8082,2005,"PO-2026-91261",224,10354.75,2319464.00,"Paid","Received"
91262,"2026-08-28",8325,2010,"PO-2026-91262",281,3093.43,869253.83,"Partially Paid","Received"
91263,"2026-05-12",8485,2005,"PO-2026-91263",24,11964.61,287150.64,"Paid","Pending"
91264,"2026-01-08",8414,2015,"PO-2026-91264",84,11076.53,930428.52,"Partially Paid","Received"
91265,"2026-03-07",8079,2003,"PO-2026-91265",417,1797.31,749478.27,"Pending","Cancelled"
91266,"2026-05-30",8238,2009,"PO-2026-91266",28,3497.36,97926.08,"Partially Paid","Cancelled"
91267,"2026-05-28",8107,2009,"PO-2026-91267",407,4522.45,1840637.15,"Partially Paid","Approved"
91268,"2026-06-15",8172,2011,"PO-2026-91268",320,6346.07,2030742.40,"Partially Paid","Received"
91269,"2026-07-15",8269,2009,"PO-2026-91269",202,3937.38,795350.76,"Paid","Received"
91270,"2026-01-14",8276,2013,"PO-2026-91270",136,28013.15,3809788.40,"Pending","Received"
91271,"2026-03-12",8291,2006,"PO-2026-91271",133,19281.12,2564388.96,"Paid","Approved"
91272,"2026-08-21",8177,2007,"PO-2026-91272",107,26091.21,2791759.47,"Partially Paid","Approved"
91273,"2026-05-10",8243,2011,"PO-2026-91273",46,5014.77,230679.42,"Pending","Cancelled"
91274,"2026-04-07",8361,2007,"PO-2026-91274",422,24834.02,10479956.44,"Pending","Received"
91275,"2026-06-18",8342,2007,"PO-2026-91275",209,27582.32,5764704.88,"Pending","Cancelled"
91276,"2026-01-16",8475,2009,"PO-2026-91276",365,4193.91,1530777.15,"Pending","Pending"
91277,"2026-02-01",8060,2001,"PO-2026-91277",257,41963.69,10784668.33,"Paid","Received"
91278,"2026-08-11",8338,2001,"PO-2026-91278",490,44152.31,21634631.90,"Paid","Received"
91279,"2026-08-17",8006,2014,"PO-2026-91279",478,8804.51,4208555.78,"Partially Paid","Received"
91280,"2026-05-14",8092,2006,"PO-2026-91280",447,18822.63,8413715.61,"Pending","Approved"
91281,"2026-06-02",8223,2011,"PO-2026-91281",164,5437.97,891827.08,"Paid","Received"
91282,"2026-05-17",8274,2009,"PO-2026-91282",425,4703.69,1999068.25,"Partially Paid","Approved"
91283,"2026-05-17",8226,2002,"PO-2026-91283",263,12528.99,3295124.37,"Pending","Pending"
91284,"2026-04-14",8334,2009,"PO-2026-91284",497,3550.48,1764588.56,"Paid","Pending"
91285,"2026-06-03",8019,2012,"PO-2026-91285",357,4370.68,1560332.76,"Partially Paid","Approved"
91286,"2026-06-15",8182,2013,"PO-2026-91286",34,22854.31,777046.54,"Paid","Pending"
91287,"2026-04-30",8487,2005,"PO-2026-91287",226,11015.95,2489604.70,"Pending","Approved"
91288,"2026-02-19",8362,2005,"PO-2026-91288",487,9399.33,4577473.71,"Partially Paid","Approved"
91289,"2026-03-24",8057,2006,"PO-2026-91289",182,21710.33,3951280.06,"Paid","Approved"
91290,"2026-02-19",8443,2014,"PO-2026-91290",493,9334.02,4601671.86,"Paid","Approved"
91291,"2026-07-16",8351,2008,"PO-2026-91291",381,1975.56,752688.36,"Partially Paid","Received"
91292,"2026-06-09",8257,2007,"PO-2026-91292",366,26151.07,9571291.62,"Pending","Approved"
91293,"2026-07-10",8201,2005,"PO-2026-91293",20,12236.97,244739.40,"Paid","Approved"
91294,"2026-02-01",8164,2006,"PO-2026-91294",391,19936.76,7795273.16,"Paid","Pending"
91295,"2026-02-23",8043,2015,"PO-2026-91295",96,9748.91,935895.36,"Paid","Pending"
91296,"2026-06-29",8322,2013,"PO-2026-91296",276,28124.62,7762395.12,"Pending","Pending"
91297,"2026-05-02",8215,2009,"PO-2026-91297",362,4114.82,1489564.84,"Paid","Approved"
91298,"2026-04-06",8384,2014,"PO-2026-91298",158,7508.19,1186294.02,"Paid","Approved"
91299,"2026-05-13",8089,2007,"PO-2026-91299",210,32398.35,6803653.50,"Partially Paid","Approved"
91300,"2026-04-13",8041,2004,"PO-2026-91300",390,756.92,295198.80,"Paid","Received"
91301,"2026-05-25",8371,2008,"PO-2026-91301",424,2412.51,1022904.24,"Pending","Approved"
91302,"2026-05-21",8353,2015,"PO-2026-91302",48,11957.85,573976.80,"Paid","Pending"
91303,"2026-01-21",8406,2011,"PO-2026-91303",192,6736.17,1293344.64,"Paid","Approved"
91304,"2026-07-12",8087,2002,"PO-2026-91304",312,12467.79,3889950.48,"Paid","Pending"
91305,"2026-04-17",8408,2012,"PO-2026-91305",122,4819.97,588036.34,"Pending","Pending"
91306,"2026-03-01",8273,2006,"PO-2026-91306",238,21342.89,5079607.82,"Partially Paid","Cancelled"
91307,"2026-07-14",8242,2004,"PO-2026-91307",172,942.51,162111.72,"Paid","Pending"
91308,"2026-03-15",8428,2006,"PO-2026-91308",245,17232.89,4222058.05,"Partially Paid","Approved"
91309,"2026-04-25",8234,2005,"PO-2026-91309",491,11903.36,5844549.76,"Paid","Approved"
91310,"2026-08-13",8277,2012,"PO-2026-91310",343,5775.09,1980855.87,"Paid","Pending"
91311,"2026-01-19",8227,2003,"PO-2026-91311",136,1452.69,197565.84,"Paid","Approved"
91312,"2026-07-05",8480,2002,"PO-2026-91312",179,12845.66,2299373.14,"Paid","Approved"
91313,"2026-04-23",8232,2004,"PO-2026-91313",311,859.52,267310.72,"Partially Paid","Approved"
91314,"2026-03-11",8359,2011,"PO-2026-91314",62,5363.45,332533.90,"Pending","Cancelled"
91315,"2026-05-17",8203,2015,"PO-2026-91315",221,9301.66,2055666.86,"Pending","Approved"
91316,"2026-02-08",8452,2004,"PO-2026-91316",198,827.14,163773.72,"Paid","Pending"
91317,"2026-03-04",8232,2003,"PO-2026-91317",465,1623.10,754741.50,"Pending","Received"
91318,"2026-03-08",8432,2012,"PO-2026-91318",266,4847.64,1289472.24,"Paid","Received"
91319,"2026-02-08",8487,2002,"PO-2026-91319",422,11266.99,4754669.78,"Partially Paid","Cancelled"
91320,"2026-06-28",8209,2009,"PO-2026-91320",275,3825.63,1052048.25,"Paid","Approved"
91321,"2026-06-23",8468,2010,"PO-2026-91321",217,3087.86,670065.62,"Partially Paid","Pending"
91322,"2026-05-27",8380,2004,"PO-2026-91322",431,831.99,358587.69,"Paid","Pending"
91323,"2026-08-25",8199,2009,"PO-2026-91323",354,4639.40,1642347.60,"Paid","Pending"
91324,"2026-05-29",8436,2009,"PO-2026-91324",315,3431.07,1080787.05,"Partially Paid","Cancelled"
91325,"2026-06-03",8256,2011,"PO-2026-91325",103,6460.66,665447.98,"Paid","Approved"
91326,"2026-05-14",8464,2002,"PO-2026-91326",460,11309.28,5202268.80,"Paid","Pending"
91327,"2026-08-14",8381,2003,"PO-2026-91327",153,1352.95,207001.35,"Paid","Approved"
91328,"2026-06-06",8367,2006,"PO-2026-91328",414,20987.35,8688762.90,"Partially Paid","Received"
91329,"2026-07-18",8130,2007,"PO-2026-91329",256,26744.72,6846648.32,"Pending","Pending"
91330,"2026-06-26",8430,2015,"PO-2026-91330",108,11618.54,1254802.32,"Paid","Approved"
91331,"2026-08-28",8012,2011,"PO-2026-91331",478,6308.41,3015419.98,"Pending","Received"
91332,"2026-06-16",8443,2007,"PO-2026-91332",248,31071.25,7705670.00,"Pending","Cancelled"
91333,"2026-08-12",8006,2009,"PO-2026-91333",441,4504.96,1986687.36,"Pending","Cancelled"
91334,"2026-03-26",8004,2005,"PO-2026-91334",255,10450.65,2664915.75,"Paid","Approved"
91335,"2026-05-17",8156,2010,"PO-2026-91335",386,2543.24,981690.64,"Paid","Pending"
91336,"2026-08-10",8436,2002,"PO-2026-91336",161,15140.32,2437591.52,"Pending","Approved"
91337,"2026-06-23",8404,2009,"PO-2026-91337",347,4068.56,1411790.32,"Paid","Approved"
91338,"2026-08-22",8092,2012,"PO-2026-91338",246,5856.86,1440787.56,"Pending","Cancelled"
91339,"2026-02-10",8424,2009,"PO-2026-91339",292,4544.80,1327081.60,"Paid","Cancelled"
91340,"2026-04-14",8252,2010,"PO-2026-91340",404,2802.50,1132210.00,"Paid","Cancelled"
91341,"2026-06-25",8239,2015,"PO-2026-91341",182,9841.32,1791120.24,"Pending","Approved"
91342,"2026-02-15",8071,2015,"PO-2026-91342",87,9042.88,786730.56,"Paid","Received"
91343,"2026-07-23",8477,2010,"PO-2026-91343",357,2921.73,1043057.61,"Paid","Received"
91344,"2026-04-09",8077,2001,"PO-2026-91344",100,56339.56,5633956.00,"Pending","Pending"
91345,"2026-06-16",8472,2001,"PO-2026-91345",128,44034.49,5636414.72,"Paid","Approved"
91346,"2026-07-20",8238,2014,"PO-2026-91346",383,9568.43,3664708.69,"Paid","Approved"
91347,"2026-04-10",8352,2009,"PO-2026-91347",168,3388.87,569330.16,"Partially Paid","Received"
91348,"2026-02-07",8489,2010,"PO-2026-91348",430,2621.57,1127275.10,"Pending","Received"
91349,"2026-04-04",8097,2001,"PO-2026-91349",234,51600.50,12074517.00,"Paid","Approved"
91350,"2026-01-10",8069,2012,"PO-2026-91350",372,5620.61,2090866.92,"Paid","Received"
91351,"2026-03-10",8063,2011,"PO-2026-91351",412,6276.12,2585761.44,"Paid","Approved"
91352,"2026-06-10",8263,2007,"PO-2026-91352",441,24969.74,11011655.34,"Pending","Received"
91353,"2026-06-18",8063,2013,"PO-2026-91353",258,21459.79,5536625.82,"Paid","Pending"
91354,"2026-03-07",8196,2001,"PO-2026-91354",424,53677.93,22759442.32,"Pending","Approved"
91355,"2026-04-06",8064,2014,"PO-2026-91355",65,9884.72,642506.80,"Paid","Approved"
91356,"2026-02-13",8365,2005,"PO-2026-91356",67,10216.31,684492.77,"Paid","Cancelled"
91357,"2026-04-06",8126,2001,"PO-2026-91357",49,41670.91,2041874.59,"Paid","Approved"
91358,"2026-08-13",8386,2012,"PO-2026-91358",90,5604.94,504444.60,"Paid","Approved"
91359,"2026-05-26",8475,2010,"PO-2026-91359",336,3054.56,1026332.16,"Pending","Cancelled"
91360,"2026-08-17",8254,2002,"PO-2026-91360",154,15664.73,2412368.42,"Paid","Received"
91361,"2026-01-10",8138,2003,"PO-2026-91361",80,1403.93,112314.40,"Paid","Pending"
91362,"2026-08-06",8044,2002,"PO-2026-91362",36,14356.92,516849.12,"Pending","Approved"
91363,"2026-06-24",8313,2003,"PO-2026-91363",57,1350.04,76952.28,"Partially Paid","Cancelled"
91364,"2026-06-14",8417,2005,"PO-2026-91364",349,12339.18,4306373.82,"Paid","Received"
91365,"2026-08-27",8166,2011,"PO-2026-91365",452,5356.28,2421038.56,"Paid","Cancelled"
91366,"2026-06-15",8320,2005,"PO-2026-91366",362,12023.86,4352637.32,"Partially Paid","Cancelled"
91367,"2026-07-21",8209,2009,"PO-2026-91367",454,3492.03,1585381.62,"Paid","Approved"
91368,"2026-06-20",8383,2002,"PO-2026-91368",314,14917.61,4684129.54,"Paid","Approved"
91369,"2026-03-31",8375,2005,"PO-2026-91369",420,12830.59,5388847.80,"Paid","Pending"
91370,"2026-06-26",8150,2008,"PO-2026-91370",36,1933.77,69615.72,"Paid","Approved"
91371,"2026-08-29",8462,2015,"PO-2026-91371",164,11427.35,1874085.40,"Paid","Approved"
91372,"2026-04-15",8488,2005,"PO-2026-91372",350,10679.76,3737916.00,"Paid","Approved"
91373,"2026-06-11",8324,2001,"PO-2026-91373",325,50276.78,16339953.50,"Paid","Pending"
91374,"2026-02-18",8332,2007,"PO-2026-91374",402,27533.59,11068503.18,"Paid","Cancelled"
91375,"2026-04-27",8374,2003,"PO-2026-91375",201,1882.53,378388.53,"Paid","Approved"
91376,"2026-07-10",8211,2011,"PO-2026-91376",171,5613.53,959913.63,"Partially Paid","Cancelled"
91377,"2026-07-03",8228,2002,"PO-2026-91377",460,14678.55,6752133.00,"Paid","Approved"
91378,"2026-04-29",8316,2014,"PO-2026-91378",423,9842.40,4163335.20,"Pending","Received"
91379,"2026-06-30",8179,2001,"PO-2026-91379",59,45016.63,2655981.17,"Partially Paid","Approved"
91380,"2026-03-24",8383,2013,"PO-2026-91380",113,23083.80,2608469.40,"Paid","Received"
91381,"2026-07-17",8023,2011,"PO-2026-91381",308,5761.49,1774538.92,"Partially Paid","Approved"
91382,"2026-01-05",8281,2007,"PO-2026-91382",294,28083.17,8256451.98,"Partially Paid","Cancelled"
91383,"2026-08-04",8094,2007,"PO-2026-91383",433,25111.97,10873483.01,"Paid","Approved"
91384,"2026-07-29",8177,2012,"PO-2026-91384",82,5295.02,434191.64,"Pending","Approved"
91385,"2026-03-10",8048,2001,"PO-2026-91385",82,47905.43,3928245.26,"Partially Paid","Pending"
91386,"2026-07-21",8352,2009,"PO-2026-91386",346,3720.16,1287175.36,"Paid","Approved"
91387,"2026-03-23",8067,2013,"PO-2026-91387",231,27287.17,6303336.27,"Paid","Received"
91388,"2026-07-24",8319,2009,"PO-2026-91388",144,4074.79,586769.76,"Paid","Pending"
91389,"2026-01-04",8384,2005,"PO-2026-91389",180,12482.41,2246833.80,"Paid","Pending"
91390,"2026-05-21",8500,2002,"PO-2026-91390",154,15301.43,2356420.22,"Paid","Received"
91391,"2026-06-19",8398,2012,"PO-2026-91391",232,4873.94,1130754.08,"Partially Paid","Approved"
91392,"2026-08-04",8088,2008,"PO-2026-91392",84,2311.23,194143.32,"Partially Paid","Cancelled"
91393,"2026-05-12",8115,2002,"PO-2026-91393",170,14956.14,2542543.80,"Pending","Received"
91394,"2026-02-27",8107,2004,"PO-2026-91394",288,755.39,217552.32,"Paid","Cancelled"
91395,"2026-06-13",8259,2003,"PO-2026-91395",223,1674.73,373464.79,"Paid","Approved"
91396,"2026-01-31",8394,2001,"PO-2026-91396",374,44158.97,16515454.78,"Paid","Cancelled"
91397,"2026-03-29",8186,2012,"PO-2026-91397",88,4425.32,389428.16,"Partially Paid","Received"
91398,"2026-03-28",8097,2010,"PO-2026-91398",278,2409.36,669802.08,"Pending","Received"
91399,"2026-01-14",8224,2006,"PO-2026-91399",285,21830.58,6221715.30,"Pending","Cancelled"
91400,"2026-07-28",8242,2006,"PO-2026-91400",50,20353.93,1017696.50,"Pending","Approved"
91401,"2026-07-18",8018,2010,"PO-2026-91401",404,2731.85,1103667.40,"Pending","Received"
91402,"2026-07-12",8155,2012,"PO-2026-91402",352,5457.43,1921015.36,"Paid","Approved"
91403,"2026-06-01",8139,2006,"PO-2026-91403",153,18613.16,2847813.48,"Paid","Approved"
91404,"2026-07-13",8051,2009,"PO-2026-91404",117,3472.68,406303.56,"Partially Paid","Cancelled"
91405,"2026-08-07",8151,2005,"PO-2026-91405",485,12716.33,6167420.05,"Pending","Approved"
91406,"2026-02-17",8320,2014,"PO-2026-91406",272,7799.29,2121406.88,"Pending","Cancelled"
91407,"2026-08-16",8225,2008,"PO-2026-91407",457,2096.93,958297.01,"Partially Paid","Approved"
91408,"2026-01-01",8165,2014,"PO-2026-91408",152,8878.11,1349472.72,"Pending","Approved"
91409,"2026-05-26",8227,2013,"PO-2026-91409",455,23555.12,10717579.60,"Partially Paid","Received"
91410,"2026-01-18",8284,2015,"PO-2026-91410",232,9710.05,2252731.60,"Paid","Cancelled"
91411,"2026-06-21",8370,2015,"PO-2026-91411",42,9048.22,380025.24,"Pending","Cancelled"
91412,"2026-07-14",8054,2003,"PO-2026-91412",188,1405.24,264185.12,"Paid","Cancelled"
91413,"2026-06-01",8082,2012,"PO-2026-91413",458,4841.27,2217301.66,"Paid","Approved"
91414,"2026-01-22",8425,2007,"PO-2026-91414",467,27609.63,12893697.21,"Pending","Pending"
91415,"2026-02-27",8114,2015,"PO-2026-91415",332,10533.55,3497138.60,"Paid","Approved"
91416,"2026-08-28",8417,2011,"PO-2026-91416",161,6474.90,1042458.90,"Paid","Approved"
91417,"2026-03-23",8041,2010,"PO-2026-91417",446,3237.46,1443907.16,"Pending","Pending"
91418,"2026-07-30",8459,2005,"PO-2026-91418",16,11094.19,177507.04,"Pending","Received"
91419,"2026-07-03",8047,2007,"PO-2026-91419",300,26742.86,8022858.00,"Pending","Pending"
91420,"2026-07-06",8175,2015,"PO-2026-91420",236,12591.14,2971509.04,"Paid","Cancelled"
91421,"2026-02-19",8197,2012,"PO-2026-91421",357,5801.20,2071028.40,"Paid","Received"
91422,"2026-07-13",8359,2008,"PO-2026-91422",455,2217.91,1009149.05,"Paid","Pending"
91423,"2026-02-01",8472,2013,"PO-2026-91423",429,28451.46,12205676.34,"Pending","Pending"
91424,"2026-06-25",8238,2007,"PO-2026-91424",394,27028.30,10649150.20,"Partially Paid","Received"
91425,"2026-01-04",8184,2007,"PO-2026-91425",118,26338.71,3107967.78,"Pending","Cancelled"
91426,"2026-04-11",8029,2002,"PO-2026-91426",239,11771.09,2813290.51,"Partially Paid","Cancelled"
91427,"2026-07-30",8307,2007,"PO-2026-91427",245,29479.64,7222511.80,"Paid","Cancelled"
91428,"2026-08-15",8330,2003,"PO-2026-91428",153,1831.43,280208.79,"Partially Paid","Approved"
91429,"2026-02-28",8308,2005,"PO-2026-91429",155,10128.20,1569871.00,"Paid","Cancelled"
91430,"2026-08-21",8096,2006,"PO-2026-91430",52,18774.76,976287.52,"Paid","Pending"
91431,"2026-06-03",8323,2013,"PO-2026-91431",155,24729.43,3833061.65,"Pending","Approved"
91432,"2026-05-08",8127,2012,"PO-2026-91432",120,4738.69,568642.80,"Partially Paid","Approved"
91433,"2026-01-30",8276,2001,"PO-2026-91433",499,49001.32,24451658.68,"Partially Paid","Pending"
91434,"2026-04-09",8110,2013,"PO-2026-91434",359,21379.01,7675064.59,"Pending","Received"
91435,"2026-01-10",8430,2004,"PO-2026-91435",178,926.34,164888.52,"Paid","Pending"
91436,"2026-06-22",8186,2012,"PO-2026-91436",423,5504.01,2328196.23,"Pending","Cancelled"
91437,"2026-07-04",8327,2015,"PO-2026-91437",286,11259.66,3220262.76,"Paid","Pending"
91438,"2026-01-28",8155,2009,"PO-2026-91438",443,3795.86,1681565.98,"Partially Paid","Pending"
91439,"2026-01-02",8439,2009,"PO-2026-91439",352,4667.01,1642787.52,"Partially Paid","Pending"
91440,"2026-03-20",8105,2007,"PO-2026-91440",419,32032.48,13421609.12,"Partially Paid","Approved"
91441,"2026-06-19",8276,2003,"PO-2026-91441",461,1502.88,692827.68,"Partially Paid","Pending"
91442,"2026-02-15",8319,2003,"PO-2026-91442",265,1403.18,371842.70,"Paid","Approved"
91443,"2026-04-27",8486,2004,"PO-2026-91443",219,779.57,170725.83,"Pending","Pending"
91444,"2026-04-18",8029,2008,"PO-2026-91444",128,2625.00,336000.00,"Partially Paid","Approved"
91445,"2026-08-27",8349,2008,"PO-2026-91445",472,1994.07,941201.04,"Partially Paid","Approved"
91446,"2026-08-26",8192,2013,"PO-2026-91446",351,22640.26,7946731.26,"Partially Paid","Pending"
91447,"2026-01-20",8211,2005,"PO-2026-91447",245,11993.66,2938446.70,"Pending","Pending"
91448,"2026-06-10",8460,2002,"PO-2026-91448",223,12398.17,2764791.91,"Paid","Approved"
91449,"2026-04-12",8380,2002,"PO-2026-91449",494,14460.20,7143338.80,"Paid","Approved"
91450,"2026-03-07",8131,2014,"PO-2026-91450",478,8784.09,4198795.02,"Pending","Pending"
91451,"2026-02-14",8045,2005,"PO-2026-91451",362,10359.59,3750171.58,"Partially Paid","Pending"
91452,"2026-03-11",8217,2009,"PO-2026-91452",377,4601.32,1734697.64,"Paid","Received"
91453,"2026-07-24",8297,2009,"PO-2026-91453",335,3473.68,1163682.80,"Pending","Pending"
91454,"2026-05-12",8126,2013,"PO-2026-91454",46,29095.55,1338395.30,"Paid","Cancelled"
91455,"2026-06-13",8007,2013,"PO-2026-91455",18,25125.30,452255.40,"Paid","Approved"
91456,"2026-07-11",8214,2002,"PO-2026-91456",189,13021.88,2461135.32,"Partially Paid","Approved"
91457,"2026-03-29",8428,2004,"PO-2026-91457",432,742.08,320578.56,"Paid","Cancelled"
91458,"2026-07-19",8103,2006,"PO-2026-91458",54,20455.92,1104619.68,"Partially Paid","Approved"
91459,"2026-04-12",8158,2010,"PO-2026-91459",216,3062.13,661420.08,"Pending","Pending"
91460,"2026-07-09",8432,2010,"PO-2026-91460",54,2460.98,132892.92,"Paid","Approved"
91461,"2026-05-19",8448,2014,"PO-2026-91461",476,8801.68,4189599.68,"Pending","Cancelled"
91462,"2026-04-09",8392,2004,"PO-2026-91462",294,862.03,253436.82,"Paid","Received"
91463,"2026-01-15",8051,2013,"PO-2026-91463",161,27466.27,4422069.47,"Partially Paid","Approved"
91464,"2026-04-12",8346,2007,"PO-2026-91464",335,30166.22,10105683.70,"Paid","Approved"
91465,"2026-07-24",8146,2001,"PO-2026-91465",213,44565.85,9492526.05,"Pending","Approved"
91466,"2026-05-27",8415,2015,"PO-2026-91466",224,9317.34,2087084.16,"Paid","Received"
91467,"2026-07-20",8288,2009,"PO-2026-91467",412,3401.81,1401545.72,"Paid","Received"
91468,"2026-08-05",8446,2011,"PO-2026-91468",254,6619.82,1681434.28,"Partially Paid","Received"
91469,"2026-05-16",8435,2012,"PO-2026-91469",139,5710.72,793790.08,"Paid","Approved"
91470,"2026-03-18",8236,2013,"PO-2026-91470",312,23048.14,7191019.68,"Paid","Approved"
91471,"2026-05-18",8235,2010,"PO-2026-91471",316,3127.94,988429.04,"Paid","Received"
91472,"2026-06-21",8135,2005,"PO-2026-91472",397,12612.92,5007329.24,"Pending","Received"
91473,"2026-07-21",8450,2015,"PO-2026-91473",287,12259.70,3518533.90,"Paid","Received"
91474,"2026-08-09",8104,2012,"PO-2026-91474",234,5927.87,1387121.58,"Paid","Approved"
91475,"2026-06-01",8203,2012,"PO-2026-91475",317,4910.95,1556771.15,"Paid","Received"
91476,"2026-06-29",8328,2006,"PO-2026-91476",416,20985.13,8729814.08,"Paid","Received"
91477,"2026-04-05",8117,2012,"PO-2026-91477",337,5049.22,1701587.14,"Partially Paid","Approved"
91478,"2026-01-13",8470,2006,"PO-2026-91478",66,17412.61,1149232.26,"Paid","Pending"
91479,"2026-02-20",8223,2014,"PO-2026-91479",234,8884.31,2078928.54,"Paid","Approved"
91480,"2026-04-28",8102,2004,"PO-2026-91480",110,878.63,96649.30,"Pending","Pending"
91481,"2026-05-22",8392,2011,"PO-2026-91481",137,5644.22,773258.14,"Pending","Pending"
91482,"2026-01-11",8031,2012,"PO-2026-91482",383,5450.93,2087706.19,"Paid","Received"
91483,"2026-06-23",8139,2001,"PO-2026-91483",440,52890.91,23272000.40,"Paid","Approved"
91484,"2026-08-06",8103,2007,"PO-2026-91484",88,29850.36,2626831.68,"Pending","Pending"
91485,"2026-02-17",8418,2002,"PO-2026-91485",446,12323.78,5496405.88,"Paid","Approved"
91486,"2026-04-05",8089,2008,"PO-2026-91486",55,2455.81,135069.55,"Paid","Received"
91487,"2026-05-05",8036,2005,"PO-2026-91487",325,9857.90,3203817.50,"Paid","Cancelled"
91488,"2026-04-19",8272,2001,"PO-2026-91488",204,49569.61,10112200.44,"Partially Paid","Approved"
91489,"2026-07-21",8018,2011,"PO-2026-91489",349,5871.74,2049237.26,"Paid","Received"
91490,"2026-04-05",8168,2007,"PO-2026-91490",168,31664.24,5319592.32,"Paid","Approved"
91491,"2026-06-22",8328,2014,"PO-2026-91491",35,8465.69,296299.15,"Paid","Pending"
91492,"2026-01-08",8296,2001,"PO-2026-91492",402,57092.30,22951104.60,"Partially Paid","Approved"
91493,"2026-05-21",8136,2010,"PO-2026-91493",233,2846.27,663180.91,"Paid","Received"
91494,"2026-07-27",8187,2010,"PO-2026-91494",403,2616.84,1054586.52,"Partially Paid","Approved"
91495,"2026-04-15",8441,2012,"PO-2026-91495",354,4546.62,1609503.48,"Pending","Pending"
91496,"2026-02-22",8348,2004,"PO-2026-91496",209,680.10,142140.90,"Paid","Approved"
91497,"2026-07-12",8125,2012,"PO-2026-91497",354,4487.00,1588398.00,"Paid","Approved"
91498,"2026-01-18",8456,2003,"PO-2026-91498",107,1361.63,145694.41,"Partially Paid","Pending"
91499,"2026-02-10",8118,2007,"PO-2026-91499",267,26718.05,7133719.35,"Paid","Cancelled"
91500,"2026-01-23",8102,2007,"PO-2026-91500",314,33394.70,10485935.80,"Pending","Approved"
91501,"2026-02-23",8066,2012,"PO-2026-91501",392,4822.98,1890608.16,"Paid","Pending"
91502,"2026-02-07",8374,2009,"PO-2026-91502",378,4198.76,1587131.28,"Paid","Received"
91503,"2026-02-04",8170,2005,"PO-2026-91503",467,12915.48,6031529.16,"Paid","Approved"
91504,"2026-06-18",8377,2007,"PO-2026-91504",279,30907.82,8623281.78,"Paid","Cancelled"
91505,"2026-02-10",8160,2002,"PO-2026-91505",426,11543.38,4917479.88,"Paid","Pending"
91506,"2026-05-07",8120,2009,"PO-2026-91506",187,4087.93,764442.91,"Paid","Received"
91507,"2026-04-09",8248,2007,"PO-2026-91507",489,32884.31,16080427.59,"Partially Paid","Pending"
91508,"2026-05-16",8014,2003,"PO-2026-91508",325,1462.18,475208.50,"Partially Paid","Approved"
91509,"2026-05-01",8491,2001,"PO-2026-91509",132,56110.04,7406525.28,"Partially Paid","Pending"
91510,"2026-03-16",8138,2014,"PO-2026-91510",231,9544.65,2204814.15,"Paid","Cancelled"
91511,"2026-06-19",8437,2006,"PO-2026-91511",18,19963.77,359347.86,"Paid","Received"
91512,"2026-06-22",8461,2008,"PO-2026-91512",25,2086.86,52171.50,"Pending","Received"
91513,"2026-03-06",8325,2003,"PO-2026-91513",295,1482.70,437396.50,"Partially Paid","Received"
91514,"2026-02-14",8120,2002,"PO-2026-91514",34,13866.33,471455.22,"Paid","Received"
91515,"2026-07-18",8432,2005,"PO-2026-91515",361,12322.14,4448292.54,"Pending","Cancelled"
91516,"2026-06-01",8062,2009,"PO-2026-91516",128,3383.90,433139.20,"Partially Paid","Approved"
91517,"2026-08-22",8240,2009,"PO-2026-91517",24,4416.58,105997.92,"Pending","Approved"
91518,"2026-05-27",8303,2004,"PO-2026-91518",347,864.85,300102.95,"Pending","Pending"
91519,"2026-04-26",8402,2013,"PO-2026-91519",400,29021.95,11608780.00,"Paid","Approved"
91520,"2026-08-09",8246,2013,"PO-2026-91520",370,23117.78,8553578.60,"Paid","Cancelled"
91521,"2026-05-12",8385,2004,"PO-2026-91521",318,939.69,298821.42,"Pending","Received"
91522,"2026-07-08",8322,2014,"PO-2026-91522",448,8622.84,3863032.32,"Pending","Approved"
91523,"2026-06-24",8264,2013,"PO-2026-91523",120,27570.74,3308488.80,"Paid","Received"
91524,"2026-02-25",8129,2015,"PO-2026-91524",469,10479.58,4914923.02,"Partially Paid","Approved"
91525,"2026-08-28",8021,2012,"PO-2026-91525",208,5212.01,1084098.08,"Pending","Pending"
91526,"2026-06-16",8032,2011,"PO-2026-91526",421,6791.93,2859402.53,"Pending","Received"
91527,"2026-03-06",8088,2006,"PO-2026-91527",413,17365.49,7171947.37,"Pending","Cancelled"
91528,"2026-02-17",8280,2005,"PO-2026-91528",307,9778.32,3001944.24,"Paid","Cancelled"
91529,"2026-04-25",8050,2005,"PO-2026-91529",177,11519.30,2038916.10,"Paid","Approved"
91530,"2026-07-18",8456,2012,"PO-2026-91530",30,4953.03,148590.90,"Partially Paid","Pending"
91531,"2026-07-16",8374,2009,"PO-2026-91531",214,4465.21,955554.94,"Pending","Pending"
91532,"2026-01-17",8043,2009,"PO-2026-91532",487,3752.46,1827448.02,"Partially Paid","Received"
91533,"2026-07-07",8339,2008,"PO-2026-91533",42,2070.08,86943.36,"Partially Paid","Cancelled"
91534,"2026-06-22",8482,2008,"PO-2026-91534",400,2109.15,843660.00,"Paid","Approved"
91535,"2026-03-25",8067,2007,"PO-2026-91535",220,25862.63,5689778.60,"Partially Paid","Approved"
91536,"2026-08-05",8474,2005,"PO-2026-91536",226,10192.93,2303602.18,"Paid","Approved"
91537,"2026-08-29",8377,2013,"PO-2026-91537",184,28622.43,5266527.12,"Partially Paid","Cancelled"
91538,"2026-07-08",8172,2007,"PO-2026-91538",182,32135.27,5848619.14,"Partially Paid","Cancelled"
91539,"2026-04-09",8110,2007,"PO-2026-91539",210,28418.22,5967826.20,"Partially Paid","Approved"
91540,"2026-02-26",8057,2015,"PO-2026-91540",84,12115.45,1017697.80,"Paid","Received"
91541,"2026-03-24",8451,2009,"PO-2026-91541",229,3485.75,798236.75,"Pending","Pending"
91542,"2026-06-06",8455,2010,"PO-2026-91542",499,2886.90,1440563.10,"Pending","Received"
91543,"2026-06-26",8179,2012,"PO-2026-91543",61,5297.98,323176.78,"Paid","Cancelled"
91544,"2026-06-02",8082,2007,"PO-2026-91544",272,25953.07,7059235.04,"Partially Paid","Pending"
91545,"2026-02-06",8426,2013,"PO-2026-91545",434,28709.44,12459896.96,"Paid","Cancelled"
91546,"2026-02-06",8015,2015,"PO-2026-91546",122,10745.90,1310999.80,"Pending","Cancelled"
91547,"2026-04-18",8354,2001,"PO-2026-91547",94,44505.96,4183560.24,"Paid","Received"
91548,"2026-04-25",8252,2012,"PO-2026-91548",135,4615.07,623034.45,"Paid","Approved"
91549,"2026-03-11",8251,2004,"PO-2026-91549",367,920.65,337878.55,"Pending","Cancelled"
91550,"2026-07-10",8219,2012,"PO-2026-91550",377,4520.30,1704153.10,"Paid","Received"
91551,"2026-05-27",8430,2007,"PO-2026-91551",480,31147.47,14950785.60,"Partially Paid","Approved"
91552,"2026-05-09",8343,2006,"PO-2026-91552",46,17285.47,795131.62,"Partially Paid","Pending"
91553,"2026-04-30",8060,2014,"PO-2026-91553",71,8218.93,583544.03,"Pending","Cancelled"
91554,"2026-02-20",8206,2009,"PO-2026-91554",35,4176.79,146187.65,"Paid","Pending"
91555,"2026-05-11",8057,2013,"PO-2026-91555",211,28396.07,5991570.77,"Paid","Cancelled"
91556,"2026-07-11",8286,2010,"PO-2026-91556",43,2943.36,126564.48,"Paid","Received"
91557,"2026-07-17",8138,2013,"PO-2026-91557",491,26980.84,13247592.44,"Paid","Approved"
91558,"2026-04-22",8343,2011,"PO-2026-91558",375,6476.04,2428515.00,"Paid","Received"
91559,"2026-06-19",8383,2009,"PO-2026-91559",469,4364.27,2046842.63,"Partially Paid","Received"
91560,"2026-06-12",8157,2011,"PO-2026-91560",118,5605.67,661469.06,"Paid","Cancelled"
91561,"2026-07-23",8149,2006,"PO-2026-91561",406,22650.87,9196253.22,"Paid","Approved"
91562,"2026-03-18",8129,2010,"PO-2026-91562",399,2747.90,1096412.10,"Paid","Cancelled"
91563,"2026-05-07",8174,2007,"PO-2026-91563",484,28489.26,13788801.84,"Partially Paid","Pending"
91564,"2026-03-22",8210,2004,"PO-2026-91564",394,815.60,321346.40,"Paid","Received"
91565,"2026-03-29",8423,2011,"PO-2026-91565",118,6347.22,748971.96,"Paid","Received"
91566,"2026-07-28",8103,2002,"PO-2026-91566",451,15732.64,7095420.64,"Paid","Pending"
91567,"2026-02-22",8203,2004,"PO-2026-91567",421,721.76,303860.96,"Pending","Approved"
91568,"2026-05-14",8159,2002,"PO-2026-91568",317,14110.30,4472965.10,"Pending","Cancelled"
91569,"2026-05-27",8013,2001,"PO-2026-91569",403,57172.75,23040618.25,"Pending","Approved"
91570,"2026-07-23",8298,2008,"PO-2026-91570",129,2142.40,276369.60,"Paid","Cancelled"
91571,"2026-02-02",8343,2002,"PO-2026-91571",171,13394.29,2290423.59,"Partially Paid","Received"
91572,"2026-06-30",8385,2005,"PO-2026-91572",374,11365.42,4250667.08,"Paid","Cancelled"
91573,"2026-04-21",8405,2002,"PO-2026-91573",422,12004.78,5066017.16,"Pending","Approved"
91574,"2026-06-22",8019,2015,"PO-2026-91574",271,10610.48,2875440.08,"Paid","Cancelled"
91575,"2026-01-13",8219,2007,"PO-2026-91575",90,33498.20,3014838.00,"Pending","Approved"
91576,"2026-08-20",8065,2002,"PO-2026-91576",331,14238.97,4713099.07,"Paid","Received"
91577,"2026-04-14",8237,2003,"PO-2026-91577",139,1506.83,209449.37,"Partially Paid","Approved"
91578,"2026-08-03",8470,2010,"PO-2026-91578",497,2549.99,1267345.03,"Paid","Pending"
91579,"2026-04-18",8470,2015,"PO-2026-91579",189,9937.43,1878174.27,"Partially Paid","Pending"
91580,"2026-07-20",8226,2008,"PO-2026-91580",37,2566.75,94969.75,"Paid","Pending"
91581,"2026-01-13",8464,2002,"PO-2026-91581",432,11479.85,4959295.20,"Pending","Received"
91582,"2026-05-04",8260,2013,"PO-2026-91582",190,22962.59,4362892.10,"Paid","Received"
91583,"2026-07-18",8353,2012,"PO-2026-91583",241,5316.80,1281348.80,"Paid","Pending"
91584,"2026-01-24",8037,2002,"PO-2026-91584",253,14161.65,3582897.45,"Pending","Pending"
91585,"2026-06-08",8369,2002,"PO-2026-91585",362,11531.63,4174450.06,"Partially Paid","Cancelled"
91586,"2026-01-21",8169,2009,"PO-2026-91586",296,4033.39,1193883.44,"Paid","Received"
91587,"2026-05-21",8323,2010,"PO-2026-91587",413,2514.79,1038608.27,"Partially Paid","Approved"
91588,"2026-03-02",8137,2010,"PO-2026-91588",115,2847.84,327501.60,"Paid","Cancelled"
91589,"2026-06-15",8245,2008,"PO-2026-91589",44,2306.30,101477.20,"Paid","Received"
91590,"2026-08-08",8390,2007,"PO-2026-91590",434,32426.54,14073118.36,"Paid","Approved"
91591,"2026-01-13",8250,2014,"PO-2026-91591",19,7861.32,149365.08,"Paid","Cancelled"
91592,"2026-07-13",8169,2005,"PO-2026-91592",32,11003.30,352105.60,"Partially Paid","Cancelled"
91593,"2026-03-28",8029,2013,"PO-2026-91593",312,21322.98,6652769.76,"Paid","Pending"
91594,"2026-08-24",8214,2001,"PO-2026-91594",465,50191.85,23339210.25,"Paid","Received"
91595,"2026-04-19",8028,2014,"PO-2026-91595",115,8803.85,1012442.75,"Paid","Pending"
91596,"2026-06-12",8408,2005,"PO-2026-91596",98,10189.63,998583.74,"Paid","Pending"
91597,"2026-06-16",8057,2007,"PO-2026-91597",80,32652.86,2612228.80,"Pending","Pending"
91598,"2026-01-02",8010,2002,"PO-2026-91598",84,13021.97,1093845.48,"Pending","Pending"
91599,"2026-08-20",8081,2012,"PO-2026-91599",369,5927.63,2187295.47,"Paid","Pending"
91600,"2026-04-10",8199,2010,"PO-2026-91600",93,3258.90,303077.70,"Paid","Approved"
91601,"2026-01-25",8053,2004,"PO-2026-91601",158,713.20,112685.60,"Pending","Cancelled"
91602,"2026-07-29",8076,2008,"PO-2026-91602",233,2046.90,476927.70,"Partially Paid","Approved"
91603,"2026-05-09",8104,2002,"PO-2026-91603",51,13729.41,700199.91,"Paid","Cancelled"
91604,"2026-04-11",8099,2012,"PO-2026-91604",276,5295.25,1461489.00,"Pending","Cancelled"
91605,"2026-01-18",8259,2004,"PO-2026-91605",388,769.27,298476.76,"Paid","Pending"
91606,"2026-03-05",8145,2008,"PO-2026-91606",475,2540.00,1206500.00,"Partially Paid","Cancelled"
91607,"2026-08-24",8462,2009,"PO-2026-91607",451,4320.15,1948387.65,"Paid","Received"
91608,"2026-03-26",8312,2011,"PO-2026-91608",327,6617.73,2163997.71,"Partially Paid","Cancelled"
91609,"2026-01-29",8062,2012,"PO-2026-91609",120,4721.23,566547.60,"Partially Paid","Approved"
91610,"2026-02-20",8081,2013,"PO-2026-91610",76,25650.52,1949439.52,"Paid","Cancelled"
91611,"2026-02-16",8164,2012,"PO-2026-91611",368,5816.02,2140295.36,"Pending","Approved"
91612,"2026-07-18",8026,2004,"PO-2026-91612",461,818.06,377125.66,"Pending","Received"
91613,"2026-03-15",8475,2013,"PO-2026-91613",154,21225.82,3268776.28,"Pending","Received"
91614,"2026-05-05",8152,2006,"PO-2026-91614",190,17768.25,3375967.50,"Paid","Approved"
91615,"2026-04-18",8245,2014,"PO-2026-91615",327,7240.61,2367679.47,"Paid","Approved"
91616,"2026-07-05",8486,2011,"PO-2026-91616",163,6013.55,980208.65,"Paid","Received"
91617,"2026-06-22",8443,2002,"PO-2026-91617",16,14355.26,229684.16,"Paid","Pending"
91618,"2026-07-29",8216,2009,"PO-2026-91618",245,4069.19,996951.55,"Partially Paid","Received"
91619,"2026-07-09",8006,2004,"PO-2026-91619",362,778.33,281755.46,"Paid","Received"
91620,"2026-08-02",8156,2013,"PO-2026-91620",497,23632.55,11745377.35,"Pending","Pending"
91621,"2026-06-05",8190,2005,"PO-2026-91621",81,11235.89,910107.09,"Paid","Pending"
91622,"2026-02-24",8204,2008,"PO-2026-91622",116,1999.63,231957.08,"Pending","Approved"
91623,"2026-04-26",8292,2003,"PO-2026-91623",140,1518.65,212611.00,"Partially Paid","Approved"
91624,"2026-02-11",8303,2015,"PO-2026-91624",91,10359.61,942724.51,"Pending","Approved"
91625,"2026-03-16",8124,2011,"PO-2026-91625",464,6117.41,2838478.24,"Partially Paid","Cancelled"
91626,"2026-02-11",8297,2015,"PO-2026-91626",458,9167.44,4198687.52,"Paid","Approved"
91627,"2026-03-30",8121,2012,"PO-2026-91627",422,5239.05,2210879.10,"Pending","Approved"
91628,"2026-02-04",8261,2010,"PO-2026-91628",258,3274.76,844888.08,"Pending","Approved"
91629,"2026-05-10",8012,2013,"PO-2026-91629",371,26117.69,9689662.99,"Partially Paid","Received"
91630,"2026-01-09",8253,2002,"PO-2026-91630",115,15705.17,1806094.55,"Pending","Cancelled"
91631,"2026-05-28",8415,2007,"PO-2026-91631",436,28797.66,12555779.76,"Paid","Pending"
91632,"2026-08-03",8312,2004,"PO-2026-91632",473,807.37,381886.01,"Paid","Received"
91633,"2026-04-12",8470,2002,"PO-2026-91633",13,12739.19,165609.47,"Paid","Approved"
91634,"2026-05-20",8154,2015,"PO-2026-91634",21,10060.30,211266.30,"Partially Paid","Cancelled"
91635,"2026-03-14",8379,2001,"PO-2026-91635",177,41878.23,7412446.71,"Pending","Approved"
91636,"2026-03-27",8210,2010,"PO-2026-91636",149,2980.86,444148.14,"Paid","Approved"
91637,"2026-08-28",8083,2006,"PO-2026-91637",224,20681.29,4632608.96,"Partially Paid","Approved"
91638,"2026-08-17",8186,2007,"PO-2026-91638",48,24170.29,1160173.92,"Paid","Approved"
91639,"2026-07-17",8054,2010,"PO-2026-91639",60,2866.04,171962.40,"Pending","Approved"
91640,"2026-04-23",8237,2003,"PO-2026-91640",294,1828.65,537623.10,"Partially Paid","Received"
91641,"2026-01-02",8160,2009,"PO-2026-91641",324,4128.00,1337472.00,"Partially Paid","Cancelled"
91642,"2026-04-24",8402,2006,"PO-2026-91642",346,17900.60,6193607.60,"Paid","Received"
91643,"2026-07-08",8383,2014,"PO-2026-91643",158,8043.75,1270912.50,"Paid","Pending"
91644,"2026-03-18",8329,2004,"PO-2026-91644",391,740.87,289680.17,"Paid","Cancelled"
91645,"2026-05-17",8428,2004,"PO-2026-91645",207,902.95,186910.65,"Partially Paid","Approved"
91646,"2026-01-11",8054,2010,"PO-2026-91646",243,2642.06,642020.58,"Partially Paid","Cancelled"
91647,"2026-07-20",8455,2003,"PO-2026-91647",403,1648.19,664220.57,"Partially Paid","Received"
91648,"2026-05-06",8278,2015,"PO-2026-91648",59,11115.35,655805.65,"Partially Paid","Approved"
91649,"2026-06-12",8352,2013,"PO-2026-91649",361,22624.38,8167401.18,"Partially Paid","Received"
91650,"2026-06-27",8425,2015,"PO-2026-91650",187,11988.20,2241793.40,"Partially Paid","Approved"
91651,"2026-04-08",8052,2006,"PO-2026-91651",450,20157.95,9071077.50,"Paid","Approved"
91652,"2026-01-10",8478,2012,"PO-2026-91652",443,5428.81,2404962.83,"Paid","Approved"
91653,"2026-01-06",8012,2007,"PO-2026-91653",159,27857.61,4429359.99,"Partially Paid","Pending"
91654,"2026-05-05",8124,2003,"PO-2026-91654",325,1875.24,609453.00,"Partially Paid","Approved"
91655,"2026-06-01",8371,2011,"PO-2026-91655",166,6266.24,1040195.84,"Paid","Approved"
91656,"2026-08-08",8473,2009,"PO-2026-91656",369,4275.61,1577700.09,"Paid","Cancelled"
91657,"2026-04-14",8352,2004,"PO-2026-91657",379,877.75,332667.25,"Paid","Approved"
91658,"2026-04-22",8336,2005,"PO-2026-91658",397,11611.12,4609614.64,"Paid","Cancelled"
91659,"2026-01-14",8322,2004,"PO-2026-91659",48,768.55,36890.40,"Paid","Approved"
91660,"2026-07-10",8270,2007,"PO-2026-91660",171,30166.52,5158474.92,"Paid","Pending"
91661,"2026-04-29",8331,2003,"PO-2026-91661",307,1866.81,573110.67,"Paid","Received"
91662,"2026-04-30",8213,2009,"PO-2026-91662",110,3947.70,434247.00,"Paid","Approved"
91663,"2026-02-26",8077,2001,"PO-2026-91663",176,52645.14,9265544.64,"Pending","Approved"
91664,"2026-04-19",8046,2001,"PO-2026-91664",30,42379.86,1271395.80,"Paid","Approved"
91665,"2026-08-23",8246,2015,"PO-2026-91665",135,12302.41,1660825.35,"Paid","Cancelled"
91666,"2026-05-15",8032,2014,"PO-2026-91666",487,8725.17,4249157.79,"Paid","Approved"
91667,"2026-02-12",8102,2002,"PO-2026-91667",79,12437.61,982571.19,"Partially Paid","Received"
91668,"2026-02-02",8017,2014,"PO-2026-91668",58,7296.52,423198.16,"Partially Paid","Received"
91669,"2026-03-27",8372,2003,"PO-2026-91669",474,1816.34,860945.16,"Pending","Approved"
91670,"2026-01-09",8035,2010,"PO-2026-91670",480,2953.56,1417708.80,"Partially Paid","Approved"
91671,"2026-03-24",8191,2009,"PO-2026-91671",24,4064.38,97545.12,"Paid","Approved"
91672,"2026-06-27",8483,2002,"PO-2026-91672",438,15196.45,6656045.10,"Pending","Approved"
91673,"2026-06-20",8424,2012,"PO-2026-91673",165,4536.66,748548.90,"Paid","Received"
91674,"2026-01-16",8086,2014,"PO-2026-91674",48,7448.57,357531.36,"Partially Paid","Received"
91675,"2026-01-16",8411,2009,"PO-2026-91675",103,3908.63,402588.89,"Paid","Approved"
91676,"2026-05-25",8286,2001,"PO-2026-91676",311,49252.80,15317620.80,"Paid","Pending"
91677,"2026-06-07",8489,2010,"PO-2026-91677",58,2672.88,155027.04,"Paid","Pending"
91678,"2026-08-22",8017,2015,"PO-2026-91678",65,11161.14,725474.10,"Pending","Received"
91679,"2026-01-29",8361,2005,"PO-2026-91679",72,10334.33,744071.76,"Paid","Pending"
91680,"2026-03-23",8290,2013,"PO-2026-91680",219,21539.39,4717126.41,"Pending","Cancelled"
91681,"2026-02-28",8123,2013,"PO-2026-91681",161,25531.36,4110548.96,"Pending","Cancelled"
91682,"2026-01-17",8449,2014,"PO-2026-91682",91,8457.58,769639.78,"Paid","Pending"
91683,"2026-07-10",8243,2003,"PO-2026-91683",164,1848.76,303196.64,"Paid","Received"
91684,"2026-02-16",8482,2013,"PO-2026-91684",127,26735.46,3395403.42,"Pending","Pending"
91685,"2026-03-28",8417,2001,"PO-2026-91685",422,54013.50,22793697.00,"Paid","Pending"
91686,"2026-05-21",8099,2004,"PO-2026-91686",192,872.42,167504.64,"Partially Paid","Received"
91687,"2026-08-04",8343,2001,"PO-2026-91687",332,56687.32,18820190.24,"Pending","Cancelled"
91688,"2026-08-29",8052,2006,"PO-2026-91688",269,20147.36,5419639.84,"Pending","Received"
91689,"2026-04-26",8012,2008,"PO-2026-91689",53,2228.17,118093.01,"Partially Paid","Pending"
91690,"2026-04-03",8222,2008,"PO-2026-91690",228,2622.74,597984.72,"Paid","Pending"
91691,"2026-01-19",8200,2001,"PO-2026-91691",445,54642.30,24315823.50,"Paid","Approved"
91692,"2026-03-14",8128,2003,"PO-2026-91692",408,1761.11,718532.88,"Paid","Pending"
91693,"2026-02-22",8120,2015,"PO-2026-91693",370,11641.90,4307503.00,"Partially Paid","Cancelled"
91694,"2026-02-06",8319,2014,"PO-2026-91694",266,7311.67,1944904.22,"Partially Paid","Cancelled"
91695,"2026-01-06",8442,2001,"PO-2026-91695",379,48954.48,18553747.92,"Partially Paid","Approved"
91696,"2026-08-24",8032,2015,"PO-2026-91696",229,11177.78,2559711.62,"Pending","Approved"
91697,"2026-03-08",8032,2012,"PO-2026-91697",248,4919.44,1220021.12,"Partially Paid","Received"
91698,"2026-05-15",8157,2002,"PO-2026-91698",142,12596.16,1788654.72,"Paid","Cancelled"
91699,"2026-03-09",8087,2005,"PO-2026-91699",220,12169.85,2677367.00,"Partially Paid","Pending"
91700,"2026-02-14",8458,2007,"PO-2026-91700",404,26080.06,10536344.24,"Pending","Approved"
91701,"2026-05-30",8423,2012,"PO-2026-91701",277,4537.12,1256782.24,"Paid","Cancelled"
91702,"2026-08-14",8469,2015,"PO-2026-91702",129,9679.00,1248591.00,"Pending","Approved"
91703,"2026-03-23",8294,2015,"PO-2026-91703",182,12246.37,2228839.34,"Paid","Pending"
91704,"2026-04-29",8098,2008,"PO-2026-91704",357,2215.40,790897.80,"Pending","Cancelled"
91705,"2026-06-08",8061,2010,"PO-2026-91705",433,3021.24,1308196.92,"Partially Paid","Approved"
91706,"2026-01-15",8125,2002,"PO-2026-91706",114,11719.83,1336060.62,"Partially Paid","Cancelled"
91707,"2026-04-24",8242,2002,"PO-2026-91707",420,15495.11,6507946.20,"Partially Paid","Cancelled"
91708,"2026-06-14",8438,2014,"PO-2026-91708",306,7597.13,2324721.78,"Paid","Approved"
91709,"2026-05-28",8488,2001,"PO-2026-91709",482,54104.26,26078253.32,"Partially Paid","Approved"
91710,"2026-07-29",8418,2006,"PO-2026-91710",293,18472.07,5412316.51,"Paid","Cancelled"
91711,"2026-06-14",8096,2001,"PO-2026-91711",448,48091.63,21545050.24,"Pending","Approved"
91712,"2026-05-30",8197,2013,"PO-2026-91712",149,24429.75,3640032.75,"Partially Paid","Approved"
91713,"2026-03-27",8214,2015,"PO-2026-91713",478,12115.67,5791290.26,"Paid","Approved"
91714,"2026-07-28",8081,2006,"PO-2026-91714",389,18939.57,7367492.73,"Partially Paid","Approved"
91715,"2026-04-28",8227,2011,"PO-2026-91715",296,5388.49,1594993.04,"Paid","Received"
91716,"2026-08-15",8138,2002,"PO-2026-91716",307,11370.69,3490801.83,"Paid","Pending"
91717,"2026-06-23",8230,2013,"PO-2026-91717",495,21874.79,10828021.05,"Paid","Approved"
91718,"2026-05-08",8118,2010,"PO-2026-91718",334,2822.80,942815.20,"Paid","Cancelled"
91719,"2026-08-05",8415,2001,"PO-2026-91719",178,56110.41,9987652.98,"Paid","Approved"
91720,"2026-01-30",8064,2011,"PO-2026-91720",312,5187.38,1618462.56,"Partially Paid","Received"
91721,"2026-04-25",8380,2001,"PO-2026-91721",142,49965.86,7095152.12,"Pending","Approved"
91722,"2026-02-13",8231,2004,"PO-2026-91722",52,742.08,38588.16,"Pending","Received"
91723,"2026-08-03",8468,2008,"PO-2026-91723",71,2516.29,178656.59,"Partially Paid","Received"
91724,"2026-01-14",8166,2004,"PO-2026-91724",430,802.82,345212.60,"Paid","Approved"
91725,"2026-05-04",8457,2005,"PO-2026-91725",294,11305.95,3323949.30,"Paid","Pending"
91726,"2026-05-18",8074,2003,"PO-2026-91726",433,1379.82,597462.06,"Paid","Approved"
91727,"2026-07-03",8164,2013,"PO-2026-91727",470,21903.27,10294536.90,"Paid","Pending"
91728,"2026-08-28",8338,2014,"PO-2026-91728",98,7261.82,711658.36,"Partially Paid","Pending"
91729,"2026-05-27",8161,2006,"PO-2026-91729",374,21850.15,8171956.10,"Partially Paid","Approved"
91730,"2026-07-06",8308,2013,"PO-2026-91730",268,24639.48,6603380.64,"Partially Paid","Approved"
91731,"2026-04-05",8435,2001,"PO-2026-91731",423,41697.53,17638055.19,"Partially Paid","Approved"
91732,"2026-04-19",8230,2006,"PO-2026-91732",490,21703.34,10634636.60,"Pending","Cancelled"
91733,"2026-06-28",8108,2003,"PO-2026-91733",446,1829.94,816153.24,"Paid","Received"
91734,"2026-01-28",8325,2002,"PO-2026-91734",14,15194.50,212723.00,"Paid","Pending"
91735,"2026-05-12",8169,2004,"PO-2026-91735",50,943.91,47195.50,"Partially Paid","Approved"
91736,"2026-08-21",8101,2010,"PO-2026-91736",40,2967.38,118695.20,"Partially Paid","Pending"
91737,"2026-07-04",8185,2002,"PO-2026-91737",257,15682.06,4030289.42,"Paid","Cancelled"
91738,"2026-07-20",8123,2009,"PO-2026-91738",463,4451.13,2060873.19,"Partially Paid","Pending"
91739,"2026-01-06",8231,2007,"PO-2026-91739",44,30240.67,1330589.48,"Paid","Approved"
91740,"2026-04-01",8231,2006,"PO-2026-91740",362,16865.13,6105177.06,"Pending","Cancelled"
91741,"2026-03-09",8412,2010,"PO-2026-91741",110,2985.05,328355.50,"Partially Paid","Cancelled"
91742,"2026-02-10",8137,2014,"PO-2026-91742",438,9667.89,4234535.82,"Paid","Cancelled"
91743,"2026-02-20",8158,2005,"PO-2026-91743",486,11855.46,5761753.56,"Paid","Received"
91744,"2026-01-16",8172,2003,"PO-2026-91744",463,1629.43,754426.09,"Pending","Cancelled"
91745,"2026-06-02",8232,2002,"PO-2026-91745",38,13550.50,514919.00,"Paid","Pending"
91746,"2026-03-22",8350,2014,"PO-2026-91746",233,8202.04,1911075.32,"Paid","Received"
91747,"2026-05-06",8425,2010,"PO-2026-91747",10,3209.02,32090.20,"Paid","Cancelled"
91748,"2026-04-19",8032,2013,"PO-2026-91748",276,22695.85,6264054.60,"Paid","Pending"
91749,"2026-07-07",8202,2004,"PO-2026-91749",293,873.18,255841.74,"Pending","Received"
91750,"2026-03-01",8068,2008,"PO-2026-91750",11,1954.16,21495.76,"Partially Paid","Cancelled"
91751,"2026-05-30",8332,2003,"PO-2026-91751",278,1678.97,466753.66,"Paid","Approved"
91752,"2026-03-09",8047,2010,"PO-2026-91752",481,2827.26,1359912.06,"Paid","Received"
91753,"2026-07-28",8349,2009,"PO-2026-91753",263,4015.25,1056010.75,"Partially Paid","Approved"
91754,"2026-01-25",8320,2004,"PO-2026-91754",62,681.01,42222.62,"Partially Paid","Approved"
91755,"2026-03-08",8064,2006,"PO-2026-91755",111,17023.62,1889621.82,"Pending","Pending"
91756,"2026-01-28",8200,2009,"PO-2026-91756",493,3563.07,1756593.51,"Pending","Approved"
91757,"2026-02-16",8005,2014,"PO-2026-91757",243,7458.28,1812362.04,"Partially Paid","Cancelled"
91758,"2026-03-08",8453,2007,"PO-2026-91758",226,32080.23,7250131.98,"Partially Paid","Received"
91759,"2026-08-08",8017,2007,"PO-2026-91759",197,29200.65,5752528.05,"Pending","Approved"
91760,"2026-06-12",8043,2012,"PO-2026-91760",435,5978.93,2600834.55,"Paid","Approved"
91761,"2026-07-31",8232,2008,"PO-2026-91761",146,2312.32,337598.72,"Paid","Pending"
91762,"2026-03-18",8038,2006,"PO-2026-91762",222,19771.76,4389330.72,"Paid","Approved"
91763,"2026-06-29",8374,2003,"PO-2026-91763",163,1678.41,273580.83,"Partially Paid","Pending"
91764,"2026-06-13",8181,2015,"PO-2026-91764",164,9269.18,1520145.52,"Partially Paid","Approved"
91765,"2026-02-01",8500,2011,"PO-2026-91765",136,6742.75,917014.00,"Paid","Cancelled"
91766,"2026-01-22",8270,2004,"PO-2026-91766",308,940.17,289572.36,"Paid","Cancelled"
91767,"2026-08-12",8404,2012,"PO-2026-91767",463,4433.26,2052599.38,"Paid","Cancelled"
91768,"2026-04-26",8092,2007,"PO-2026-91768",258,30958.96,7987411.68,"Paid","Pending"
91769,"2026-07-27",8040,2002,"PO-2026-91769",404,15395.53,6219794.12,"Paid","Received"
91770,"2026-01-08",8097,2014,"PO-2026-91770",338,9153.59,3093913.42,"Partially Paid","Pending"
91771,"2026-05-13",8420,2013,"PO-2026-91771",449,25958.65,11655433.85,"Pending","Cancelled"
91772,"2026-02-06",8244,2008,"PO-2026-91772",296,2029.18,600637.28,"Partially Paid","Received"
91773,"2026-03-17",8149,2008,"PO-2026-91773",106,2001.91,212202.46,"Pending","Pending"
91774,"2026-01-30",8488,2015,"PO-2026-91774",303,12268.29,3717291.87,"Pending","Received"
91775,"2026-05-25",8130,2013,"PO-2026-91775",490,24655.40,12081146.00,"Partially Paid","Approved"
91776,"2026-04-27",8036,2011,"PO-2026-91776",215,4957.83,1065933.45,"Paid","Cancelled"
91777,"2026-01-24",8047,2008,"PO-2026-91777",265,1957.78,518811.70,"Partially Paid","Cancelled"
91778,"2026-06-01",8159,2014,"PO-2026-91778",436,7941.92,3462677.12,"Paid","Cancelled"
91779,"2026-02-18",8426,2010,"PO-2026-91779",203,2604.66,528745.98,"Paid","Received"
91780,"2026-05-07",8086,2001,"PO-2026-91780",472,41433.21,19556475.12,"Pending","Received"
91781,"2026-08-29",8241,2012,"PO-2026-91781",373,4821.77,1798520.21,"Paid","Approved"
91782,"2026-01-13",8493,2001,"PO-2026-91782",235,45077.22,10593146.70,"Paid","Pending"
91783,"2026-05-23",8406,2001,"PO-2026-91783",284,41971.16,11919809.44,"Paid","Received"
91784,"2026-02-06",8243,2004,"PO-2026-91784",326,846.30,275893.80,"Partially Paid","Pending"
91785,"2026-06-27",8482,2008,"PO-2026-91785",173,2023.53,350070.69,"Paid","Cancelled"
91786,"2026-01-26",8175,2009,"PO-2026-91786",255,4321.70,1102033.50,"Paid","Received"
91787,"2026-05-09",8299,2009,"PO-2026-91787",163,4645.86,757275.18,"Pending","Cancelled"
91788,"2026-02-16",8350,2005,"PO-2026-91788",223,12472.39,2781342.97,"Paid","Approved"
91789,"2026-08-11",8119,2009,"PO-2026-91789",277,3380.42,936376.34,"Pending","Pending"
91790,"2026-04-26",8055,2001,"PO-2026-91790",369,41546.79,15330765.51,"Partially Paid","Cancelled"
91791,"2026-02-24",8123,2009,"PO-2026-91791",416,3733.16,1552994.56,"Paid","Approved"
91792,"2026-07-14",8435,2012,"PO-2026-91792",212,4776.91,1012704.92,"Paid","Pending"
91793,"2026-02-13",8288,2002,"PO-2026-91793",297,12924.45,3838561.65,"Paid","Approved"
91794,"2026-04-11",8024,2002,"PO-2026-91794",214,12366.75,2646484.50,"Pending","Received"
91795,"2026-04-10",8168,2005,"PO-2026-91795",323,11277.56,3642651.88,"Paid","Approved"
91796,"2026-05-02",8032,2006,"PO-2026-91796",97,21915.59,2125812.23,"Paid","Approved"
91797,"2026-04-27",8304,2006,"PO-2026-91797",195,16662.21,3249130.95,"Paid","Received"
91798,"2026-04-26",8078,2009,"PO-2026-91798",68,3764.50,255986.00,"Partially Paid","Pending"
91799,"2026-01-07",8185,2002,"PO-2026-91799",439,14826.13,6508671.07,"Paid","Approved"
91800,"2026-08-13",8070,2009,"PO-2026-91800",263,4181.59,1099758.17,"Paid","Cancelled"
91801,"2026-02-13",8422,2010,"PO-2026-91801",73,3272.01,238856.73,"Paid","Cancelled"
91802,"2026-06-22",8336,2002,"PO-2026-91802",385,15304.34,5892170.90,"Partially Paid","Received"
91803,"2026-08-17",8401,2011,"PO-2026-91803",417,4963.30,2069696.10,"Partially Paid","Received"
91804,"2026-02-27",8275,2013,"PO-2026-91804",83,24247.99,2012583.17,"Pending","Approved"
91805,"2026-02-12",8022,2004,"PO-2026-91805",348,806.31,280595.88,"Paid","Received"
91806,"2026-04-07",8141,2008,"PO-2026-91806",80,2319.62,185569.60,"Paid","Received"
91807,"2026-07-29",8081,2008,"PO-2026-91807",98,2518.35,246798.30,"Partially Paid","Received"
91808,"2026-08-27",8127,2008,"PO-2026-91808",86,2251.15,193598.90,"Paid","Approved"
91809,"2026-03-20",8194,2012,"PO-2026-91809",130,4625.96,601374.80,"Paid","Approved"
91810,"2026-02-16",8170,2003,"PO-2026-91810",86,1705.60,146681.60,"Partially Paid","Approved"
91811,"2026-05-08",8478,2011,"PO-2026-91811",465,6676.96,3104786.40,"Pending","Cancelled"
91812,"2026-02-24",8465,2005,"PO-2026-91812",359,10395.38,3731941.42,"Paid","Pending"
91813,"2026-02-26",8260,2001,"PO-2026-91813",329,54660.28,17983232.12,"Paid","Cancelled"
91814,"2026-07-12",8364,2002,"PO-2026-91814",377,14596.96,5503053.92,"Paid","Received"
91815,"2026-07-07",8144,2015,"PO-2026-91815",452,11374.30,5141183.60,"Paid","Approved"
91816,"2026-06-03",8309,2007,"PO-2026-91816",125,27419.54,3427442.50,"Partially Paid","Received"
91817,"2026-02-11",8117,2003,"PO-2026-91817",272,1725.85,469431.20,"Paid","Approved"
91818,"2026-07-14",8394,2010,"PO-2026-91818",122,2965.13,361745.86,"Pending","Cancelled"
91819,"2026-05-21",8404,2001,"PO-2026-91819",428,41688.10,17842506.80,"Paid","Cancelled"
91820,"2026-03-01",8189,2007,"PO-2026-91820",236,28212.74,6658206.64,"Paid","Received"
91821,"2026-08-29",8377,2006,"PO-2026-91821",185,18279.59,3381724.15,"Pending","Received"
91822,"2026-03-11",8308,2012,"PO-2026-91822",166,4595.15,762794.90,"Partially Paid","Approved"
91823,"2026-05-06",8084,2003,"PO-2026-91823",229,1653.56,378665.24,"Paid","Approved"
91824,"2026-07-25",8249,2005,"PO-2026-91824",282,10174.49,2869206.18,"Pending","Received"
91825,"2026-06-26",8421,2008,"PO-2026-91825",336,2349.45,789415.20,"Paid","Pending"
91826,"2026-05-19",8305,2006,"PO-2026-91826",57,18030.28,1027725.96,"Paid","Approved"
91827,"2026-01-28",8169,2014,"PO-2026-91827",475,9902.84,4703849.00,"Paid","Approved"
91828,"2026-02-07",8178,2014,"PO-2026-91828",479,8322.32,3986391.28,"Partially Paid","Cancelled"
91829,"2026-04-07",8227,2008,"PO-2026-91829",476,2139.00,1018164.00,"Paid","Received"
91830,"2026-05-03",8048,2002,"PO-2026-91830",430,15154.03,6516232.90,"Pending","Cancelled"
91831,"2026-06-15",8466,2002,"PO-2026-91831",343,13679.58,4692095.94,"Paid","Approved"
91832,"2026-03-01",8324,2006,"PO-2026-91832",212,17601.51,3731520.12,"Pending","Received"
91833,"2026-01-05",8283,2002,"PO-2026-91833",115,12758.53,1467230.95,"Pending","Approved"
91834,"2026-07-14",8125,2013,"PO-2026-91834",38,26938.78,1023673.64,"Pending","Approved"
91835,"2026-01-20",8421,2015,"PO-2026-91835",129,10588.01,1365853.29,"Paid","Approved"
91836,"2026-08-28",8068,2011,"PO-2026-91836",335,6152.45,2061070.75,"Paid","Approved"
91837,"2026-04-27",8090,2004,"PO-2026-91837",429,820.82,352131.78,"Paid","Pending"
91838,"2026-07-18",8202,2001,"PO-2026-91838",419,47797.37,20027098.03,"Partially Paid","Pending"
91839,"2026-02-28",8320,2001,"PO-2026-91839",394,49180.12,19376967.28,"Partially Paid","Received"
91840,"2026-05-20",8473,2009,"PO-2026-91840",218,4458.24,971896.32,"Partially Paid","Received"
91841,"2026-04-20",8087,2009,"PO-2026-91841",494,3508.13,1733016.22,"Pending","Cancelled"
91842,"2026-07-20",8066,2002,"PO-2026-91842",54,15615.73,843249.42,"Pending","Cancelled"
91843,"2026-06-16",8164,2004,"PO-2026-91843",279,907.30,253136.70,"Paid","Cancelled"
91844,"2026-03-04",8098,2003,"PO-2026-91844",488,1589.37,775612.56,"Paid","Cancelled"
91845,"2026-07-04",8257,2007,"PO-2026-91845",320,26782.86,8570515.20,"Partially Paid","Approved"
91846,"2026-08-12",8357,2011,"PO-2026-91846",348,5119.77,1781679.96,"Paid","Approved"
91847,"2026-07-05",8429,2013,"PO-2026-91847",16,28119.11,449905.76,"Pending","Approved"
91848,"2026-02-21",8487,2003,"PO-2026-91848",131,1674.28,219330.68,"Partially Paid","Cancelled"
91849,"2026-01-19",8194,2014,"PO-2026-91849",60,9009.89,540593.40,"Partially Paid","Received"
91850,"2026-08-15",8038,2011,"PO-2026-91850",401,5091.17,2041559.17,"Pending","Approved"
91851,"2026-07-11",8397,2007,"PO-2026-91851",160,31957.43,5113188.80,"Pending","Pending"
91852,"2026-07-24",8099,2006,"PO-2026-91852",319,22274.68,7105622.92,"Partially Paid","Received"
91853,"2026-08-26",8078,2015,"PO-2026-91853",314,10700.64,3360000.96,"Partially Paid","Cancelled"
91854,"2026-01-05",8145,2001,"PO-2026-91854",279,41493.80,11576770.20,"Partially Paid","Approved"
91855,"2026-02-20",8381,2003,"PO-2026-91855",92,1574.75,144877.00,"Paid","Cancelled"
91856,"2026-05-10",8440,2013,"PO-2026-91856",450,25463.44,11458548.00,"Paid","Cancelled"
91857,"2026-01-21",8318,2004,"PO-2026-91857",365,941.09,343497.85,"Partially Paid","Approved"
91858,"2026-01-31",8496,2015,"PO-2026-91858",463,11975.40,5544610.20,"Pending","Approved"
91859,"2026-05-24",8308,2009,"PO-2026-91859",280,4246.23,1188944.40,"Paid","Approved"
91860,"2026-07-15",8160,2003,"PO-2026-91860",329,1729.85,569120.65,"Pending","Approved"
91861,"2026-05-09",8122,2015,"PO-2026-91861",436,11946.63,5208730.68,"Partially Paid","Approved"
91862,"2026-04-21",8340,2001,"PO-2026-91862",401,42659.90,17106619.90,"Partially Paid","Approved"
91863,"2026-07-11",8486,2014,"PO-2026-91863",296,8902.80,2635228.80,"Paid","Cancelled"
91864,"2026-02-13",8419,2002,"PO-2026-91864",74,15057.94,1114287.56,"Paid","Approved"
91865,"2026-01-25",8469,2006,"PO-2026-91865",397,17157.09,6811364.73,"Partially Paid","Approved"
91866,"2026-08-06",8264,2012,"PO-2026-91866",316,5202.86,1644103.76,"Pending","Cancelled"
91867,"2026-05-04",8346,2011,"PO-2026-91867",23,5423.94,124750.62,"Paid","Approved"
91868,"2026-05-29",8235,2008,"PO-2026-91868",354,2516.69,890908.26,"Partially Paid","Pending"
91869,"2026-06-21",8017,2014,"PO-2026-91869",133,7417.29,986499.57,"Paid","Cancelled"
91870,"2026-03-21",8373,2006,"PO-2026-91870",112,17006.37,1904713.44,"Pending","Approved"
91871,"2026-02-04",8381,2015,"PO-2026-91871",119,10381.16,1235358.04,"Paid","Approved"
91872,"2026-05-02",8247,2002,"PO-2026-91872",142,15249.09,2165370.78,"Paid","Received"
91873,"2026-01-04",8079,2008,"PO-2026-91873",493,2158.51,1064145.43,"Paid","Approved"
91874,"2026-07-29",8495,2003,"PO-2026-91874",408,1597.50,651780.00,"Pending","Approved"
91875,"2026-05-29",8419,2011,"PO-2026-91875",149,6644.29,989999.21,"Pending","Cancelled"
91876,"2026-02-26",8400,2002,"PO-2026-91876",263,15452.88,4064107.44,"Pending","Cancelled"
91877,"2026-08-13",8005,2014,"PO-2026-91877",119,9953.40,1184454.60,"Paid","Pending"
91878,"2026-01-21",8485,2007,"PO-2026-91878",375,28919.58,10844842.50,"Partially Paid","Approved"
91879,"2026-07-08",8239,2001,"PO-2026-91879",484,49250.92,23837445.28,"Paid","Approved"
91880,"2026-08-04",8191,2015,"PO-2026-91880",346,10138.03,3507758.38,"Pending","Cancelled"
91881,"2026-03-03",8228,2007,"PO-2026-91881",116,29757.30,3451846.80,"Paid","Approved"
91882,"2026-07-30",8286,2004,"PO-2026-91882",413,813.60,336016.80,"Paid","Approved"
91883,"2026-02-06",8285,2010,"PO-2026-91883",174,3190.71,555183.54,"Paid","Approved"
91884,"2026-06-22",8347,2004,"PO-2026-91884",487,940.04,457799.48,"Pending","Cancelled"
91885,"2026-04-20",8443,2003,"PO-2026-91885",119,1497.73,178229.87,"Paid","Approved"
91886,"2026-02-28",8068,2014,"PO-2026-91886",159,9714.43,1544594.37,"Paid","Pending"
91887,"2026-03-19",8326,2002,"PO-2026-91887",18,11797.26,212350.68,"Pending","Approved"
91888,"2026-02-19",8422,2015,"PO-2026-91888",12,10307.80,123693.60,"Partially Paid","Received"
91889,"2026-07-13",8373,2008,"PO-2026-91889",241,2190.89,528004.49,"Partially Paid","Approved"
91890,"2026-06-11",8064,2011,"PO-2026-91890",87,5571.47,484717.89,"Partially Paid","Received"
91891,"2026-03-02",8278,2005,"PO-2026-91891",98,9842.70,964584.60,"Pending","Approved"
91892,"2026-06-07",8289,2009,"PO-2026-91892",436,4066.15,1772841.40,"Paid","Cancelled"
91893,"2026-01-07",8310,2004,"PO-2026-91893",370,702.07,259765.90,"Partially Paid","Received"
91894,"2026-04-10",8393,2007,"PO-2026-91894",494,28963.99,14308211.06,"Paid","Pending"
91895,"2026-06-20",8150,2014,"PO-2026-91895",384,8706.17,3343169.28,"Pending","Approved"
91896,"2026-06-11",8453,2011,"PO-2026-91896",62,5743.54,356099.48,"Partially Paid","Pending"
91897,"2026-01-30",8411,2003,"PO-2026-91897",153,1615.48,247168.44,"Partially Paid","Cancelled"
91898,"2026-03-25",8194,2013,"PO-2026-91898",363,25920.10,9408996.30,"Partially Paid","Received"
91899,"2026-07-20",8222,2007,"PO-2026-91899",298,25512.98,7602868.04,"Pending","Cancelled"
91900,"2026-06-23",8094,2015,"PO-2026-91900",336,12490.35,4196757.60,"Paid","Pending"
91901,"2026-08-04",8315,2008,"PO-2026-91901",367,2098.07,769991.69,"Pending","Cancelled"
91902,"2026-02-16",8161,2006,"PO-2026-91902",375,18420.27,6907601.25,"Partially Paid","Pending"
91903,"2026-03-04",8343,2005,"PO-2026-91903",160,12417.75,1986840.00,"Paid","Approved"
91904,"2026-01-13",8198,2002,"PO-2026-91904",108,13456.64,1453317.12,"Paid","Received"
91905,"2026-08-26",8374,2015,"PO-2026-91905",452,9573.24,4327104.48,"Paid","Approved"
91906,"2026-05-05",8450,2003,"PO-2026-91906",355,1492.54,529851.70,"Paid","Received"
91907,"2026-04-18",8449,2012,"PO-2026-91907",197,4745.50,934863.50,"Pending","Approved"
91908,"2026-01-18",8173,2011,"PO-2026-91908",262,6115.66,1602302.92,"Partially Paid","Approved"
91909,"2026-04-07",8282,2013,"PO-2026-91909",263,24818.24,6527197.12,"Paid","Approved"
91910,"2026-07-26",8383,2014,"PO-2026-91910",34,7538.31,256302.54,"Paid","Approved"
91911,"2026-01-10",8472,2005,"PO-2026-91911",107,10127.90,1083685.30,"Partially Paid","Pending"
91912,"2026-05-25",8327,2014,"PO-2026-91912",19,9183.50,174486.50,"Paid","Approved"
91913,"2026-08-22",8100,2002,"PO-2026-91913",440,12871.71,5663552.40,"Paid","Approved"
91914,"2026-05-09",8292,2009,"PO-2026-91914",168,3459.14,581135.52,"Pending","Received"
91915,"2026-03-28",8427,2001,"PO-2026-91915",485,54475.71,26420719.35,"Paid","Pending"
91916,"2026-02-01",8103,2009,"PO-2026-91916",73,3443.57,251380.61,"Paid","Cancelled"
91917,"2026-05-17",8279,2006,"PO-2026-91917",155,18319.63,2839542.65,"Paid","Pending"
91918,"2026-04-10",8139,2008,"PO-2026-91918",466,2422.78,1129015.48,"Partially Paid","Approved"
91919,"2026-06-12",8017,2010,"PO-2026-91919",417,3056.26,1274460.42,"Partially Paid","Received"
91920,"2026-01-17",8206,2007,"PO-2026-91920",188,24819.68,4666099.84,"Pending","Received"
91921,"2026-08-23",8020,2008,"PO-2026-91921",440,2022.70,889988.00,"Pending","Approved"
91922,"2026-07-20",8062,2011,"PO-2026-91922",43,6407.67,275529.81,"Pending","Approved"
91923,"2026-03-02",8411,2009,"PO-2026-91923",240,3966.98,952075.20,"Partially Paid","Approved"
91924,"2026-07-16",8175,2001,"PO-2026-91924",13,50613.61,657976.93,"Pending","Received"
91925,"2026-01-15",8413,2007,"PO-2026-91925",336,29733.80,9990556.80,"Pending","Pending"
91926,"2026-04-13",8442,2004,"PO-2026-91926",352,730.88,257269.76,"Paid","Approved"
91927,"2026-02-19",8485,2015,"PO-2026-91927",175,11992.83,2098745.25,"Paid","Approved"
91928,"2026-04-21",8106,2001,"PO-2026-91928",211,43800.45,9241894.95,"Partially Paid","Pending"
91929,"2026-01-15",8323,2003,"PO-2026-91929",336,1783.60,599289.60,"Partially Paid","Approved"
91930,"2026-04-25",8203,2004,"PO-2026-91930",250,739.08,184770.00,"Partially Paid","Cancelled"
91931,"2026-01-12",8312,2004,"PO-2026-91931",56,792.28,44367.68,"Partially Paid","Pending"
91932,"2026-01-05",8138,2008,"PO-2026-91932",375,2329.68,873630.00,"Partially Paid","Pending"
91933,"2026-01-06",8389,2001,"PO-2026-91933",182,46781.42,8514218.44,"Paid","Approved"
91934,"2026-05-30",8097,2010,"PO-2026-91934",152,2950.73,448510.96,"Pending","Received"
91935,"2026-06-06",8334,2012,"PO-2026-91935",321,4467.49,1434064.29,"Partially Paid","Approved"
91936,"2026-04-04",8287,2010,"PO-2026-91936",32,2579.27,82536.64,"Partially Paid","Cancelled"
91937,"2026-06-28",8336,2009,"PO-2026-91937",461,3580.38,1650555.18,"Paid","Approved"
91938,"2026-03-25",8455,2006,"PO-2026-91938",480,18698.80,8975424.00,"Pending","Approved"
91939,"2026-06-08",8325,2015,"PO-2026-91939",143,11588.65,1657176.95,"Paid","Cancelled"
91940,"2026-06-12",8013,2010,"PO-2026-91940",29,2816.51,81678.79,"Paid","Pending"
91941,"2026-03-01",8046,2005,"PO-2026-91941",16,11557.87,184925.92,"Partially Paid","Approved"
91942,"2026-08-22",8126,2007,"PO-2026-91942",299,26094.97,7802396.03,"Paid","Approved"
91943,"2026-04-07",8408,2004,"PO-2026-91943",159,762.17,121185.03,"Paid","Cancelled"
91944,"2026-01-08",8092,2005,"PO-2026-91944",350,10198.39,3569436.50,"Partially Paid","Received"
91945,"2026-03-13",8262,2005,"PO-2026-91945",427,10779.33,4602773.91,"Paid","Pending"
91946,"2026-03-19",8050,2010,"PO-2026-91946",149,2799.18,417077.82,"Pending","Approved"
91947,"2026-06-12",8168,2009,"PO-2026-91947",219,4119.63,902198.97,"Paid","Received"
91948,"2026-04-16",8010,2008,"PO-2026-91948",164,2363.67,387641.88,"Partially Paid","Cancelled"
91949,"2026-03-06",8356,2010,"PO-2026-91949",58,2821.32,163636.56,"Paid","Pending"
91950,"2026-01-05",8051,2011,"PO-2026-91950",385,6810.76,2622142.60,"Paid","Received"
91951,"2026-04-23",8080,2014,"PO-2026-91951",41,8244.80,338036.80,"Paid","Approved"
91952,"2026-03-09",8359,2015,"PO-2026-91952",291,11104.20,3231322.20,"Partially Paid","Approved"
91953,"2026-03-21",8250,2008,"PO-2026-91953",36,2618.52,94266.72,"Pending","Cancelled"
91954,"2026-04-11",8401,2014,"PO-2026-91954",178,7218.82,1284949.96,"Paid","Approved"
91955,"2026-02-16",8382,2014,"PO-2026-91955",67,9061.35,607110.45,"Partially Paid","Cancelled"
91956,"2026-04-25",8216,2015,"PO-2026-91956",405,11716.99,4745380.95,"Pending","Pending"
91957,"2026-01-02",8210,2011,"PO-2026-91957",168,6219.70,1044909.60,"Paid","Approved"
91958,"2026-04-14",8159,2006,"PO-2026-91958",213,16957.67,3611983.71,"Partially Paid","Pending"
91959,"2026-02-04",8178,2006,"PO-2026-91959",221,23084.10,5101586.10,"Paid","Approved"
91960,"2026-08-05",8411,2006,"PO-2026-91960",44,19285.08,848543.52,"Paid","Cancelled"
91961,"2026-07-05",8465,2011,"PO-2026-91961",25,5216.29,130407.25,"Paid","Received"
91962,"2026-02-15",8472,2015,"PO-2026-91962",87,11926.86,1037636.82,"Pending","Pending"
91963,"2026-03-15",8177,2007,"PO-2026-91963",310,28672.15,8888366.50,"Paid","Approved"
91964,"2026-04-19",8461,2009,"PO-2026-91964",47,4194.48,197140.56,"Paid","Received"
91965,"2026-03-10",8173,2012,"PO-2026-91965",202,4753.61,960229.22,"Paid","Approved"
91966,"2026-07-10",8404,2011,"PO-2026-91966",342,5136.38,1756641.96,"Partially Paid","Approved"
91967,"2026-06-06",8064,2002,"PO-2026-91967",238,11708.09,2786525.42,"Paid","Approved"
91968,"2026-01-28",8500,2003,"PO-2026-91968",322,1371.96,441771.12,"Pending","Cancelled"
91969,"2026-05-09",8035,2015,"PO-2026-91969",383,10812.08,4141026.64,"Paid","Pending"
91970,"2026-06-12",8193,2011,"PO-2026-91970",379,6681.85,2532421.15,"Paid","Approved"
91971,"2026-07-18",8131,2004,"PO-2026-91971",362,756.38,273809.56,"Partially Paid","Approved"
91972,"2026-04-30",8082,2009,"PO-2026-91972",45,4346.47,195591.15,"Pending","Approved"
91973,"2026-01-28",8489,2010,"PO-2026-91973",349,2626.70,916718.30,"Pending","Approved"
91974,"2026-02-04",8063,2003,"PO-2026-91974",483,1682.29,812546.07,"Paid","Received"
91975,"2026-08-28",8041,2003,"PO-2026-91975",444,1471.38,653292.72,"Pending","Received"
91976,"2026-05-04",8232,2014,"PO-2026-91976",466,8783.76,4093232.16,"Paid","Received"
91977,"2026-08-12",8293,2010,"PO-2026-91977",384,3001.02,1152391.68,"Paid","Approved"
91978,"2026-07-22",8009,2014,"PO-2026-91978",373,9783.70,3649320.10,"Partially Paid","Approved"
91979,"2026-03-22",8447,2014,"PO-2026-91979",127,8785.25,1115726.75,"Pending","Approved"
91980,"2026-07-13",8142,2012,"PO-2026-91980",95,5923.93,562773.35,"Pending","Approved"
91981,"2026-08-26",8389,2003,"PO-2026-91981",436,1672.60,729253.60,"Paid","Cancelled"
91982,"2026-04-28",8139,2012,"PO-2026-91982",277,5952.10,1648731.70,"Paid","Approved"
91983,"2026-01-01",8042,2008,"PO-2026-91983",159,2303.93,366324.87,"Pending","Cancelled"
91984,"2026-04-26",8227,2007,"PO-2026-91984",436,26698.64,11640607.04,"Paid","Approved"
91985,"2026-08-13",8427,2001,"PO-2026-91985",309,44003.22,13596994.98,"Paid","Cancelled"
91986,"2026-05-24",8399,2015,"PO-2026-91986",258,9219.00,2378502.00,"Partially Paid","Cancelled"
91987,"2026-07-10",8385,2011,"PO-2026-91987",288,5259.35,1514692.80,"Paid","Received"
91988,"2026-01-15",8432,2002,"PO-2026-91988",68,12948.32,880485.76,"Paid","Approved"
91989,"2026-07-18",8480,2007,"PO-2026-91989",286,31632.22,9046814.92,"Partially Paid","Approved"
91990,"2026-02-13",8295,2015,"PO-2026-91990",275,9376.88,2578642.00,"Partially Paid","Received"
91991,"2026-06-10",8233,2011,"PO-2026-91991",338,6280.69,2122873.22,"Partially Paid","Approved"
91992,"2026-01-19",8318,2009,"PO-2026-91992",488,4496.06,2194077.28,"Paid","Pending"
91993,"2026-04-18",8029,2015,"PO-2026-91993",469,10260.74,4812287.06,"Pending","Pending"
91994,"2026-04-03",8500,2015,"PO-2026-91994",199,9840.02,1958163.98,"Paid","Approved"
91995,"2026-07-24",8253,2003,"PO-2026-91995",232,1718.68,398733.76,"Paid","Pending"
91996,"2026-01-18",8228,2008,"PO-2026-91996",79,2475.61,195573.19,"Pending","Approved"
91997,"2026-06-22",8170,2010,"PO-2026-91997",447,2943.61,1315793.67,"Pending","Approved"
91998,"2026-06-23",8334,2002,"PO-2026-91998",367,14073.38,5164930.46,"Partially Paid","Approved"
91999,"2026-08-03",8265,2002,"PO-2026-91999",286,13082.22,3741514.92,"Paid","Received"
92000,"2026-07-18",8445,2012,"PO-2026-92000",471,4649.58,2189952.18,"Paid","Cancelled"
