"item_id","category","stock_level","reorder_point","reorder_frequency_days","lead_time_days","daily_demand","demand_std_dev","item_popularity_score","storage_location_id","zone","picking_time_seconds","handling_cost_per_unit","unit_price","holding_cost_per_unit_day","stockout_count_last_month","order_fulfillment_rate","total_orders_last_month","turnover_ratio","layout_efficiency_score","last_restock_date","forecasted_demand_next_7d","kpi_score"
"ITM10000","Pharma",283,21,4,4,49.850000,1.560000,0.430000,"L82","B",106,3.610000,117.800000,1.140000,0,0.800000,700,3.330000,0.330000,"2024-02-17",184.370000,0.556000
"ITM10001","Automotive",301,52,9,6,23.340000,2.550000,0.690000,"L15","A",45,3.540000,178.800000,1.090000,3,0.790000,736,10.360000,0.980000,"2024-10-01",221.940000,0.723000
"ITM10002","Groceries",132,60,11,8,37.690000,3.150000,0.620000,"L4","B",177,0.520000,54.050000,0.950000,7,0.750000,814,14.320000,0.870000,"2024-04-07",53.850000,0.680000
"ITM10003","Automotive",346,46,13,5,33.690000,2.790000,0.210000,"L95","A",39,2.640000,31.100000,1.900000,0,0.960000,994,2.080000,0.290000,"2024-01-27",92.040000,0.488000
"ITM10004","Automotive",49,55,4,6,49.580000,5.230000,0.310000,"L36","D",35,1.400000,104.970000,0.630000,5,0.830000,299,5.650000,0.960000,"2024-05-17",194.580000,0.670000
"ITM10005","Apparel",154,62,9,6,35.950000,9.470000,0.410000,"L32","A",94,1.960000,164.120000,0.660000,1,0.990000,477,7.610000,0.950000,"2024-07-12",180.650000,0.803000
"ITM10006","Groceries",86,97,6,4,9.040000,4.720000,0.280000,"L29","C",110,4.900000,134.380000,0.370000,8,0.880000,418,4.250000,0.450000,"2024-12-10",223.690000,0.526000
"ITM10007","Groceries",84,89,13,4,47.820000,6.780000,0.240000,"L18","D",130,0.880000,131.090000,1.420000,7,0.740000,958,11.370000,0.700000,"2024-11-05",195.750000,0.558000
"ITM10008","Groceries",311,22,4,9,33.720000,7.040000,0.150000,"L95","D",40,3.750000,13.320000,0.710000,8,0.860000,697,10.640000,0.290000,"2024-11-04",105.740000,0.541000
"ITM10009","Automotive",44,98,9,8,3.910000,8.780000,0.890000,"L14","A",26,1.280000,70.320000,1.630000,8,1.000000,496,2.650000,0.270000,"2024-01-21",154.780000,0.366000
"ITM10010","Pharma",56,63,7,2,33.220000,0.820000,0.360000,"L87","B",107,0.530000,188.500000,1.950000,1,0.870000,71,8.970000,0.600000,"2024-02-07",266.580000,0.599000
"ITM10011","Groceries",20,66,3,7,44.270000,4.340000,0.360000,"L95","A",135,2.760000,35.510000,0.180000,1,0.700000,599,6.160000,0.240000,"2024-04-06",63.970000,0.632000
"ITM10012","Automotive",418,13,7,3,29.280000,7.950000,0.290000,"L70","A",33,1.230000,148.010000,1.990000,8,0.980000,588,4.200000,0.900000,"2024-10-27",119.260000,0.473000
"ITM10013","Apparel",56,84,14,5,18.350000,8.240000,0.530000,"L12","D",131,4.840000,154.270000,0.580000,1,0.770000,331,12.880000,0.940000,"2024-12-09",254.100000,0.836000
"ITM10014","Pharma",160,58,14,4,41.220000,9.310000,0.560000,"L76","C",141,1.420000,149.240000,0.900000,3,0.910000,328,1.770000,0.250000,"2024-10-13",115.620000,0.506000
"ITM10015","Apparel",251,16,5,5,39.340000,7.180000,0.290000,"L55","B",146,1.360000,197.960000,1.580000,1,0.850000,169,7.540000,0.240000,"2024-04-21",129.550000,0.541000
"ITM10016","Pharma",155,20,9,7,27.660000,2.830000,0.650000,"L5","A",139,0.640000,87.750000,1.360000,0,0.800000,302,7.650000,0.380000,"2024-09-02",102.570000,0.602000
"ITM10017","Automotive",408,63,8,7,8.560000,5.300000,0.750000,"L4","C",172,1.980000,139.620000,1.580000,9,0.780000,920,8.980000,0.940000,"2024-04-16",270.860000,0.526000
"ITM10018","Electronics",207,96,10,8,13.300000,0.810000,0.440000,"L12","C",132,0.610000,46.790000,0.990000,6,0.980000,526,3.770000,0.820000,"2024-06-19",202.370000,0.591000
"ITM10019","Pharma",147,54,7,6,37.190000,6.650000,0.630000,"L28","B",47,2.740000,85.940000,1.840000,4,0.970000,114,13.200000,0.740000,"2024-06-04",70.550000,0.654000
"ITM10020","Apparel",220,32,4,8,40.500000,5.770000,0.550000,"L30","C",152,2.780000,103.400000,1.600000,2,0.850000,635,14.510000,0.820000,"2024-01-08",227.390000,0.727000
"ITM10021","Automotive",146,37,11,3,14.680000,6.830000,0.280000,"L65","A",179,0.740000,50.820000,0.690000,7,0.780000,352,8.690000,0.360000,"2024-04-18",21.170000,0.535000
"ITM10022","Pharma",276,66,13,2,19.030000,9.340000,0.760000,"L78","D",140,1.580000,182.290000,1.900000,4,0.730000,366,4.590000,0.410000,"2024-04-07",124.960000,0.419000
"ITM10023","Electronics",183,35,10,5,4.800000,7.030000,0.820000,"L4","C",168,4.240000,146.080000,1.930000,0,0.750000,223,13.280000,0.450000,"2024-03-01",273.830000,0.624000
"ITM10024","Electronics",54,34,8,3,35.960000,3.540000,0.680000,"L72","D",178,2.580000,63.910000,0.890000,8,0.860000,949,14.830000,0.680000,"2024-09-02",210.040000,0.657000
"ITM10025","Groceries",213,63,12,9,1.180000,2.390000,0.390000,"L26","B",66,2.460000,35.640000,1.340000,4,0.790000,464,11.390000,0.690000,"2024-05-04",240.000000,0.634000
"ITM10026","Groceries",210,38,9,2,3.280000,8.620000,0.930000,"L92","B",51,3.640000,64.690000,1.650000,2,0.710000,309,5.670000,0.370000,"2024-12-22",280.080000,0.487000
"ITM10027","Apparel",123,92,11,5,1.210000,2.350000,0.510000,"L84","C",62,3.720000,128.370000,1.650000,5,0.840000,334,4.300000,0.550000,"2024-11-05",234.620000,0.470000
"ITM10028","Pharma",42,45,9,3,32.620000,2.040000,0.340000,"L90","D",128,3.930000,167.020000,0.130000,7,0.920000,122,3.190000,0.750000,"2024-12-26",35.690000,0.624000
"ITM10029","Pharma",284,23,5,4,21.450000,2.460000,0.470000,"L70","A",130,4.240000,105.600000,1.300000,1,0.970000,128,4.290000,0.450000,"2024-04-14",76.890000,0.591000
"ITM10030","Groceries",309,87,8,5,15.580000,5.330000,0.720000,"L54","D",65,1.550000,29.470000,1.950000,2,0.880000,93,4.180000,0.260000,"2024-07-22",155.000000,0.449000
"ITM10031","Pharma",449,44,13,3,45.720000,1.680000,0.860000,"L29","C",96,0.800000,57.370000,0.540000,6,0.920000,794,14.540000,0.360000,"2024-05-02",14.020000,0.676000
"ITM10032","Pharma",481,39,13,7,10.450000,9.410000,0.420000,"L58","D",85,2.210000,75.580000,1.610000,1,0.810000,52,10.010000,0.330000,"2024-10-09",191.130000,0.580000
"ITM10033","Electronics",403,26,9,2,20.080000,9.680000,0.310000,"L76","D",94,4.350000,130.870000,1.120000,4,0.850000,492,3.340000,0.710000,"2024-06-13",200.600000,0.565000
"ITM10034","Groceries",279,76,4,3,47.080000,9.750000,0.660000,"L36","B",94,0.850000,56.860000,0.520000,8,0.920000,128,7.830000,0.250000,"2024-05-24",211.970000,0.526000
"ITM10035","Automotive",433,89,5,4,21.930000,0.870000,0.930000,"L1","C",169,3.090000,54.450000,0.200000,6,0.920000,426,3.580000,0.910000,"2024-07-13",171.160000,0.674000
"ITM10036","Groceries",498,39,6,8,28.180000,9.490000,0.260000,"L98","D",90,3.650000,64.380000,1.540000,2,0.830000,742,9.480000,0.270000,"2024-08-26",141.190000,0.552000
"ITM10037","Automotive",377,54,12,5,4.940000,9.980000,0.820000,"L21","C",174,2.670000,122.580000,0.700000,1,0.860000,188,5.780000,0.680000,"2024-09-30",258.110000,0.695000
"ITM10038","Electronics",94,88,8,9,39.720000,9.450000,0.530000,"L90","A",17,1.650000,103.600000,0.810000,9,0.980000,951,3.740000,0.940000,"2024-11-28",232.530000,0.573000
"ITM10039","Apparel",374,98,3,5,21.720000,6.870000,0.820000,"L55","C",20,1.970000,169.910000,1.020000,8,0.890000,864,4.400000,0.250000,"2024-07-02",187.580000,0.425000
"ITM10040","Pharma",91,60,11,5,40.230000,7.160000,0.550000,"L44","A",147,0.820000,142.610000,1.060000,8,0.890000,56,10.450000,0.510000,"2024-06-06",23.340000,0.553000
"ITM10041","Electronics",278,56,7,4,13.440000,1.660000,0.440000,"L36","C",124,1.820000,136.700000,0.490000,8,0.940000,932,6.710000,0.460000,"2024-05-13",211.240000,0.560000
"ITM10042","Pharma",417,62,14,2,21.700000,8.810000,0.730000,"L20","C",90,0.700000,39.380000,1.370000,9,0.730000,927,8.180000,0.480000,"2024-07-03",171.870000,0.434000
"ITM10043","Apparel",207,73,9,5,39.540000,1.070000,0.910000,"L28","D",96,3.770000,20.490000,1.420000,2,0.860000,885,12.500000,0.680000,"2024-09-19",211.110000,0.693000
"ITM10044","Apparel",480,47,11,2,48.720000,3.520000,0.390000,"L98","D",51,4.540000,106.900000,0.370000,0,0.990000,774,10.180000,0.410000,"2024-09-11",100.310000,0.779000
"ITM10045","Electronics",192,73,11,3,3.920000,9.920000,0.510000,"L44","A",46,3.350000,23.610000,1.110000,8,0.810000,562,7.470000,0.220000,"2024-08-26",235.330000,0.435000
"ITM10046","Apparel",499,96,3,7,40.810000,4.510000,0.310000,"L14","A",101,3.460000,79.160000,1.260000,6,0.790000,745,14.360000,0.970000,"2024-02-20",131.200000,0.697000
"ITM10047","Automotive",309,98,3,9,15.730000,1.750000,0.270000,"L12","B",94,2.620000,14.960000,0.450000,1,0.880000,812,4.000000,0.800000,"2024-08-28",269.400000,0.724000
"ITM10048","Apparel",64,16,5,7,27.990000,9.710000,0.800000,"L49","D",68,1.200000,43.590000,1.800000,5,0.770000,776,5.050000,0.310000,"2024-06-12",40.160000,0.403000
"ITM10049","Pharma",80,31,8,2,15.210000,9.850000,0.280000,"L13","A",161,0.530000,30.970000,1.020000,8,0.870000,126,13.760000,0.560000,"2024-04-14",150.520000,0.607000
"ITM10050","Pharma",102,90,4,2,31.060000,2.280000,0.810000,"L46","D",165,2.050000,162.190000,0.320000,7,0.750000,92,12.950000,0.250000,"2024-07-08",69.660000,0.601000
"ITM10051","Pharma",142,91,12,7,18.340000,8.720000,0.490000,"L45","C",46,3.880000,75.760000,0.740000,5,0.870000,973,2.820000,0.220000,"2024-06-09",141.510000,0.482000
"ITM10052","Pharma",377,50,14,5,17.350000,4.210000,1.000000,"L78","B",30,4.820000,24.980000,1.010000,5,0.880000,206,14.020000,0.240000,"2024-07-30",112.590000,0.610000
"ITM10053","Automotive",35,83,13,6,2.860000,4.120000,0.280000,"L34","D",170,2.440000,60.440000,0.120000,7,0.830000,579,1.140000,0.800000,"2024-01-24",243.000000,0.589000
"ITM10054","Groceries",85,19,3,6,8.200000,3.000000,0.180000,"L6","D",139,2.140000,139.730000,0.160000,8,0.810000,904,12.510000,0.560000,"2024-10-15",58.480000,0.665000
"ITM10055","Electronics",443,66,3,4,45.940000,0.920000,0.170000,"L94","D",92,2.510000,151.670000,0.210000,7,0.770000,269,4.900000,0.880000,"2024-04-23",183.630000,0.634000
"ITM10056","Pharma",164,16,7,9,49.920000,3.050000,0.850000,"L59","D",165,2.420000,32.770000,1.120000,0,0.800000,634,3.640000,0.440000,"2024-03-15",127.880000,0.585000
"ITM10057","Apparel",394,59,6,8,39.250000,1.010000,0.490000,"L69","A",152,3.320000,157.930000,0.740000,1,0.850000,239,7.280000,0.820000,"2024-01-09",160.240000,0.737000
"ITM10058","Pharma",181,61,3,7,15.050000,9.280000,0.100000,"L16","A",10,3.800000,80.410000,1.800000,5,0.770000,924,13.560000,0.260000,"2024-05-13",217.180000,0.507000
"ITM10059","Apparel",253,42,6,7,20.720000,6.790000,0.890000,"L49","B",116,4.030000,139.080000,1.160000,7,0.930000,311,12.000000,0.710000,"2024-10-10",113.560000,0.632000
"ITM10060","Apparel",399,10,5,4,37.240000,8.920000,0.890000,"L11","C",37,3.420000,137.590000,1.540000,3,0.910000,193,14.540000,0.490000,"2024-10-26",116.450000,0.660000
"ITM10061","Pharma",163,62,4,9,48.460000,7.310000,0.830000,"L71","C",59,2.470000,160.780000,1.410000,3,0.780000,534,8.570000,0.420000,"2024-10-23",32.270000,0.553000
"ITM10062","Automotive",377,69,11,6,23.320000,1.750000,0.320000,"L38","B",44,4.780000,142.460000,1.090000,1,0.730000,690,8.150000,0.850000,"2024-08-01",170.060000,0.696000
"ITM10063","Apparel",207,43,13,3,41.650000,9.440000,0.440000,"L81","C",165,3.700000,17.380000,1.510000,9,0.700000,327,1.180000,0.240000,"2024-05-31",130.900000,0.273000
"ITM10064","Apparel",341,13,3,5,48.780000,9.050000,0.770000,"L80","A",146,2.420000,108.700000,1.130000,0,0.880000,863,3.530000,0.960000,"2024-03-19",245.560000,0.702000
"ITM10065","Pharma",469,26,9,5,43.800000,3.810000,0.540000,"L47","D",161,2.510000,41.570000,0.830000,9,0.760000,751,7.970000,0.830000,"2024-04-10",137.390000,0.561000
"ITM10066","Apparel",493,13,6,3,12.130000,1.560000,0.240000,"L74","C",141,4.180000,194.290000,0.930000,8,0.700000,712,11.540000,0.480000,"2024-06-17",291.530000,0.537000
"ITM10067","Apparel",32,52,7,3,1.390000,7.190000,0.320000,"L25","D",50,2.480000,58.610000,1.690000,6,0.810000,966,12.520000,0.990000,"2024-04-27",59.820000,0.638000
"ITM10068","Pharma",203,99,12,9,25.110000,7.420000,0.980000,"L91","D",76,2.820000,89.820000,1.170000,8,0.990000,356,4.970000,0.360000,"2024-07-13",87.450000,0.459000
"ITM10069","Pharma",130,13,7,6,27.040000,9.020000,0.240000,"L9","A",57,1.810000,47.370000,0.820000,1,0.910000,945,10.970000,0.520000,"2024-10-18",123.650000,0.730000
"ITM10070","Electronics",434,10,3,4,10.860000,1.000000,0.750000,"L6","D",95,4.280000,35.570000,0.440000,9,0.960000,656,12.600000,0.910000,"2024-05-05",59.420000,0.718000
"ITM10071","Automotive",309,80,8,3,14.950000,1.850000,0.530000,"L85","C",67,2.850000,124.180000,1.040000,4,0.740000,599,6.250000,1.000000,"2024-09-12",291.970000,0.647000
"ITM10072","Automotive",314,59,11,4,38.490000,6.180000,0.770000,"L30","A",48,2.990000,103.700000,0.580000,1,0.720000,205,10.740000,0.390000,"2024-10-08",195.880000,0.687000
"ITM10073","Apparel",470,82,4,9,24.050000,6.380000,0.700000,"L99","B",34,4.460000,81.190000,1.920000,9,0.700000,349,7.120000,0.790000,"2024-12-01",13.250000,0.421000
"ITM10074","Automotive",411,70,9,8,16.550000,0.820000,0.500000,"L38","A",69,4.640000,26.230000,1.030000,6,0.990000,396,14.800000,0.440000,"2024-12-16",177.770000,0.660000
"ITM10075","Apparel",234,44,8,2,31.510000,4.270000,0.420000,"L11","C",126,4.210000,149.830000,0.120000,8,0.790000,472,1.090000,0.810000,"2024-06-21",236.560000,0.563000
"ITM10076","Electronics",481,17,7,5,32.990000,6.050000,0.780000,"L30","A",95,0.790000,11.110000,0.280000,2,0.840000,475,6.800000,0.300000,"2024-05-11",24.880000,0.651000
"ITM10077","Pharma",139,33,6,6,38.700000,7.510000,0.390000,"L13","C",123,2.500000,96.960000,0.640000,0,0.820000,91,4.690000,0.470000,"2024-09-07",177.600000,0.657000
"ITM10078","Pharma",401,92,6,5,8.680000,3.500000,0.810000,"L49","C",93,2.040000,130.190000,0.280000,3,0.920000,365,12.900000,0.260000,"2024-11-24",118.550000,0.720000
"ITM10079","Pharma",74,45,8,6,37.330000,5.100000,0.710000,"L36","A",164,1.460000,91.840000,1.800000,3,0.790000,687,5.020000,0.590000,"2024-09-08",178.630000,0.503000
"ITM10080","Automotive",46,59,6,9,30.370000,8.230000,0.620000,"L59","C",133,4.590000,33.980000,1.720000,5,0.860000,874,8.610000,0.760000,"2024-08-23",83.260000,0.567000
"ITM10081","Electronics",137,52,7,2,3.820000,9.560000,0.430000,"L82","B",120,4.510000,157.870000,1.940000,4,1.000000,126,11.360000,0.500000,"2024-03-27",203.140000,0.577000
"ITM10082","Automotive",240,36,8,5,39.090000,2.690000,0.280000,"L47","C",51,2.590000,71.550000,1.440000,4,0.830000,145,7.960000,0.690000,"2024-06-29",204.690000,0.586000
"ITM10083","Automotive",250,41,7,2,19.770000,2.900000,0.740000,"L21","B",61,1.110000,35.600000,1.330000,8,0.870000,312,6.750000,0.660000,"2024-03-27",166.460000,0.503000
"ITM10084","Electronics",72,87,9,9,17.190000,9.430000,0.180000,"L48","B",57,0.560000,114.550000,1.850000,0,0.850000,868,1.600000,0.440000,"2024-03-12",277.890000,0.494000
"ITM10085","Electronics",314,27,11,6,22.960000,4.260000,0.970000,"L46","C",41,2.470000,13.640000,1.900000,7,0.940000,786,1.320000,0.590000,"2024-10-06",273.750000,0.394000
"ITM10086","Electronics",340,37,12,3,17.960000,7.320000,0.980000,"L27","D",161,0.680000,71.570000,1.770000,7,0.780000,672,14.400000,0.260000,"2024-09-07",23.790000,0.483000
"ITM10087","Electronics",420,38,9,8,17.580000,6.320000,0.220000,"L86","B",140,3.240000,152.620000,1.740000,7,0.750000,799,10.010000,0.570000,"2024-04-04",94.070000,0.483000
"ITM10088","Pharma",252,25,9,5,40.600000,3.210000,0.190000,"L35","B",127,3.240000,183.420000,1.380000,2,0.930000,254,12.550000,0.570000,"2024-10-04",115.640000,0.689000
"ITM10089","Groceries",177,56,6,2,7.100000,6.710000,0.470000,"L90","A",164,4.550000,122.430000,0.100000,9,0.820000,337,7.730000,0.220000,"2024-11-24",26.030000,0.521000
"ITM10090","Groceries",456,68,3,7,48.560000,6.730000,0.970000,"L88","B",177,1.360000,51.350000,0.920000,7,0.970000,312,4.660000,0.610000,"2024-01-31",161.850000,0.546000
"ITM10091","Electronics",288,40,10,5,28.190000,6.130000,0.460000,"L83","B",32,2.170000,51.800000,1.310000,1,0.890000,637,5.120000,0.790000,"2024-09-25",17.130000,0.653000
"ITM10092","Groceries",40,13,6,5,9.960000,1.450000,0.430000,"L10","B",144,4.370000,124.740000,1.140000,7,0.870000,985,1.610000,0.560000,"2024-01-18",206.640000,0.453000
"ITM10093","Groceries",422,46,3,5,7.430000,9.950000,0.730000,"L78","B",136,2.630000,87.280000,1.660000,7,0.720000,704,12.070000,0.720000,"2024-02-08",10.780000,0.543000
"ITM10094","Electronics",72,26,7,4,29.980000,4.300000,0.260000,"L82","D",46,0.770000,43.680000,1.660000,2,0.920000,364,9.140000,0.630000,"2024-12-08",19.260000,0.626000
"ITM10095","Groceries",294,48,10,2,32.020000,6.560000,0.430000,"L22","B",16,1.000000,159.610000,1.240000,3,0.910000,418,7.730000,0.830000,"2024-01-25",251.790000,0.667000
"ITM10096","Automotive",332,57,6,2,3.600000,8.910000,0.360000,"L69","C",86,4.160000,48.050000,0.140000,8,0.890000,646,12.930000,0.610000,"2024-01-04",83.260000,0.698000
"ITM10097","Apparel",300,55,14,5,12.910000,4.520000,0.640000,"L94","D",91,3.850000,71.110000,0.800000,8,0.780000,957,7.230000,0.470000,"2024-07-30",33.560000,0.506000
"ITM10098","Apparel",233,99,10,9,39.980000,7.850000,0.250000,"L32","B",104,4.440000,21.670000,0.530000,9,0.980000,301,14.270000,0.860000,"2024-03-11",125.850000,0.725000
"ITM10099","Electronics",50,57,10,9,3.430000,9.730000,0.590000,"L21","C",31,1.030000,143.260000,0.740000,8,0.800000,382,1.190000,0.250000,"2024-11-18",24.780000,0.392000
"ITM10100","Pharma",356,48,5,3,42.900000,3.910000,0.870000,"L60","C",87,3.920000,62.300000,1.270000,9,0.750000,793,14.780000,0.430000,"2024-04-28",227.620000,0.526000
"ITM10101","Electronics",202,13,11,5,33.250000,4.350000,0.560000,"L49","D",91,3.450000,54.240000,0.230000,5,1.000000,475,12.420000,0.670000,"2024-02-04",153.300000,0.777000
"ITM10102","Pharma",42,39,5,4,22.290000,9.100000,0.720000,"L35","D",154,1.550000,67.640000,0.140000,0,0.920000,344,5.970000,0.880000,"2024-12-28",170.060000,0.826000
"ITM10103","Apparel",51,39,3,6,17.980000,2.020000,0.170000,"L82","C",28,4.880000,176.080000,0.930000,7,0.820000,880,9.340000,0.260000,"2024-03-18",228.370000,0.508000
"ITM10104","Electronics",465,31,4,4,1.940000,0.770000,0.500000,"L89","D",104,3.070000,108.420000,1.610000,8,0.980000,691,13.100000,0.280000,"2024-01-05",237.490000,0.506000
"ITM10105","Automotive",93,84,8,9,41.440000,9.130000,0.190000,"L72","D",48,4.580000,40.000000,0.160000,7,0.730000,334,7.740000,0.430000,"2024-04-21",49.510000,0.579000
"ITM10106","Groceries",29,75,14,3,7.990000,8.310000,0.640000,"L29","A",126,4.370000,157.150000,1.710000,0,0.730000,366,1.710000,0.480000,"2024-09-15",91.280000,0.494000
"ITM10107","Pharma",475,21,12,9,16.170000,9.740000,0.350000,"L88","D",45,2.000000,49.610000,0.830000,5,0.900000,561,13.650000,0.870000,"2024-08-21",60.940000,0.753000
"ITM10108","Groceries",73,45,4,9,28.890000,1.050000,0.360000,"L42","A",24,2.910000,88.370000,0.320000,8,0.750000,78,8.240000,0.970000,"2024-07-10",25.670000,0.662000
"ITM10109","Groceries",71,27,8,9,13.050000,1.980000,0.170000,"L99","D",166,2.440000,117.930000,1.180000,8,0.980000,789,8.630000,0.210000,"2024-01-31",165.880000,0.475000
"ITM10110","Electronics",167,99,3,5,25.360000,1.500000,0.380000,"L100","D",69,3.690000,121.040000,1.910000,6,0.950000,343,1.190000,0.210000,"2024-11-12",82.440000,0.337000
"ITM10111","Groceries",179,62,13,9,40.660000,6.990000,0.560000,"L8","C",177,3.150000,23.120000,1.130000,6,0.790000,56,2.400000,0.890000,"2024-11-22",54.650000,0.535000
"ITM10112","Automotive",389,80,3,2,24.060000,6.260000,0.630000,"L30","A",153,4.030000,168.990000,1.400000,3,0.970000,591,11.880000,0.310000,"2024-12-07",157.940000,0.614000
"ITM10113","Groceries",33,10,7,8,47.500000,3.910000,0.160000,"L5","D",170,0.550000,101.090000,1.650000,6,0.710000,264,7.090000,0.470000,"2024-11-11",193.860000,0.446000
"ITM10114","Electronics",197,67,12,7,42.530000,1.050000,0.690000,"L41","B",98,3.600000,197.960000,1.620000,9,0.860000,676,14.970000,0.420000,"2024-09-04",233.910000,0.514000
"ITM10115","Automotive",431,99,13,5,17.320000,6.580000,0.540000,"L52","D",25,1.940000,146.310000,0.240000,4,0.980000,264,10.740000,0.430000,"2024-12-03",15.070000,0.721000
"ITM10116","Apparel",385,96,11,3,20.600000,5.920000,0.580000,"L35","C",167,1.510000,198.590000,1.510000,9,0.960000,213,14.290000,0.460000,"2024-09-06",162.620000,0.544000
"ITM10117","Groceries",72,99,10,2,21.740000,1.570000,0.850000,"L9","C",107,4.110000,96.160000,1.900000,4,0.810000,219,4.910000,0.470000,"2024-01-09",87.450000,0.451000
"ITM10118","Electronics",427,15,5,4,31.680000,9.130000,0.410000,"L28","C",113,0.900000,36.750000,1.430000,0,0.750000,270,3.470000,0.700000,"2024-01-04",297.560000,0.593000
"ITM10119","Apparel",354,79,5,9,15.050000,2.390000,0.260000,"L73","A",53,1.530000,148.190000,1.690000,1,0.760000,309,6.270000,0.700000,"2024-09-29",55.510000,0.587000
"ITM10120","Apparel",41,53,3,6,48.490000,7.560000,0.600000,"L92","A",175,1.420000,157.770000,1.020000,8,0.850000,773,4.710000,0.620000,"2024-10-09",136.980000,0.495000
"ITM10121","Pharma",49,81,5,6,30.830000,8.910000,0.950000,"L41","A",60,2.390000,172.040000,0.710000,1,0.880000,310,9.590000,0.890000,"2024-07-29",291.310000,0.791000
"ITM10122","Automotive",210,33,14,8,20.570000,6.010000,0.570000,"L28","B",27,1.950000,67.280000,1.380000,9,0.710000,863,11.420000,0.880000,"2024-01-07",71.800000,0.552000
"ITM10123","Groceries",279,95,14,5,32.610000,2.850000,0.850000,"L84","A",14,3.740000,107.030000,1.040000,1,0.820000,892,6.630000,0.370000,"2024-01-09",244.000000,0.602000
"ITM10124","Electronics",224,28,14,4,20.370000,3.440000,0.780000,"L64","C",177,3.650000,172.930000,1.800000,8,0.950000,691,2.260000,0.630000,"2024-09-28",80.480000,0.406000
"ITM10125","Pharma",78,27,13,8,41.070000,8.910000,0.570000,"L51","A",15,1.960000,174.300000,1.950000,2,0.830000,666,1.370000,0.830000,"2024-05-20",31.830000,0.515000
"ITM10126","Automotive",490,39,3,7,28.820000,3.330000,0.680000,"L83","A",85,2.470000,14.880000,1.660000,1,0.750000,615,4.050000,0.890000,"2024-10-01",22.400000,0.596000
"ITM10127","Pharma",283,51,10,7,3.060000,7.590000,0.470000,"L59","D",124,1.440000,137.470000,1.990000,6,0.990000,669,11.250000,0.400000,"2024-05-26",285.130000,0.509000
"ITM10128","Automotive",485,42,3,8,9.660000,9.910000,0.580000,"L19","A",21,3.520000,124.320000,0.760000,8,0.780000,521,4.100000,0.600000,"2024-01-09",71.740000,0.495000
"ITM10129","Automotive",31,83,7,3,43.380000,10.000000,0.560000,"L34","D",21,2.280000,25.830000,1.800000,5,0.940000,876,13.750000,0.620000,"2024-09-14",94.670000,0.615000
"ITM10130","Groceries",138,21,11,6,28.580000,5.570000,0.740000,"L18","A",82,1.100000,186.730000,0.730000,6,0.760000,850,10.120000,0.760000,"2024-12-23",290.400000,0.646000
"ITM10131","Automotive",434,36,9,4,47.570000,8.350000,0.470000,"L32","D",115,1.070000,94.620000,0.320000,2,0.830000,304,13.070000,0.460000,"2024-12-11",200.640000,0.760000
"ITM10132","Pharma",481,48,6,5,4.550000,9.910000,0.190000,"L96","C",159,1.950000,138.110000,1.280000,2,0.850000,327,6.400000,0.430000,"2024-08-08",151.560000,0.573000
"ITM10133","Automotive",309,18,13,9,15.470000,4.060000,0.810000,"L72","A",58,3.860000,177.730000,0.960000,7,0.850000,608,14.770000,0.760000,"2024-04-01",136.270000,0.683000
"ITM10134","Groceries",357,30,11,2,10.480000,2.900000,0.720000,"L69","C",13,0.610000,34.720000,1.850000,6,0.850000,695,10.510000,0.520000,"2024-02-24",24.080000,0.509000
"ITM10135","Groceries",267,85,11,5,28.140000,1.590000,0.960000,"L34","A",12,1.660000,172.610000,1.040000,4,0.770000,73,6.000000,0.200000,"2024-02-19",253.290000,0.490000
"ITM10136","Pharma",373,38,4,5,19.760000,1.840000,0.490000,"L96","B",153,1.230000,147.620000,1.860000,5,0.850000,482,3.980000,0.950000,"2024-09-25",230.990000,0.527000
"ITM10137","Apparel",146,42,12,4,8.710000,8.610000,0.170000,"L75","B",23,4.800000,169.520000,0.250000,8,0.840000,678,13.130000,0.320000,"2024-03-17",36.300000,0.622000
"ITM10138","Apparel",94,71,12,6,32.490000,6.090000,0.210000,"L55","C",73,3.670000,104.020000,1.680000,2,0.760000,800,5.450000,0.320000,"2024-05-03",112.500000,0.481000
"ITM10139","Automotive",380,24,13,4,27.280000,8.800000,0.800000,"L75","C",129,1.550000,16.360000,1.540000,2,1.000000,527,1.620000,0.850000,"2024-04-08",266.770000,0.598000
"ITM10140","Electronics",223,11,14,2,14.460000,8.000000,0.160000,"L52","B",178,1.430000,137.400000,1.470000,5,0.960000,543,4.900000,0.470000,"2024-11-13",78.570000,0.504000
"ITM10141","Automotive",68,61,8,8,24.510000,6.900000,0.920000,"L47","B",77,4.360000,81.160000,0.770000,7,0.970000,431,3.510000,0.460000,"2024-09-26",187.260000,0.516000
"ITM10142","Pharma",98,53,6,4,37.540000,6.290000,0.350000,"L29","D",68,1.360000,86.460000,1.590000,4,0.910000,868,5.480000,0.700000,"2024-05-09",151.500000,0.556000
"ITM10143","Pharma",460,63,10,3,11.060000,0.960000,0.910000,"L18","A",139,4.990000,93.840000,1.020000,0,0.750000,423,9.590000,0.250000,"2024-06-30",247.370000,0.626000
"ITM10144","Pharma",498,27,14,5,15.350000,8.790000,0.800000,"L66","B",128,1.770000,103.650000,1.460000,2,0.870000,602,8.010000,0.390000,"2024-05-16",20.460000,0.573000
"ITM10145","Pharma",260,12,13,6,17.960000,4.470000,0.880000,"L64","C",19,0.880000,135.770000,1.150000,7,0.950000,811,10.950000,0.240000,"2024-07-22",246.680000,0.529000
"ITM10146","Pharma",368,16,9,9,37.590000,5.820000,0.290000,"L12","C",84,3.610000,148.090000,0.400000,3,0.710000,372,5.670000,0.430000,"2024-02-10",49.360000,0.604000
"ITM10147","Groceries",173,52,9,7,42.500000,0.710000,0.640000,"L97","B",99,3.240000,157.600000,0.220000,8,0.850000,138,2.680000,0.900000,"2024-07-10",14.370000,0.604000
"ITM10148","Apparel",293,91,13,2,19.440000,9.390000,0.180000,"L7","C",110,5.000000,137.610000,0.800000,5,0.820000,141,3.240000,0.930000,"2024-07-26",182.700000,0.613000
"ITM10149","Pharma",115,47,12,7,15.530000,9.080000,0.280000,"L15","A",163,4.110000,162.660000,1.870000,9,0.760000,426,12.160000,0.450000,"2024-08-23",85.010000,0.437000
"ITM10150","Electronics",233,46,11,5,44.580000,5.660000,0.380000,"L20","D",141,2.430000,33.210000,1.110000,3,0.810000,130,2.370000,0.350000,"2024-10-16",215.690000,0.493000
"ITM10151","Electronics",313,67,7,4,49.970000,5.980000,0.770000,"L81","A",37,3.540000,169.000000,1.620000,3,1.000000,691,12.170000,0.310000,"2024-05-04",146.240000,0.602000
"ITM10152","Electronics",228,42,8,7,33.850000,7.200000,0.120000,"L21","D",139,4.180000,83.580000,1.190000,9,0.920000,652,3.980000,0.520000,"2024-12-22",185.600000,0.442000
"ITM10153","Electronics",362,68,3,3,49.510000,3.010000,0.910000,"L88","D",75,2.810000,110.470000,1.920000,4,0.790000,149,10.500000,0.860000,"2024-04-25",210.010000,0.598000
"ITM10154","Groceries",107,20,8,4,33.340000,2.610000,0.160000,"L55","B",153,1.730000,92.420000,0.800000,6,0.880000,639,9.720000,0.880000,"2024-06-02",278.810000,0.682000
"ITM10155","Electronics",325,77,4,5,36.940000,6.900000,0.440000,"L77","C",133,1.450000,100.390000,0.210000,6,0.770000,604,2.380000,0.240000,"2024-12-16",248.700000,0.493000
"ITM10156","Pharma",283,91,8,7,20.040000,1.490000,0.170000,"L9","D",66,1.830000,64.230000,1.580000,9,0.880000,172,10.320000,0.370000,"2024-02-11",153.580000,0.450000
"ITM10157","Automotive",444,77,11,9,22.220000,4.810000,0.790000,"L50","B",160,4.320000,42.290000,1.440000,6,0.970000,849,7.270000,0.360000,"2024-11-30",137.020000,0.499000
"ITM10158","Electronics",409,97,10,8,8.060000,5.180000,0.230000,"L49","C",160,2.210000,29.930000,1.100000,4,0.870000,445,10.900000,0.860000,"2024-11-28",199.860000,0.701000
"ITM10159","Groceries",344,31,11,2,41.310000,4.120000,0.900000,"L77","C",30,1.790000,95.770000,0.720000,8,0.920000,72,12.700000,0.570000,"2024-01-17",222.720000,0.635000
"ITM10160","Groceries",447,75,12,7,46.620000,2.260000,0.580000,"L60","D",112,4.130000,33.800000,0.460000,1,0.840000,705,1.550000,0.490000,"2024-02-17",60.070000,0.621000
"ITM10161","Electronics",396,53,10,9,31.550000,3.880000,0.950000,"L68","C",162,0.640000,56.550000,1.020000,7,0.860000,989,10.070000,0.970000,"2024-07-26",19.430000,0.658000
"ITM10162","Automotive",339,15,5,8,17.840000,3.710000,0.360000,"L33","A",67,3.170000,35.390000,1.370000,9,0.910000,819,2.470000,0.940000,"2024-07-13",141.850000,0.486000
"ITM10163","Electronics",176,51,10,8,8.550000,5.240000,0.510000,"L71","C",46,4.430000,30.730000,1.200000,7,0.940000,568,6.300000,0.550000,"2024-07-12",38.840000,0.522000
"ITM10164","Groceries",175,34,8,7,13.990000,6.910000,0.720000,"L2","A",152,2.350000,177.670000,0.930000,2,0.900000,326,1.180000,0.300000,"2024-10-09",89.090000,0.523000
"ITM10165","Apparel",158,66,8,6,13.520000,9.700000,0.850000,"L88","C",165,1.710000,138.060000,1.130000,4,0.990000,747,5.600000,0.340000,"2024-08-31",179.570000,0.548000
"ITM10166","Pharma",140,94,8,7,31.060000,1.870000,0.480000,"L93","D",141,2.710000,185.510000,0.310000,7,0.950000,144,3.370000,0.290000,"2024-01-29",53.920000,0.522000
"ITM10167","Groceries",84,64,5,5,47.310000,8.790000,0.900000,"L15","D",56,3.730000,132.360000,1.420000,9,0.930000,968,8.790000,0.740000,"2024-11-22",18.260000,0.529000
"ITM10168","Electronics",126,25,12,8,3.370000,3.200000,0.210000,"L88","B",112,2.820000,170.350000,1.500000,8,0.950000,431,8.170000,0.640000,"2024-01-05",170.830000,0.517000
"ITM10169","Pharma",166,23,3,2,1.050000,6.120000,0.740000,"L69","A",81,0.530000,115.510000,0.120000,6,0.780000,426,12.110000,0.650000,"2024-12-25",145.210000,0.715000
"ITM10170","Electronics",156,48,14,5,30.410000,5.690000,0.410000,"L97","A",98,0.850000,97.900000,0.610000,3,0.830000,74,9.960000,0.280000,"2024-03-28",98.830000,0.634000
"ITM10171","Electronics",430,37,6,3,14.920000,5.790000,0.190000,"L35","D",67,3.750000,110.410000,0.280000,3,0.870000,340,11.000000,0.830000,"2024-02-12",145.950000,0.799000
"ITM10172","Apparel",181,60,12,4,44.150000,7.370000,0.450000,"L99","D",114,2.300000,70.840000,2.000000,2,0.840000,276,2.290000,0.630000,"2024-09-12",208.220000,0.485000
"ITM10173","Pharma",447,58,14,7,17.040000,4.130000,0.890000,"L83","D",78,4.030000,135.010000,1.230000,7,0.950000,222,1.390000,0.270000,"2024-08-10",41.610000,0.400000
"ITM10174","Pharma",471,18,8,6,15.200000,3.530000,0.980000,"L44","A",55,3.420000,180.460000,0.980000,5,0.710000,696,14.570000,0.800000,"2024-11-26",84.150000,0.698000
"ITM10175","Apparel",119,67,13,2,14.210000,8.600000,0.450000,"L15","B",162,3.120000,158.650000,0.980000,9,0.760000,502,6.980000,0.990000,"2024-06-18",240.540000,0.565000
"ITM10176","Groceries",357,54,14,6,8.100000,2.590000,0.900000,"L38","A",34,4.560000,97.780000,1.930000,5,0.960000,337,6.530000,0.550000,"2024-10-16",204.340000,0.496000
"ITM10177","Electronics",418,31,12,6,29.490000,2.210000,0.560000,"L56","D",130,0.600000,191.240000,1.350000,9,0.720000,870,1.490000,0.290000,"2024-02-18",87.210000,0.307000
"ITM10178","Automotive",326,41,4,6,9.240000,0.650000,0.750000,"L21","B",44,1.200000,197.230000,0.420000,9,0.770000,118,2.660000,0.280000,"2024-09-27",125.460000,0.423000
"ITM10179","Electronics",160,78,9,7,21.810000,2.500000,0.140000,"L59","C",24,3.310000,103.690000,0.950000,8,0.810000,330,14.170000,0.220000,"2024-01-22",44.730000,0.540000
"ITM10180","Electronics",102,96,9,2,23.590000,5.430000,0.600000,"L1","C",115,0.800000,174.280000,1.570000,2,0.930000,912,10.730000,0.820000,"2024-04-27",83.410000,0.696000
"ITM10181","Groceries",196,78,13,2,2.000000,5.620000,0.160000,"L93","D",137,3.400000,10.910000,0.900000,3,0.870000,391,6.730000,0.760000,"2024-04-18",253.930000,0.666000
"ITM10182","Electronics",217,51,6,8,1.820000,2.920000,0.340000,"L93","B",83,4.930000,22.660000,0.690000,2,0.990000,919,13.660000,0.670000,"2024-12-20",137.720000,0.805000
"ITM10183","Apparel",131,62,6,6,26.490000,1.190000,0.610000,"L34","D",97,4.450000,14.250000,1.980000,2,0.770000,382,9.260000,0.810000,"2024-10-17",195.680000,0.601000
"ITM10184","Apparel",75,68,3,8,35.110000,7.570000,0.830000,"L65","A",172,3.160000,156.900000,1.880000,0,0.960000,792,11.450000,1.000000,"2024-08-31",56.330000,0.757000
"ITM10185","Pharma",479,83,4,8,47.160000,7.700000,0.600000,"L98","A",38,4.520000,25.160000,1.890000,9,0.780000,435,7.040000,0.520000,"2024-05-18",63.160000,0.385000
"ITM10186","Automotive",198,48,11,4,9.780000,9.980000,0.940000,"L23","B",47,1.020000,13.240000,0.350000,5,0.770000,391,7.040000,0.760000,"2024-01-24",282.870000,0.665000
"ITM10187","Electronics",440,24,12,7,6.060000,9.050000,0.830000,"L65","D",33,2.550000,38.010000,0.550000,8,0.850000,366,1.960000,0.500000,"2024-02-08",254.020000,0.481000
"ITM10188","Electronics",420,80,10,7,3.550000,9.300000,0.240000,"L14","D",28,2.430000,68.200000,0.940000,4,0.720000,954,11.280000,0.480000,"2024-12-16",239.200000,0.616000
"ITM10189","Groceries",205,38,10,5,22.370000,8.080000,0.450000,"L81","C",58,2.010000,98.290000,1.680000,9,0.820000,356,2.390000,0.880000,"2024-05-23",105.580000,0.424000
"ITM10190","Apparel",490,12,11,9,31.530000,6.350000,0.700000,"L39","B",53,0.500000,22.430000,1.500000,1,0.810000,819,11.700000,0.660000,"2024-10-05",173.200000,0.680000
"ITM10191","Automotive",237,92,9,8,42.190000,1.720000,0.940000,"L82","D",163,4.510000,104.810000,1.710000,9,0.750000,222,3.670000,0.300000,"2024-10-15",152.780000,0.308000
"ITM10192","Pharma",432,19,11,7,34.450000,6.410000,0.990000,"L65","A",162,4.000000,57.130000,1.850000,3,0.960000,593,4.460000,0.520000,"2024-12-02",287.310000,0.510000
"ITM10193","Apparel",436,38,12,6,11.210000,1.030000,0.790000,"L78","D",44,3.440000,62.130000,1.580000,5,0.820000,249,13.850000,0.840000,"2024-01-17",79.490000,0.659000
"ITM10194","Pharma",335,88,14,9,23.630000,8.910000,0.620000,"L26","D",173,1.080000,166.160000,0.600000,6,0.990000,641,7.600000,0.950000,"2024-04-01",284.700000,0.709000
"ITM10195","Groceries",494,44,4,3,45.610000,5.080000,0.780000,"L20","A",151,2.200000,197.520000,0.640000,6,0.970000,914,2.750000,0.690000,"2024-06-10",214.990000,0.585000
"ITM10196","Groceries",236,15,8,6,17.010000,7.130000,0.350000,"L48","A",65,4.660000,98.130000,0.770000,3,0.760000,124,13.670000,0.520000,"2024-01-09",129.970000,0.701000
"ITM10197","Electronics",139,21,5,2,25.440000,1.000000,0.360000,"L98","D",143,3.280000,71.140000,0.680000,9,0.850000,977,7.330000,0.400000,"2024-04-16",87.240000,0.500000
"ITM10198","Automotive",458,47,13,7,47.970000,5.580000,0.690000,"L21","A",41,3.220000,186.980000,0.570000,9,0.880000,825,2.830000,0.540000,"2024-10-27",229.630000,0.485000
"ITM10199","Pharma",413,86,8,9,37.000000,3.360000,0.880000,"L70","C",35,4.610000,105.090000,1.530000,4,0.950000,646,6.470000,0.650000,"2024-03-14",248.650000,0.573000
"ITM10200","Apparel",194,28,5,7,37.640000,3.210000,0.970000,"L100","C",152,3.020000,148.770000,0.160000,3,0.970000,266,9.250000,0.200000,"2024-12-30",113.680000,0.681000
"ITM10201","Groceries",42,76,10,5,13.360000,4.200000,0.410000,"L68","C",65,3.190000,88.610000,1.480000,9,0.890000,682,6.070000,0.410000,"2024-07-22",59.850000,0.413000
"ITM10202","Electronics",232,17,13,8,21.320000,0.510000,0.820000,"L1","A",46,2.060000,48.480000,1.660000,5,0.710000,581,13.940000,0.740000,"2024-02-09",152.750000,0.610000
"ITM10203","Electronics",424,17,6,3,5.030000,4.930000,0.870000,"L77","A",134,2.170000,134.430000,0.230000,6,0.840000,498,4.780000,0.740000,"2024-06-02",145.870000,0.637000
"ITM10204","Pharma",254,93,14,7,30.720000,5.120000,0.660000,"L42","A",62,3.590000,136.320000,0.220000,1,0.970000,710,3.460000,0.720000,"2024-03-24",220.370000,0.742000
"ITM10205","Groceries",32,56,12,5,6.080000,8.700000,0.410000,"L63","B",110,1.940000,97.430000,0.640000,9,0.910000,56,4.090000,0.960000,"2024-10-15",292.220000,0.585000
"ITM10206","Automotive",120,13,8,5,41.960000,4.760000,0.660000,"L3","A",87,3.020000,61.290000,0.500000,2,0.960000,938,2.170000,0.650000,"2024-05-03",164.070000,0.661000
"ITM10207","Groceries",436,60,11,3,40.910000,3.950000,0.630000,"L15","C",45,1.760000,168.040000,1.200000,7,0.900000,939,7.330000,0.420000,"2024-10-17",222.200000,0.502000
"ITM10208","Pharma",43,94,4,6,27.150000,9.950000,0.650000,"L47","C",110,1.250000,62.310000,1.380000,6,0.710000,442,13.300000,0.850000,"2024-07-18",111.670000,0.631000
"ITM10209","Pharma",383,76,4,6,7.920000,5.930000,0.660000,"L40","C",20,2.540000,135.210000,1.300000,0,0.990000,647,5.270000,0.510000,"2024-12-12",183.880000,0.640000
"ITM10210","Groceries",30,54,9,6,2.250000,4.990000,0.860000,"L31","B",36,1.480000,82.960000,0.780000,3,0.980000,435,4.620000,0.390000,"2024-10-03",43.450000,0.598000
"ITM10211","Pharma",292,17,4,4,40.040000,5.210000,0.250000,"L8","D",11,4.540000,99.770000,1.050000,4,0.740000,550,12.720000,0.650000,"2024-06-18",246.330000,0.663000
"ITM10212","Groceries",471,96,4,8,30.410000,8.190000,0.430000,"L31","C",31,1.870000,50.170000,1.320000,2,0.730000,196,5.280000,0.430000,"2024-07-15",109.850000,0.530000
"ITM10213","Apparel",450,25,6,9,35.840000,3.740000,0.630000,"L73","B",75,3.190000,133.400000,0.330000,3,0.860000,365,7.680000,0.520000,"2024-03-12",33.210000,0.685000
"ITM10214","Groceries",300,86,11,8,15.890000,4.200000,0.350000,"L11","D",121,1.690000,52.910000,0.540000,9,0.930000,503,1.440000,0.750000,"2024-12-18",297.260000,0.521000
"ITM10215","Groceries",113,76,10,6,25.960000,7.680000,0.980000,"L11","B",26,1.660000,102.290000,1.790000,9,0.810000,236,5.020000,1.000000,"2024-02-10",271.520000,0.470000
"ITM10216","Pharma",220,18,4,3,37.610000,1.190000,0.340000,"L94","B",141,2.080000,72.410000,0.750000,9,0.740000,374,2.830000,0.720000,"2024-09-13",67.260000,0.475000
"ITM10217","Pharma",40,69,10,4,23.670000,8.720000,0.520000,"L63","D",23,4.620000,193.090000,1.620000,6,0.850000,862,2.480000,0.420000,"2024-06-26",115.330000,0.405000
"ITM10218","Electronics",359,87,6,8,30.470000,4.590000,0.890000,"L9","A",16,2.260000,196.620000,0.580000,7,0.800000,367,7.040000,0.270000,"2024-01-28",281.650000,0.510000
"ITM10219","Electronics",486,86,4,6,39.700000,6.020000,0.170000,"L98","A",88,4.200000,153.160000,0.180000,8,0.810000,443,4.880000,0.490000,"2024-02-20",240.940000,0.547000
"ITM10220","Apparel",230,80,13,4,11.550000,7.700000,0.840000,"L69","C",153,1.390000,196.940000,1.050000,1,0.890000,428,3.330000,0.220000,"2024-08-11",272.860000,0.541000
"ITM10221","Electronics",159,24,12,9,4.230000,3.030000,0.610000,"L99","D",113,0.720000,31.570000,1.800000,3,0.970000,754,8.160000,0.570000,"2024-04-28",173.140000,0.577000
"ITM10222","Groceries",312,80,9,3,27.060000,8.960000,0.130000,"L17","C",156,4.020000,198.540000,1.660000,0,0.870000,843,11.980000,0.730000,"2024-02-08",80.500000,0.714000
"ITM10223","Pharma",317,50,8,6,4.040000,9.800000,0.910000,"L17","B",10,2.940000,29.680000,0.580000,2,0.910000,523,11.290000,0.610000,"2024-06-23",75.850000,0.757000
"ITM10224","Electronics",420,31,12,9,38.560000,5.200000,0.140000,"L85","A",40,2.770000,88.940000,1.830000,7,0.900000,749,4.510000,0.890000,"2024-11-05",162.440000,0.495000
"ITM10225","Electronics",120,33,7,2,36.240000,9.400000,0.560000,"L61","C",137,1.720000,55.400000,1.010000,6,0.870000,67,4.680000,0.600000,"2024-11-10",277.960000,0.535000
"ITM10226","Apparel",323,53,13,9,44.200000,0.510000,0.140000,"L71","C",141,0.830000,191.230000,0.190000,7,0.790000,876,11.250000,0.570000,"2024-10-31",193.160000,0.663000
"ITM10227","Apparel",378,10,3,7,32.340000,9.000000,0.160000,"L22","A",100,2.670000,130.800000,0.150000,5,0.810000,198,8.800000,0.450000,"2024-07-22",19.970000,0.654000
"ITM10228","Groceries",47,19,4,3,4.290000,3.450000,0.900000,"L34","B",67,4.400000,123.450000,1.020000,4,0.790000,607,11.390000,0.870000,"2024-06-16",172.540000,0.702000
"ITM10229","Pharma",60,89,10,9,13.400000,3.460000,0.790000,"L68","C",65,1.040000,199.510000,1.140000,9,0.980000,61,1.020000,0.920000,"2024-01-16",186.450000,0.500000
"ITM10230","Apparel",374,81,3,9,40.590000,2.670000,0.280000,"L78","C",52,4.680000,126.360000,0.250000,8,0.950000,791,2.220000,0.980000,"2024-11-20",178.650000,0.631000
"ITM10231","Electronics",322,65,5,5,9.190000,3.510000,0.660000,"L55","D",83,1.740000,132.770000,1.850000,4,0.870000,511,12.230000,0.980000,"2024-05-19",210.410000,0.668000
"ITM10232","Pharma",165,98,4,5,35.230000,2.530000,0.820000,"L28","D",58,2.890000,18.510000,1.460000,8,0.970000,674,12.920000,0.980000,"2024-08-18",95.120000,0.656000
"ITM10233","Pharma",275,59,7,9,39.230000,9.110000,0.900000,"L70","A",121,0.800000,173.220000,1.620000,3,0.970000,209,5.810000,0.770000,"2024-09-08",51.690000,0.603000
"ITM10234","Electronics",481,21,6,9,17.180000,9.040000,0.520000,"L97","A",117,2.410000,194.320000,1.210000,4,0.980000,984,14.420000,0.650000,"2024-04-26",227.510000,0.717000
"ITM10235","Apparel",246,98,9,3,16.790000,1.470000,0.910000,"L94","B",69,1.070000,192.460000,1.360000,0,0.770000,788,5.220000,0.340000,"2024-07-01",66.940000,0.556000
"ITM10236","Electronics",255,90,7,5,28.330000,1.860000,0.560000,"L89","B",103,0.720000,52.010000,0.840000,5,0.920000,744,13.460000,0.810000,"2024-10-10",43.110000,0.741000
"ITM10237","Pharma",380,69,10,8,43.200000,8.690000,0.720000,"L26","C",153,4.850000,52.920000,1.390000,2,0.880000,616,6.900000,0.790000,"2024-07-11",114.220000,0.647000
"ITM10238","Automotive",399,35,6,3,11.970000,4.290000,0.980000,"L92","D",82,3.790000,79.550000,1.960000,9,0.920000,315,8.870000,0.870000,"2024-08-09",251.500000,0.500000
"ITM10239","Automotive",474,87,14,2,47.120000,2.110000,0.310000,"L40","B",108,3.740000,68.940000,1.330000,1,0.780000,596,10.010000,0.570000,"2024-04-05",33.810000,0.650000
"ITM10240","Groceries",32,50,8,3,30.360000,5.350000,0.250000,"L52","C",123,0.910000,68.070000,0.750000,5,0.910000,129,2.860000,0.910000,"2024-12-14",66.710000,0.627000
"ITM10241","Electronics",229,45,6,6,49.610000,4.460000,0.410000,"L86","C",24,4.680000,124.990000,0.640000,0,0.820000,567,1.520000,0.770000,"2024-10-26",147.830000,0.674000
"ITM10242","Electronics",248,32,4,6,5.390000,2.580000,0.250000,"L84","A",72,2.610000,163.070000,1.930000,8,0.950000,688,6.980000,0.340000,"2024-12-04",93.420000,0.398000
"ITM10243","Groceries",416,52,3,4,7.200000,7.350000,0.360000,"L48","D",37,4.340000,187.990000,0.450000,4,0.940000,117,3.240000,0.370000,"2024-07-13",219.280000,0.580000
"ITM10244","Groceries",119,15,3,5,41.510000,6.500000,0.770000,"L57","C",157,0.560000,22.890000,1.630000,6,0.760000,751,8.690000,0.850000,"2024-02-13",205.720000,0.555000
"ITM10245","Groceries",50,78,10,9,43.370000,1.450000,0.530000,"L67","A",170,1.840000,62.820000,0.980000,9,0.760000,293,7.350000,0.540000,"2024-11-12",254.330000,0.480000
"ITM10246","Pharma",405,52,6,7,22.830000,9.290000,0.440000,"L58","C",45,4.980000,58.450000,0.940000,8,0.920000,58,2.710000,0.400000,"2024-05-31",69.110000,0.446000
"ITM10247","Electronics",35,34,7,5,35.990000,5.810000,0.430000,"L16","D",134,2.430000,77.910000,1.520000,8,0.870000,206,10.320000,0.540000,"2024-05-06",198.190000,0.508000
"ITM10248","Pharma",156,27,13,8,43.510000,2.880000,0.280000,"L32","C",150,4.500000,90.620000,0.380000,6,0.870000,632,1.290000,0.330000,"2024-02-07",234.670000,0.499000
"ITM10249","Groceries",348,71,10,3,3.110000,2.460000,0.500000,"L29","C",71,1.980000,83.940000,0.990000,3,0.930000,513,2.770000,0.910000,"2024-02-12",28.170000,0.646000
"ITM10250","Electronics",185,22,14,7,29.120000,1.790000,0.660000,"L9","B",160,2.860000,190.910000,0.170000,3,0.960000,695,10.800000,0.260000,"2024-05-17",20.680000,0.711000
"ITM10251","Pharma",478,52,9,7,42.820000,4.530000,0.230000,"L44","B",22,4.340000,93.050000,1.370000,6,0.770000,349,8.390000,0.480000,"2024-03-19",172.180000,0.505000
"ITM10252","Pharma",329,87,10,9,20.510000,1.790000,0.980000,"L3","A",97,3.230000,114.800000,0.210000,7,0.870000,369,4.950000,0.650000,"2024-07-13",180.480000,0.609000
"ITM10253","Groceries",459,37,10,9,15.820000,4.450000,0.500000,"L76","C",49,3.760000,152.240000,0.270000,6,0.950000,298,3.520000,0.900000,"2024-12-30",123.910000,0.670000
"ITM10254","Electronics",489,27,8,5,39.990000,1.910000,0.950000,"L71","A",167,1.530000,147.770000,1.710000,9,0.960000,372,9.990000,0.830000,"2024-11-20",20.460000,0.540000
"ITM10255","Groceries",119,68,12,7,17.450000,6.740000,0.220000,"L30","D",133,1.200000,120.760000,0.940000,3,0.790000,605,3.880000,0.220000,"2024-03-19",126.560000,0.500000
"ITM10256","Electronics",128,69,4,7,1.160000,7.960000,0.790000,"L76","A",34,1.540000,173.560000,0.480000,3,0.730000,677,14.780000,0.860000,"2024-07-18",196.210000,0.807000
"ITM10257","Automotive",362,72,8,6,48.020000,5.720000,0.660000,"L29","C",163,2.720000,128.590000,1.230000,7,0.770000,511,13.170000,0.710000,"2024-06-11",213.550000,0.609000
"ITM10258","Apparel",192,66,3,2,30.010000,6.960000,0.840000,"L1","B",33,4.100000,176.200000,1.090000,8,0.980000,447,2.850000,0.310000,"2024-07-03",152.910000,0.427000
"ITM10259","Apparel",256,60,3,9,41.160000,9.410000,0.640000,"L10","B",106,2.090000,67.530000,0.880000,6,0.840000,442,13.030000,0.690000,"2024-02-24",162.260000,0.672000
"ITM10260","Apparel",181,65,13,3,41.440000,6.560000,0.970000,"L91","A",48,3.040000,35.080000,1.820000,2,0.830000,277,5.830000,0.850000,"2024-02-16",205.080000,0.592000
"ITM10261","Groceries",412,36,5,5,4.250000,3.960000,0.660000,"L81","B",118,4.120000,165.710000,1.520000,9,0.700000,968,7.860000,0.680000,"2024-01-03",140.300000,0.449000
"ITM10262","Automotive",235,41,5,9,9.370000,4.770000,0.810000,"L8","C",70,1.570000,82.680000,0.390000,0,0.720000,618,3.000000,1.000000,"2024-06-06",86.420000,0.745000
"ITM10263","Electronics",283,18,13,6,16.240000,8.670000,0.890000,"L30","C",178,4.470000,133.710000,1.180000,4,0.900000,293,2.660000,0.610000,"2024-08-15",74.660000,0.539000
"ITM10264","Pharma",282,93,7,8,16.710000,1.740000,0.740000,"L9","D",29,4.790000,150.090000,0.270000,5,0.880000,106,13.120000,0.740000,"2024-07-03",228.300000,0.772000
"ITM10265","Electronics",311,77,3,9,33.280000,3.590000,0.570000,"L5","B",25,0.680000,72.070000,0.560000,8,0.870000,192,9.820000,0.260000,"2024-05-18",151.390000,0.541000
"ITM10266","Pharma",293,55,12,8,31.530000,5.980000,0.350000,"L43","B",158,0.770000,105.980000,1.830000,4,0.730000,241,7.450000,0.850000,"2024-02-22",190.980000,0.552000
"ITM10267","Electronics",22,76,8,4,25.230000,6.930000,0.870000,"L10","D",24,0.910000,180.040000,0.980000,0,0.810000,568,1.510000,0.700000,"2024-03-08",146.620000,0.624000
"ITM10268","Automotive",47,35,9,7,11.350000,7.750000,0.530000,"L66","A",176,4.000000,177.160000,1.800000,3,0.940000,453,13.910000,0.650000,"2024-02-14",247.460000,0.663000
"ITM10269","Pharma",345,17,12,7,19.720000,3.520000,0.660000,"L31","D",51,1.350000,152.380000,0.420000,1,0.750000,324,6.270000,0.770000,"2024-04-05",154.090000,0.726000
"ITM10270","Groceries",447,15,14,5,27.640000,1.890000,0.170000,"L36","B",13,3.770000,154.920000,0.490000,3,0.960000,695,6.830000,0.650000,"2024-08-08",296.540000,0.704000
"ITM10271","Electronics",168,89,13,2,23.930000,9.570000,0.550000,"L86","A",161,2.490000,180.560000,0.770000,6,0.740000,996,5.060000,0.810000,"2024-08-17",80.360000,0.580000
"ITM10272","Electronics",47,33,5,2,7.240000,1.230000,0.730000,"L63","C",140,4.260000,149.900000,0.800000,8,0.750000,88,13.480000,0.670000,"2024-10-12",50.170000,0.624000
"ITM10273","Pharma",329,57,6,5,32.830000,1.410000,0.630000,"L28","C",123,4.140000,74.520000,1.520000,2,0.840000,242,5.820000,0.620000,"2024-10-11",118.340000,0.578000
"ITM10274","Groceries",457,54,12,5,4.580000,5.200000,0.500000,"L70","D",138,4.820000,32.950000,1.240000,2,0.980000,376,3.440000,0.310000,"2024-09-19",276.410000,0.540000
"ITM10275","Groceries",84,22,13,6,19.530000,8.280000,0.300000,"L17","C",150,1.630000,90.160000,1.150000,3,0.800000,532,8.010000,0.580000,"2024-07-27",257.170000,0.608000
"ITM10276","Automotive",375,78,12,8,35.790000,7.860000,0.380000,"L93","B",63,1.530000,26.600000,1.240000,6,0.900000,74,11.940000,0.630000,"2024-02-22",81.730000,0.621000
"ITM10277","Groceries",40,34,14,5,1.980000,9.410000,0.730000,"L74","D",91,0.640000,32.000000,1.490000,5,0.880000,151,6.200000,0.700000,"2024-01-14",183.910000,0.550000
"ITM10278","Groceries",271,29,12,8,28.930000,1.850000,0.300000,"L74","B",49,2.350000,190.530000,1.800000,4,0.740000,712,10.130000,0.560000,"2024-02-15",180.790000,0.535000
"ITM10279","Groceries",254,91,12,9,17.390000,4.070000,0.660000,"L61","B",136,2.570000,138.420000,0.890000,3,0.770000,266,5.260000,0.320000,"2024-06-30",95.090000,0.539000
"ITM10280","Apparel",246,91,12,9,1.430000,3.180000,0.630000,"L32","A",148,4.840000,171.810000,1.630000,7,0.980000,791,11.080000,0.320000,"2024-10-10",78.260000,0.505000
"ITM10281","Automotive",32,75,5,4,10.330000,8.680000,0.970000,"L61","A",51,4.240000,132.150000,1.040000,3,0.760000,316,10.360000,0.780000,"2024-02-17",123.110000,0.682000
"ITM10282","Electronics",332,83,3,8,47.110000,5.140000,0.150000,"L53","A",102,1.250000,89.520000,1.470000,2,0.910000,211,10.530000,0.730000,"2024-11-01",238.700000,0.681000
"ITM10283","Pharma",68,54,10,6,26.540000,0.760000,0.200000,"L25","C",13,4.090000,14.780000,1.760000,6,0.990000,336,10.040000,0.410000,"2024-11-02",65.600000,0.518000
"ITM10284","Electronics",137,56,12,9,49.860000,7.230000,0.560000,"L13","A",34,1.300000,191.610000,0.160000,1,0.740000,727,3.190000,0.560000,"2024-06-15",139.260000,0.667000
"ITM10285","Automotive",73,72,12,7,26.720000,4.190000,0.570000,"L13","B",109,0.850000,23.480000,1.140000,3,0.820000,935,13.430000,0.450000,"2024-07-16",149.690000,0.659000
"ITM10286","Pharma",157,85,4,7,27.650000,5.550000,0.140000,"L85","D",173,4.270000,125.930000,1.980000,7,0.770000,931,9.200000,0.340000,"2024-01-07",282.350000,0.407000
"ITM10287","Automotive",72,86,3,9,20.200000,8.990000,0.840000,"L56","D",134,4.890000,29.420000,1.040000,3,0.770000,296,6.350000,0.460000,"2024-05-29",98.020000,0.567000
"ITM10288","Groceries",63,64,10,9,16.190000,2.940000,0.550000,"L46","B",49,0.900000,63.990000,1.740000,9,0.740000,223,3.410000,0.410000,"2024-07-30",15.700000,0.321000
"ITM10289","Pharma",322,84,9,9,13.330000,2.780000,0.410000,"L55","C",101,4.160000,45.310000,0.450000,6,0.890000,445,11.970000,0.270000,"2024-07-17",211.180000,0.627000
"ITM10290","Groceries",72,28,9,8,17.830000,3.000000,0.390000,"L53","D",145,4.370000,115.210000,1.250000,1,0.920000,58,8.130000,0.600000,"2024-02-13",229.180000,0.667000
"ITM10291","Electronics",93,44,6,7,23.530000,3.710000,0.880000,"L60","B",94,1.030000,178.540000,1.750000,4,0.900000,958,3.060000,0.560000,"2024-10-13",213.880000,0.478000
"ITM10292","Electronics",65,62,13,7,10.410000,1.520000,0.280000,"L94","B",44,1.770000,130.770000,0.920000,3,0.980000,497,13.900000,0.770000,"2024-05-04",213.210000,0.783000
"ITM10293","Pharma",32,35,11,3,12.020000,7.120000,0.240000,"L7","B",155,3.800000,136.200000,1.020000,8,0.740000,837,2.490000,0.700000,"2024-10-19",150.140000,0.459000
"ITM10294","Pharma",184,23,8,9,14.310000,2.470000,0.290000,"L87","D",56,4.130000,182.700000,0.260000,6,0.800000,620,8.340000,0.470000,"2024-09-23",15.410000,0.619000
"ITM10295","Automotive",121,54,4,4,23.010000,9.300000,0.660000,"L84","D",162,2.090000,152.390000,0.180000,8,0.800000,646,9.550000,0.600000,"2024-03-27",221.680000,0.629000
"ITM10296","Automotive",299,53,3,9,32.990000,2.550000,0.830000,"L83","A",178,1.220000,174.530000,0.990000,9,0.770000,711,14.990000,0.630000,"2024-12-16",281.590000,0.601000
"ITM10297","Groceries",277,97,3,6,42.950000,2.930000,0.400000,"L13","A",14,3.420000,89.110000,1.700000,6,0.740000,370,2.970000,0.930000,"2024-07-13",55.640000,0.484000
"ITM10298","Pharma",489,74,11,6,15.070000,3.320000,0.260000,"L8","B",134,3.660000,174.420000,1.870000,1,0.850000,621,9.590000,0.990000,"2024-03-27",29.700000,0.689000
"ITM10299","Electronics",356,60,6,7,10.000000,7.800000,0.290000,"L52","B",120,2.770000,132.710000,1.350000,1,0.950000,174,7.670000,0.850000,"2024-03-12",86.910000,0.707000
"ITM10300","Automotive",375,52,7,9,19.560000,4.560000,0.660000,"L94","B",81,1.150000,35.770000,1.670000,1,0.990000,90,4.600000,0.650000,"2024-05-17",256.440000,0.602000
"ITM10301","Automotive",417,95,5,2,44.820000,8.280000,0.320000,"L44","B",96,4.300000,17.360000,1.500000,4,0.740000,386,14.190000,0.940000,"2024-06-03",40.780000,0.695000
"ITM10302","Electronics",157,32,6,6,1.480000,7.960000,0.890000,"L14","D",12,3.400000,56.370000,1.430000,0,0.950000,734,12.070000,0.340000,"2024-05-17",217.400000,0.676000
"ITM10303","Automotive",182,65,14,9,34.220000,9.330000,0.190000,"L32","A",174,4.410000,81.890000,1.560000,6,0.950000,821,11.880000,0.760000,"2024-09-09",28.250000,0.624000
"ITM10304","Groceries",428,28,10,4,24.380000,7.690000,0.130000,"L25","C",102,4.700000,169.140000,1.060000,1,0.820000,375,13.590000,0.570000,"2024-03-15",19.510000,0.733000
"ITM10305","Pharma",406,91,6,5,8.890000,0.990000,0.180000,"L25","B",50,4.130000,150.840000,0.970000,3,0.730000,734,11.150000,0.320000,"2024-02-02",268.480000,0.602000
"ITM10306","Electronics",130,85,11,9,16.730000,8.450000,0.860000,"L69","A",157,4.810000,191.520000,0.400000,8,1.000000,235,8.090000,0.260000,"2024-03-26",233.460000,0.560000
"ITM10307","Pharma",121,64,11,4,12.020000,9.410000,0.690000,"L58","B",96,4.790000,116.240000,1.700000,7,0.900000,290,6.480000,0.580000,"2024-08-10",183.590000,0.472000
"ITM10308","Automotive",36,69,8,7,44.010000,9.940000,0.960000,"L18","D",177,3.290000,152.070000,0.180000,9,0.990000,388,10.860000,0.390000,"2024-05-21",59.880000,0.623000
"ITM10309","Automotive",287,68,4,7,24.610000,1.690000,0.400000,"L55","C",94,3.780000,62.300000,0.610000,1,0.850000,143,9.440000,0.400000,"2024-08-03",90.870000,0.695000
"ITM10310","Electronics",201,42,14,3,28.590000,6.330000,0.290000,"L24","A",145,3.650000,139.120000,1.090000,3,0.820000,968,8.600000,0.460000,"2024-06-02",24.100000,0.602000
"ITM10311","Groceries",391,28,12,8,30.090000,2.390000,0.610000,"L36","A",142,3.300000,144.170000,1.950000,3,0.770000,465,9.250000,0.770000,"2024-09-04",197.160000,0.576000
"ITM10312","Apparel",43,37,13,6,32.340000,2.990000,0.580000,"L60","C",34,0.590000,171.200000,1.590000,1,1.000000,112,10.170000,0.330000,"2024-02-09",208.960000,0.623000
"ITM10313","Electronics",48,61,9,8,25.280000,7.580000,0.630000,"L32","D",48,2.100000,111.920000,0.800000,1,0.780000,782,14.560000,0.770000,"2024-07-03",104.770000,0.804000
"ITM10314","Apparel",190,58,11,9,1.880000,9.790000,0.410000,"L10","C",174,0.950000,133.310000,1.460000,4,0.710000,569,11.540000,0.830000,"2024-05-08",108.140000,0.636000
"ITM10315","Apparel",428,46,8,8,17.400000,6.150000,0.110000,"L57","A",134,1.850000,48.580000,1.870000,3,0.850000,774,3.470000,0.680000,"2024-05-06",192.400000,0.505000
"ITM10316","Groceries",247,35,5,6,10.010000,8.580000,0.130000,"L71","C",114,0.810000,149.980000,1.120000,7,0.810000,258,7.530000,0.400000,"2024-11-16",284.240000,0.490000
"ITM10317","Apparel",397,49,9,6,34.330000,0.580000,0.700000,"L13","D",14,4.640000,169.300000,0.980000,3,0.780000,258,10.500000,0.240000,"2024-09-10",124.470000,0.586000
"ITM10318","Apparel",207,89,7,9,3.780000,0.850000,0.570000,"L7","D",145,2.530000,122.810000,1.150000,7,0.890000,425,3.460000,0.530000,"2024-10-31",153.140000,0.475000
"ITM10319","Groceries",365,47,3,7,28.630000,6.170000,0.840000,"L84","B",13,1.350000,31.980000,0.690000,4,0.810000,134,14.060000,0.880000,"2024-11-11",212.500000,0.776000
"ITM10320","Apparel",249,86,5,6,11.320000,4.200000,0.370000,"L70","C",178,3.130000,69.440000,1.820000,0,0.820000,256,2.080000,0.280000,"2024-04-10",109.270000,0.466000
"ITM10321","Apparel",340,96,7,2,47.490000,8.950000,0.830000,"L2","C",69,1.380000,100.350000,1.610000,8,0.710000,396,9.550000,0.800000,"2024-08-22",261.970000,0.508000
"ITM10322","Apparel",359,63,9,2,17.440000,3.370000,0.480000,"L12","A",63,4.120000,138.660000,1.440000,7,0.880000,714,14.660000,0.570000,"2024-02-24",255.390000,0.601000
"ITM10323","Electronics",138,31,5,5,16.940000,4.600000,0.190000,"L97","D",159,1.880000,70.860000,1.220000,0,0.740000,210,11.190000,0.920000,"2024-03-10",205.540000,0.759000
"ITM10324","Electronics",175,25,8,6,46.250000,5.520000,0.980000,"L31","C",87,1.920000,169.660000,1.940000,2,0.760000,499,10.480000,0.480000,"2024-06-04",165.710000,0.554000
"ITM10325","Electronics",291,37,7,3,21.450000,3.090000,0.560000,"L22","A",28,4.410000,80.640000,0.670000,2,0.920000,165,14.960000,0.760000,"2024-01-04",295.220000,0.828000
"ITM10326","Groceries",194,44,3,5,48.180000,9.130000,0.670000,"L53","B",108,3.020000,18.140000,0.640000,4,0.790000,411,12.090000,0.790000,"2024-07-21",213.690000,0.733000
"ITM10327","Automotive",484,69,12,7,2.180000,4.910000,0.700000,"L63","C",77,4.490000,160.860000,0.560000,6,0.750000,300,14.580000,0.360000,"2024-06-19",196.540000,0.640000
"ITM10328","Apparel",123,54,8,6,16.010000,4.530000,0.430000,"L62","C",42,2.360000,132.400000,1.510000,0,0.870000,961,10.780000,0.330000,"2024-11-13",264.280000,0.633000
"ITM10329","Apparel",111,55,10,2,33.640000,8.570000,0.770000,"L28","A",159,2.050000,162.370000,1.610000,0,0.760000,232,10.320000,0.270000,"2024-07-13",170.950000,0.583000
"ITM10330","Groceries",205,81,3,3,44.650000,3.460000,0.880000,"L52","A",148,2.780000,76.290000,1.230000,9,0.780000,725,11.680000,0.760000,"2024-06-17",80.450000,0.561000
"ITM10331","Apparel",479,64,4,9,13.560000,8.270000,0.450000,"L8","D",25,0.780000,13.350000,1.340000,5,0.890000,377,3.640000,0.640000,"2024-08-13",49.950000,0.521000
"ITM10332","Electronics",302,95,6,5,46.590000,1.660000,0.690000,"L22","D",136,1.190000,24.010000,0.760000,4,0.920000,641,12.280000,0.270000,"2024-06-20",146.600000,0.646000
"ITM10333","Automotive",200,94,14,3,30.110000,2.240000,0.780000,"L49","D",102,1.490000,31.240000,0.180000,2,0.920000,56,14.580000,0.450000,"2024-08-08",159.540000,0.810000
"ITM10334","Pharma",189,35,4,6,40.250000,9.530000,0.270000,"L1","C",53,4.180000,162.980000,0.580000,2,0.840000,886,9.560000,0.310000,"2024-11-29",250.030000,0.659000
"ITM10335","Apparel",206,94,13,4,20.460000,8.500000,0.400000,"L50","A",18,3.800000,67.270000,1.210000,3,0.840000,648,1.170000,0.270000,"2024-10-31",50.450000,0.457000
"ITM10336","Electronics",194,34,11,3,11.400000,4.190000,0.200000,"L34","D",87,1.370000,199.600000,1.640000,9,0.940000,569,2.010000,0.440000,"2024-03-10",207.560000,0.359000
"ITM10337","Pharma",241,74,12,3,45.650000,6.570000,0.640000,"L59","C",88,1.750000,154.090000,1.580000,1,0.760000,436,4.290000,0.280000,"2024-06-02",98.200000,0.487000
"ITM10338","Automotive",252,15,10,7,46.720000,9.460000,0.820000,"L37","D",95,4.750000,124.220000,0.440000,8,0.750000,980,7.880000,0.410000,"2024-06-13",282.320000,0.533000
"ITM10339","Pharma",181,32,10,2,25.380000,2.510000,0.650000,"L55","B",24,0.890000,196.890000,0.200000,3,0.900000,419,6.790000,0.640000,"2024-11-04",146.420000,0.719000
"ITM10340","Electronics",440,73,6,9,1.320000,1.060000,0.260000,"L90","C",15,2.960000,70.100000,1.720000,9,0.820000,597,14.710000,0.650000,"2024-12-21",190.500000,0.538000
"ITM10341","Pharma",153,96,7,6,6.380000,5.610000,0.590000,"L94","D",10,2.850000,41.470000,0.240000,2,0.910000,812,14.240000,0.330000,"2024-04-12",198.530000,0.774000
"ITM10342","Groceries",410,52,6,3,29.080000,1.850000,0.850000,"L72","D",29,3.770000,150.080000,0.850000,9,0.780000,661,6.500000,0.350000,"2024-09-02",36.390000,0.448000
"ITM10343","Pharma",499,32,11,6,2.170000,2.280000,0.370000,"L85","B",173,1.680000,62.840000,0.280000,6,0.800000,128,12.120000,0.880000,"2024-06-09",257.140000,0.750000
"ITM10344","Apparel",243,39,4,2,20.450000,8.970000,0.850000,"L92","B",139,4.710000,192.600000,1.170000,8,0.970000,847,9.910000,0.330000,"2024-03-31",57.630000,0.515000
"ITM10345","Apparel",172,86,13,7,15.870000,0.570000,0.810000,"L63","D",79,2.350000,197.730000,0.790000,1,0.830000,832,4.400000,0.240000,"2024-07-22",125.250000,0.574000
"ITM10346","Groceries",52,27,10,6,36.000000,8.260000,0.120000,"L20","D",11,1.790000,186.020000,0.480000,5,0.880000,270,14.040000,0.400000,"2024-06-12",205.040000,0.695000
"ITM10347","Electronics",74,96,4,8,3.720000,5.410000,0.320000,"L25","A",140,2.020000,189.500000,1.230000,4,0.730000,757,4.630000,0.660000,"2024-05-29",26.010000,0.537000
"ITM10348","Apparel",461,88,3,2,24.950000,5.810000,0.590000,"L38","D",16,2.070000,126.970000,0.790000,0,0.750000,787,13.180000,0.210000,"2024-12-21",178.320000,0.689000
"ITM10349","Automotive",26,30,12,2,29.380000,6.880000,0.750000,"L28","D",93,1.400000,141.500000,0.420000,6,0.710000,648,9.930000,0.990000,"2024-11-20",128.880000,0.710000
"ITM10350","Apparel",263,66,5,9,31.250000,4.600000,0.890000,"L8","A",178,4.680000,27.910000,1.430000,0,0.830000,619,9.700000,0.380000,"2024-09-08",28.520000,0.628000
"ITM10351","Apparel",332,32,11,5,20.850000,1.600000,0.680000,"L75","A",63,1.290000,154.980000,1.690000,9,1.000000,461,12.740000,0.390000,"2024-10-21",220.650000,0.499000
"ITM10352","Electronics",145,54,14,7,15.910000,1.480000,0.440000,"L95","D",50,4.470000,48.390000,0.620000,8,0.960000,528,7.920000,0.790000,"2024-05-04",155.390000,0.634000
"ITM10353","Pharma",31,53,5,7,34.440000,7.670000,0.270000,"L70","A",124,2.320000,169.660000,0.450000,3,0.890000,731,12.950000,0.400000,"2024-06-15",98.000000,0.726000
"ITM10354","Apparel",35,91,11,9,42.530000,2.600000,0.780000,"L8","C",142,1.710000,192.690000,0.240000,7,0.960000,146,8.700000,0.520000,"2024-07-11",34.460000,0.648000
"ITM10355","Groceries",227,97,9,8,34.990000,0.770000,0.290000,"L96","B",111,1.390000,50.350000,1.100000,0,0.880000,707,14.790000,0.640000,"2024-05-23",168.770000,0.791000
"ITM10356","Pharma",62,56,12,6,46.670000,9.810000,0.730000,"L41","C",91,2.770000,24.830000,1.680000,4,0.810000,950,10.240000,0.220000,"2024-07-20",98.730000,0.495000
"ITM10357","Automotive",392,49,3,4,36.150000,9.810000,0.260000,"L8","B",72,3.510000,101.940000,0.580000,2,0.750000,442,6.240000,0.870000,"2024-07-05",284.540000,0.709000
"ITM10358","Electronics",480,60,12,8,38.470000,4.090000,0.180000,"L7","B",10,4.540000,160.390000,0.980000,3,0.900000,517,11.690000,0.610000,"2024-02-28",181.540000,0.700000
"ITM10359","Automotive",154,51,7,5,9.230000,0.740000,0.330000,"L75","D",34,3.440000,156.420000,0.410000,3,0.760000,919,8.140000,0.450000,"2024-10-15",92.670000,0.650000
"ITM10360","Pharma",247,16,11,7,21.560000,7.410000,0.360000,"L62","B",152,2.680000,142.400000,0.870000,7,0.830000,420,12.280000,0.520000,"2024-04-12",163.300000,0.607000
"ITM10361","Pharma",130,59,14,2,24.770000,8.390000,0.680000,"L65","C",154,0.650000,165.930000,0.130000,9,0.950000,442,12.670000,0.240000,"2024-10-30",166.450000,0.614000
"ITM10362","Pharma",326,57,5,7,13.560000,1.690000,0.240000,"L68","D",158,4.620000,43.250000,1.830000,9,0.740000,67,9.640000,0.770000,"2024-10-06",220.760000,0.468000
"ITM10363","Automotive",476,93,11,8,26.900000,1.790000,0.940000,"L21","A",64,4.560000,133.870000,1.390000,2,0.740000,233,13.210000,0.630000,"2024-04-02",271.640000,0.671000
"ITM10364","Pharma",179,15,7,4,15.250000,8.310000,0.600000,"L8","C",116,2.200000,125.080000,0.730000,0,0.770000,192,6.650000,0.930000,"2024-12-15",289.150000,0.756000
"ITM10365","Automotive",350,18,11,3,34.690000,9.260000,0.540000,"L66","D",147,0.630000,39.150000,1.770000,4,0.870000,512,1.800000,0.570000,"2024-10-08",218.190000,0.455000
"ITM10366","Pharma",283,66,12,3,24.040000,8.010000,0.490000,"L11","B",74,3.800000,88.740000,0.450000,1,0.780000,556,10.280000,0.860000,"2024-01-14",168.310000,0.800000
"ITM10367","Groceries",244,40,8,9,23.480000,2.410000,0.610000,"L24","C",46,4.060000,171.980000,0.250000,5,0.850000,383,11.700000,0.350000,"2024-08-24",75.230000,0.671000
"ITM10368","Pharma",490,30,11,7,49.200000,4.410000,0.120000,"L9","B",121,2.940000,194.640000,1.890000,3,0.790000,111,2.020000,0.250000,"2024-12-28",126.880000,0.386000
"ITM10369","Automotive",236,99,9,7,20.230000,6.210000,0.990000,"L77","D",16,2.310000,136.430000,0.690000,8,0.850000,212,11.790000,0.960000,"2024-04-17",151.750000,0.690000
"ITM10370","Apparel",475,49,9,5,18.750000,2.020000,0.600000,"L9","D",85,4.330000,185.170000,1.880000,6,0.780000,601,9.950000,0.410000,"2024-08-12",47.230000,0.463000
"ITM10371","Pharma",64,54,10,7,16.610000,2.500000,0.130000,"L87","A",49,1.370000,35.090000,1.310000,1,0.990000,228,2.630000,0.870000,"2024-05-29",84.360000,0.656000
"ITM10372","Apparel",233,86,9,4,44.840000,3.190000,0.630000,"L31","A",10,2.480000,195.260000,1.960000,6,0.850000,284,8.560000,0.410000,"2024-12-20",295.490000,0.450000
"ITM10373","Groceries",78,58,14,7,25.340000,5.340000,0.490000,"L52","C",157,0.610000,16.370000,1.530000,9,0.920000,941,2.520000,0.320000,"2024-02-05",229.440000,0.349000
"ITM10374","Electronics",151,96,11,6,30.400000,5.350000,0.120000,"L16","A",117,1.240000,110.180000,0.300000,7,0.910000,109,5.500000,0.790000,"2024-07-28",149.780000,0.643000
"ITM10375","Groceries",123,29,13,8,9.860000,8.240000,0.930000,"L73","B",168,4.730000,65.290000,1.720000,2,0.850000,277,12.260000,0.820000,"2024-12-10",75.550000,0.685000
"ITM10376","Pharma",214,26,11,9,27.510000,7.650000,0.110000,"L32","B",77,3.100000,164.640000,0.380000,2,0.770000,288,2.410000,0.870000,"2024-09-12",176.300000,0.682000
"ITM10377","Apparel",432,37,8,4,14.460000,9.180000,0.620000,"L75","A",21,4.130000,51.330000,1.420000,1,0.850000,617,7.430000,0.890000,"2024-03-12",77.240000,0.685000
"ITM10378","Apparel",176,50,9,5,36.800000,8.410000,0.970000,"L77","A",159,2.690000,12.190000,1.050000,0,0.900000,795,9.480000,0.590000,"2024-11-20",66.000000,0.719000
"ITM10379","Automotive",117,75,4,6,41.790000,2.910000,0.310000,"L6","A",138,4.260000,88.780000,1.440000,2,0.840000,133,14.170000,0.520000,"2024-06-04",37.190000,0.677000
"ITM10380","Apparel",245,34,11,6,36.030000,3.650000,0.330000,"L80","C",135,2.930000,22.180000,1.550000,9,0.720000,764,11.320000,0.800000,"2024-05-03",110.300000,0.520000
"ITM10381","Automotive",431,67,14,8,36.780000,5.250000,0.100000,"L11","C",10,0.520000,65.120000,1.630000,6,0.710000,90,2.950000,0.660000,"2024-05-09",167.100000,0.430000
"ITM10382","Electronics",224,50,3,3,26.110000,0.640000,0.160000,"L54","B",140,4.550000,132.310000,1.690000,8,0.800000,487,14.560000,0.970000,"2024-12-03",56.210000,0.619000
"ITM10383","Pharma",98,15,3,4,35.890000,9.090000,0.140000,"L85","C",126,1.170000,65.990000,1.710000,8,0.750000,578,7.690000,0.500000,"2024-03-19",68.130000,0.422000
"ITM10384","Automotive",143,84,5,8,21.710000,0.920000,0.840000,"L75","C",158,2.530000,56.700000,0.880000,5,0.970000,154,6.180000,0.230000,"2024-08-04",123.430000,0.534000
"ITM10385","Electronics",490,47,14,6,32.920000,3.560000,0.850000,"L73","D",22,2.650000,39.540000,1.790000,5,0.750000,586,2.800000,0.670000,"2024-07-12",151.960000,0.442000
"ITM10386","Apparel",447,15,8,5,13.690000,5.910000,0.750000,"L67","B",150,0.710000,35.680000,1.470000,4,0.820000,431,14.070000,0.480000,"2024-02-07",231.060000,0.621000
"ITM10387","Apparel",237,54,7,8,4.420000,5.420000,0.420000,"L41","B",114,0.740000,109.910000,1.690000,1,0.910000,142,9.210000,0.470000,"2024-08-17",174.320000,0.610000
"ITM10388","Electronics",23,84,4,3,21.260000,6.720000,0.840000,"L34","A",170,3.930000,139.490000,1.980000,6,0.940000,264,14.830000,0.650000,"2024-11-02",189.130000,0.598000
"ITM10389","Apparel",109,23,11,6,23.630000,5.510000,0.590000,"L27","D",143,1.850000,96.020000,0.320000,0,0.840000,954,3.430000,0.940000,"2024-09-02",211.900000,0.770000
"ITM10390","Electronics",123,75,12,8,13.560000,2.680000,0.370000,"L86","A",34,2.340000,33.480000,0.800000,5,0.750000,745,8.640000,0.410000,"2024-10-25",140.790000,0.567000
"ITM10391","Automotive",412,49,6,4,36.660000,2.410000,0.490000,"L92","C",160,3.040000,133.070000,1.630000,3,0.780000,266,2.540000,0.500000,"2024-07-24",109.510000,0.467000
"ITM10392","Automotive",138,12,6,3,4.600000,9.120000,0.160000,"L41","B",97,2.180000,115.850000,0.260000,2,0.830000,538,8.340000,0.910000,"2024-09-30",242.120000,0.793000
"ITM10393","Electronics",152,33,7,4,11.910000,3.010000,0.950000,"L31","C",110,3.990000,82.440000,1.130000,0,0.810000,200,13.460000,0.920000,"2024-09-16",250.210000,0.812000
"ITM10394","Automotive",331,28,10,4,37.680000,3.170000,0.660000,"L34","C",35,4.480000,72.710000,1.730000,5,0.800000,423,2.530000,0.390000,"2024-12-20",54.650000,0.399000
"ITM10395","Automotive",115,27,12,4,22.420000,4.420000,0.760000,"L51","D",141,0.770000,44.800000,0.140000,6,0.740000,819,4.780000,0.770000,"2024-08-02",286.480000,0.632000
"ITM10396","Automotive",487,73,6,8,35.560000,1.820000,0.710000,"L17","D",111,3.360000,37.800000,1.890000,0,0.970000,862,10.550000,0.530000,"2024-10-05",279.680000,0.652000
"ITM10397","Groceries",453,97,7,3,28.810000,5.320000,0.700000,"L86","B",172,1.930000,74.370000,1.960000,0,0.710000,680,2.070000,0.950000,"2024-01-19",262.550000,0.564000
"ITM10398","Pharma",350,44,14,8,47.580000,6.820000,0.120000,"L83","B",109,3.120000,17.910000,0.710000,6,0.830000,498,7.360000,0.790000,"2024-07-03",132.570000,0.631000
"ITM10399","Apparel",162,71,6,8,30.290000,7.970000,0.570000,"L39","D",34,2.680000,92.960000,1.560000,5,0.990000,471,5.660000,0.600000,"2024-12-25",254.230000,0.537000
"ITM10400","Groceries",307,10,8,8,1.730000,7.260000,0.840000,"L59","D",157,2.000000,124.300000,0.340000,6,0.900000,695,12.730000,0.850000,"2024-10-01",192.140000,0.766000
"ITM10401","Automotive",47,34,14,6,18.290000,1.900000,0.140000,"L41","D",10,0.930000,188.910000,1.570000,7,0.810000,993,1.690000,1.000000,"2024-10-31",69.560000,0.488000
"ITM10402","Electronics",297,54,5,7,8.010000,4.830000,0.960000,"L97","D",103,3.020000,128.910000,1.010000,7,0.740000,989,13.090000,0.560000,"2024-11-22",234.720000,0.594000
"ITM10403","Automotive",252,58,10,2,46.310000,0.870000,0.480000,"L10","B",77,1.010000,128.570000,1.730000,8,0.990000,256,10.850000,0.500000,"2024-02-13",127.770000,0.510000
"ITM10404","Pharma",36,98,8,6,6.100000,0.670000,0.360000,"L2","B",32,1.200000,81.140000,0.500000,8,0.700000,824,5.160000,0.690000,"2024-02-25",94.730000,0.537000
"ITM10405","Automotive",78,25,12,3,20.000000,4.680000,0.580000,"L59","C",115,4.920000,35.330000,1.380000,6,0.900000,883,3.770000,0.750000,"2024-05-07",264.700000,0.522000
"ITM10406","Electronics",109,28,7,2,12.080000,2.900000,0.820000,"L80","C",159,1.930000,94.920000,1.590000,8,0.960000,751,14.300000,0.760000,"2024-12-02",260.060000,0.616000
"ITM10407","Pharma",218,32,4,2,42.490000,6.990000,0.530000,"L73","C",104,3.130000,123.750000,0.480000,5,0.710000,719,8.750000,0.580000,"2024-12-06",260.670000,0.627000
"ITM10408","Automotive",381,92,12,2,16.120000,7.380000,0.680000,"L13","B",71,1.730000,147.570000,1.650000,8,0.920000,526,5.830000,0.470000,"2024-06-30",259.260000,0.431000
"ITM10409","Pharma",460,34,12,7,49.600000,9.010000,0.550000,"L10","A",138,4.390000,166.960000,1.920000,1,1.000000,637,1.620000,0.860000,"2024-03-26",170.730000,0.582000
"ITM10410","Apparel",45,25,9,8,2.890000,7.730000,0.670000,"L69","C",77,1.780000,58.630000,1.270000,1,0.890000,613,3.320000,0.970000,"2024-11-27",188.910000,0.669000
"ITM10411","Apparel",44,63,4,9,7.290000,0.960000,0.220000,"L28","A",156,2.150000,55.830000,1.590000,5,0.820000,275,9.370000,0.890000,"2024-11-09",285.170000,0.608000
"ITM10412","Automotive",413,82,3,5,12.010000,4.030000,0.130000,"L65","A",39,3.240000,117.410000,1.110000,2,0.960000,655,8.180000,0.750000,"2024-01-23",47.510000,0.700000
"ITM10413","Pharma",320,10,9,3,40.740000,3.090000,0.220000,"L34","A",138,4.410000,117.540000,1.240000,1,0.870000,853,11.610000,0.490000,"2024-10-15",243.820000,0.683000
"ITM10414","Electronics",358,51,7,9,44.050000,4.170000,0.360000,"L17","D",57,4.170000,51.410000,0.130000,7,0.920000,852,12.690000,0.700000,"2024-11-26",162.620000,0.740000
"ITM10415","Automotive",286,28,3,7,4.500000,2.020000,0.330000,"L45","B",28,1.690000,121.620000,1.100000,6,0.880000,883,6.560000,0.280000,"2024-12-12",293.740000,0.489000
"ITM10416","Apparel",480,43,6,7,2.590000,1.430000,0.650000,"L9","B",136,4.230000,75.720000,1.190000,7,0.710000,739,2.410000,0.630000,"2024-11-27",195.370000,0.441000
"ITM10417","Apparel",200,89,14,5,37.480000,5.450000,0.510000,"L32","C",159,3.660000,131.470000,1.370000,5,0.760000,436,12.080000,0.820000,"2024-07-23",57.140000,0.640000
"ITM10418","Automotive",475,64,6,2,7.530000,7.340000,0.130000,"L48","C",59,4.950000,65.300000,0.420000,8,0.720000,155,8.750000,0.400000,"2024-06-18",246.490000,0.539000
"ITM10419","Pharma",379,27,12,8,7.520000,7.170000,0.130000,"L37","B",143,4.710000,122.540000,0.560000,8,0.730000,125,14.720000,0.600000,"2024-08-08",205.070000,0.646000
"ITM10420","Apparel",87,43,9,5,2.100000,4.780000,0.180000,"L21","D",158,2.900000,155.980000,1.540000,1,0.700000,565,12.150000,0.260000,"2024-02-24",53.190000,0.580000
"ITM10421","Pharma",370,98,11,9,3.440000,5.460000,0.420000,"L57","B",156,3.870000,196.230000,0.420000,9,0.830000,872,5.610000,0.870000,"2024-01-06",12.610000,0.593000
"ITM10422","Apparel",431,54,4,9,13.920000,5.410000,0.110000,"L70","A",174,3.070000,183.100000,0.890000,4,0.750000,997,7.000000,0.480000,"2024-02-20",167.660000,0.570000
"ITM10423","Apparel",478,15,14,5,4.190000,7.070000,0.540000,"L91","B",72,3.180000,105.670000,0.580000,8,0.960000,236,4.300000,0.670000,"2024-05-12",80.030000,0.565000
"ITM10424","Groceries",340,30,3,7,19.080000,0.960000,0.420000,"L39","D",166,0.960000,102.790000,1.140000,2,0.930000,581,8.170000,0.500000,"2024-04-23",261.500000,0.641000
"ITM10425","Apparel",68,79,4,3,41.810000,7.240000,0.600000,"L79","B",171,0.510000,93.160000,1.980000,4,0.870000,324,10.950000,0.680000,"2024-09-18",82.770000,0.578000
"ITM10426","Electronics",194,57,9,4,16.990000,6.030000,0.750000,"L84","B",138,0.720000,15.270000,1.720000,7,0.850000,697,9.570000,0.800000,"2024-09-22",202.230000,0.546000
"ITM10427","Automotive",71,48,12,8,36.660000,2.380000,0.330000,"L68","B",57,4.850000,41.530000,0.610000,1,0.780000,588,5.790000,0.460000,"2024-10-12",110.090000,0.644000
"ITM10428","Automotive",121,40,8,9,5.600000,0.970000,0.240000,"L2","A",98,1.070000,21.250000,0.800000,5,0.840000,697,12.530000,0.620000,"2024-10-24",111.590000,0.679000
"ITM10429","Pharma",235,19,6,9,33.310000,1.530000,0.350000,"L86","C",136,0.700000,142.310000,1.850000,3,0.890000,67,2.470000,0.840000,"2024-12-18",62.730000,0.534000
"ITM10430","Apparel",457,39,3,5,16.520000,5.480000,0.100000,"L71","D",158,1.890000,88.510000,1.810000,5,0.930000,334,3.000000,0.750000,"2024-10-21",155.790000,0.495000
"ITM10431","Electronics",207,27,3,8,37.740000,7.700000,0.210000,"L39","A",171,3.150000,22.120000,0.410000,2,0.720000,351,6.660000,0.250000,"2024-04-23",177.990000,0.602000
"ITM10432","Pharma",76,69,7,5,7.680000,3.680000,0.780000,"L85","B",163,4.770000,141.210000,1.680000,5,0.910000,548,10.830000,0.660000,"2024-08-16",178.490000,0.590000
"ITM10433","Groceries",66,97,3,2,45.000000,4.100000,0.300000,"L14","B",45,3.650000,132.440000,0.670000,6,0.920000,981,10.720000,0.500000,"2024-07-10",258.420000,0.640000
"ITM10434","Pharma",178,82,14,8,12.890000,9.370000,0.990000,"L18","C",160,1.740000,146.790000,1.130000,9,0.870000,948,6.130000,0.770000,"2024-07-19",199.180000,0.517000
"ITM10435","Pharma",193,24,9,2,18.300000,2.520000,0.250000,"L34","C",90,4.730000,123.970000,0.110000,2,0.760000,954,10.750000,0.210000,"2024-08-25",224.670000,0.686000
"ITM10436","Apparel",261,13,13,9,47.560000,1.490000,0.810000,"L15","C",56,0.660000,40.690000,2.000000,4,0.860000,699,1.850000,0.460000,"2024-12-13",103.800000,0.409000
"ITM10437","Groceries",301,72,3,7,29.350000,3.760000,0.730000,"L14","A",157,4.910000,21.660000,1.550000,7,0.850000,793,5.060000,0.270000,"2024-10-28",132.000000,0.396000
"ITM10438","Pharma",260,49,3,2,18.920000,7.590000,0.390000,"L96","D",36,0.760000,165.260000,0.560000,1,0.840000,901,10.710000,0.940000,"2024-12-19",15.300000,0.823000
"ITM10439","Electronics",389,18,4,8,47.530000,6.450000,0.400000,"L71","C",174,3.890000,51.000000,1.400000,6,0.840000,306,3.580000,0.900000,"2024-09-13",32.940000,0.536000
"ITM10440","Electronics",24,18,13,6,17.120000,4.450000,0.610000,"L20","B",61,0.700000,113.080000,0.660000,0,0.730000,268,3.980000,0.970000,"2024-03-18",121.680000,0.727000
"ITM10441","Automotive",103,35,14,8,5.650000,9.670000,0.870000,"L35","D",84,4.690000,102.190000,0.270000,6,0.750000,693,2.220000,0.710000,"2024-06-25",70.820000,0.575000
"ITM10442","Groceries",327,13,12,5,49.850000,7.480000,0.450000,"L37","B",101,0.990000,185.000000,0.910000,0,0.730000,993,6.100000,0.850000,"2024-01-13",245.760000,0.706000
"ITM10443","Groceries",380,90,5,2,14.120000,1.090000,0.160000,"L78","B",71,0.730000,114.960000,1.270000,3,0.770000,406,12.550000,0.690000,"2024-09-04",206.180000,0.672000
"ITM10444","Automotive",478,25,13,3,42.710000,7.570000,0.440000,"L27","D",75,4.500000,120.200000,0.270000,3,0.780000,305,12.710000,0.590000,"2024-02-23",291.390000,0.756000
"ITM10445","Pharma",267,24,3,6,9.110000,0.730000,0.290000,"L92","A",161,0.930000,70.710000,1.080000,4,0.770000,657,13.070000,0.870000,"2024-05-31",267.240000,0.714000
"ITM10446","Groceries",73,61,11,7,36.840000,6.680000,0.950000,"L44","D",89,4.090000,192.150000,1.080000,1,0.760000,323,1.510000,0.820000,"2024-07-31",293.520000,0.608000
"ITM10447","Electronics",180,78,12,4,26.700000,2.500000,0.730000,"L27","C",149,3.860000,126.350000,1.290000,5,0.920000,383,14.910000,0.790000,"2024-02-13",115.930000,0.712000
"ITM10448","Electronics",453,14,10,5,49.060000,7.120000,0.150000,"L88","D",153,3.190000,10.950000,0.560000,5,0.950000,862,8.040000,0.920000,"2024-02-29",150.470000,0.725000
"ITM10449","Apparel",441,29,7,5,28.090000,3.440000,0.360000,"L82","C",173,2.200000,115.660000,0.140000,7,0.800000,417,13.220000,0.940000,"2024-03-13",118.060000,0.770000
"ITM10450","Groceries",430,88,13,3,2.230000,8.790000,0.150000,"L34","C",139,4.620000,79.130000,0.720000,9,0.790000,64,13.670000,0.560000,"2024-06-27",289.650000,0.600000
"ITM10451","Pharma",245,27,4,4,30.590000,3.700000,0.850000,"L65","D",73,4.420000,16.100000,0.860000,0,0.950000,228,8.200000,0.430000,"2024-06-08",126.790000,0.699000
"ITM10452","Automotive",34,11,7,9,8.120000,6.390000,0.920000,"L63","D",38,2.420000,91.990000,1.310000,3,0.890000,494,1.720000,0.610000,"2024-06-24",43.860000,0.532000
"ITM10453","Automotive",243,22,8,4,40.130000,3.220000,0.200000,"L33","C",96,1.540000,156.980000,1.870000,1,0.790000,821,9.360000,0.270000,"2024-08-21",82.650000,0.530000
"ITM10454","Pharma",80,13,3,7,42.970000,9.210000,0.500000,"L7","B",105,1.730000,105.720000,0.490000,7,0.910000,452,5.680000,0.950000,"2024-04-15",133.200000,0.659000
"ITM10455","Apparel",141,51,13,7,24.620000,7.920000,0.940000,"L12","D",40,1.490000,131.500000,1.410000,3,0.800000,137,3.890000,0.990000,"2024-09-23",184.870000,0.609000
"ITM10456","Automotive",296,83,6,6,39.380000,2.810000,0.230000,"L82","A",92,2.940000,131.550000,0.290000,7,0.880000,143,3.560000,0.720000,"2024-09-04",189.250000,0.598000
"ITM10457","Groceries",65,70,11,9,8.110000,9.510000,0.360000,"L55","C",152,4.410000,137.490000,0.460000,1,1.000000,894,8.830000,0.800000,"2024-06-27",230.050000,0.812000
"ITM10458","Apparel",472,17,4,5,25.110000,3.890000,0.370000,"L36","B",42,3.980000,83.640000,1.070000,3,0.790000,444,2.460000,0.460000,"2024-08-31",197.880000,0.516000
"ITM10459","Groceries",409,76,7,2,20.300000,6.690000,0.130000,"L6","D",109,4.080000,80.300000,1.450000,8,0.980000,77,12.500000,0.890000,"2024-02-19",152.540000,0.636000
"ITM10460","Electronics",313,72,3,7,30.950000,7.560000,0.130000,"L1","D",157,2.520000,10.870000,1.730000,4,0.800000,746,4.180000,0.920000,"2024-08-12",18.750000,0.547000
"ITM10461","Apparel",81,18,6,3,3.180000,0.720000,0.960000,"L43","B",82,1.950000,39.300000,1.510000,5,0.860000,124,8.690000,0.260000,"2024-12-22",211.560000,0.489000
"ITM10462","Automotive",105,20,6,3,37.850000,9.610000,0.610000,"L99","A",175,3.910000,190.650000,0.130000,9,0.840000,103,2.760000,0.310000,"2024-08-19",34.780000,0.474000
"ITM10463","Apparel",465,51,8,3,4.880000,3.770000,0.380000,"L17","C",140,4.070000,170.060000,1.400000,8,0.930000,370,13.030000,0.410000,"2024-06-12",145.960000,0.542000
"ITM10464","Apparel",229,22,12,8,33.170000,2.300000,0.440000,"L82","D",27,3.630000,62.270000,1.670000,8,0.720000,608,10.690000,0.760000,"2024-02-04",269.950000,0.512000
"ITM10465","Apparel",97,45,11,9,1.900000,8.580000,0.740000,"L34","A",135,0.640000,86.230000,1.100000,6,0.890000,809,3.890000,0.350000,"2024-06-02",183.090000,0.470000
"ITM10466","Apparel",221,22,5,9,41.760000,7.180000,0.430000,"L21","C",16,3.150000,188.590000,1.930000,1,0.930000,283,11.020000,0.380000,"2024-01-23",67.700000,0.596000
"ITM10467","Groceries",321,21,11,7,9.560000,1.320000,0.300000,"L95","A",172,2.060000,57.580000,0.110000,6,0.840000,679,2.160000,0.510000,"2024-12-29",244.310000,0.568000
"ITM10468","Electronics",416,46,8,7,26.260000,1.610000,0.190000,"L57","C",133,1.380000,111.180000,1.660000,8,0.730000,821,11.810000,0.690000,"2024-02-28",97.120000,0.515000
"ITM10469","Pharma",242,83,9,3,13.810000,7.290000,0.760000,"L71","C",123,3.620000,14.200000,0.740000,1,0.770000,279,7.860000,0.980000,"2024-01-12",177.410000,0.761000
"ITM10470","Apparel",241,82,14,9,36.410000,1.210000,0.260000,"L91","A",93,1.710000,127.750000,1.340000,6,0.900000,851,2.680000,0.830000,"2024-06-24",194.400000,0.528000
"ITM10471","Automotive",22,61,12,9,16.750000,9.210000,0.160000,"L55","C",93,4.610000,186.710000,1.420000,6,0.970000,802,8.710000,0.650000,"2024-11-27",222.030000,0.578000
"ITM10472","Apparel",497,80,4,7,36.510000,7.540000,0.480000,"L72","D",92,1.840000,178.100000,0.680000,2,0.830000,381,3.810000,0.240000,"2024-02-25",28.840000,0.557000
"ITM10473","Automotive",25,11,13,8,14.960000,3.690000,0.140000,"L2","D",114,3.000000,105.370000,1.990000,5,0.870000,743,10.420000,0.610000,"2024-12-12",257.740000,0.536000
"ITM10474","Groceries",112,65,12,2,37.870000,3.950000,0.970000,"L15","A",111,4.220000,133.430000,0.300000,7,0.770000,521,10.920000,0.360000,"2024-03-25",43.020000,0.602000
"ITM10475","Automotive",27,69,8,2,2.500000,5.310000,0.660000,"L10","A",102,2.310000,118.260000,0.400000,9,0.820000,366,11.650000,0.440000,"2024-05-04",37.410000,0.587000
"ITM10476","Pharma",447,32,8,6,14.880000,3.930000,0.240000,"L89","C",69,4.230000,22.730000,1.800000,7,0.800000,150,13.530000,0.400000,"2024-09-21",142.500000,0.500000
"ITM10477","Electronics",254,49,4,9,25.430000,7.940000,0.260000,"L20","C",111,3.760000,40.160000,0.330000,2,0.900000,297,10.170000,0.480000,"2024-03-30",117.930000,0.739000
"ITM10478","Automotive",127,73,4,5,3.210000,9.760000,0.610000,"L70","A",33,4.640000,193.130000,0.820000,5,1.000000,529,7.880000,0.250000,"2024-10-09",25.840000,0.573000
"ITM10479","Automotive",180,94,4,2,10.120000,6.050000,0.420000,"L5","B",118,1.970000,58.630000,1.490000,1,0.940000,910,12.960000,0.660000,"2024-03-22",58.140000,0.724000
"ITM10480","Electronics",228,32,12,6,46.790000,4.740000,0.800000,"L48","A",176,0.970000,83.050000,1.600000,1,0.760000,919,13.600000,0.240000,"2024-06-18",137.370000,0.601000
"ITM10481","Pharma",259,38,14,4,48.860000,2.620000,0.590000,"L75","B",149,2.440000,106.700000,1.910000,7,0.870000,674,11.940000,0.730000,"2024-10-13",250.430000,0.548000
"ITM10482","Apparel",350,87,3,5,37.250000,6.710000,0.490000,"L71","B",103,4.040000,196.040000,1.600000,9,0.720000,270,14.190000,0.780000,"2024-08-06",45.180000,0.549000
"ITM10483","Automotive",352,99,7,9,13.360000,7.010000,0.970000,"L19","A",73,2.530000,141.100000,1.700000,4,0.770000,388,14.710000,0.590000,"2024-08-24",40.310000,0.618000
"ITM10484","Electronics",69,60,10,2,13.770000,7.010000,0.450000,"L56","A",13,1.680000,129.620000,1.900000,4,0.750000,197,4.520000,0.830000,"2024-04-28",243.400000,0.506000
"ITM10485","Groceries",30,78,4,8,32.640000,0.760000,0.460000,"L17","A",103,0.620000,109.640000,1.150000,3,0.800000,948,3.570000,0.970000,"2024-07-26",152.770000,0.627000
"ITM10486","Electronics",370,98,7,4,6.760000,9.040000,0.700000,"L6","B",142,1.910000,143.130000,0.750000,9,0.900000,345,7.280000,0.470000,"2024-11-18",114.470000,0.516000
"ITM10487","Groceries",175,40,14,6,47.470000,3.710000,0.830000,"L40","D",25,3.710000,136.160000,1.550000,3,0.850000,758,14.960000,0.700000,"2024-04-04",143.790000,0.694000
"ITM10488","Pharma",89,59,10,2,12.020000,7.570000,0.660000,"L47","D",36,1.160000,181.540000,0.410000,7,0.980000,456,2.240000,0.460000,"2024-04-05",129.150000,0.537000
"ITM10489","Apparel",188,29,12,9,49.980000,7.720000,0.730000,"L6","A",141,2.030000,112.950000,0.230000,2,0.760000,630,10.970000,0.550000,"2024-11-23",236.750000,0.745000
"ITM10490","Electronics",291,64,7,2,25.290000,6.680000,0.440000,"L46","A",81,0.590000,90.090000,1.590000,2,0.810000,527,12.910000,0.220000,"2024-12-02",12.700000,0.579000
"ITM10491","Automotive",87,90,4,7,38.800000,4.250000,0.530000,"L27","C",57,3.750000,163.360000,1.910000,7,0.800000,849,14.950000,0.260000,"2024-08-09",135.620000,0.480000
"ITM10492","Pharma",374,11,5,4,1.110000,6.280000,0.280000,"L88","C",145,4.460000,161.960000,0.940000,2,0.770000,73,9.680000,0.840000,"2024-07-21",56.070000,0.717000
"ITM10493","Electronics",271,34,8,2,44.550000,0.880000,0.710000,"L32","C",90,3.060000,42.270000,0.410000,1,1.000000,930,6.320000,0.310000,"2024-01-15",99.400000,0.685000
"ITM10494","Automotive",67,22,13,3,14.230000,7.740000,0.300000,"L86","A",53,0.620000,54.990000,1.040000,4,0.820000,996,3.330000,0.760000,"2024-11-10",42.530000,0.576000
"ITM10495","Electronics",203,79,13,8,33.730000,1.450000,0.100000,"L14","D",61,1.480000,192.140000,0.850000,2,0.980000,932,14.740000,0.770000,"2024-04-11",133.830000,0.822000
"ITM10496","Groceries",339,76,7,7,40.510000,4.270000,0.940000,"L46","D",43,2.470000,94.380000,0.810000,5,0.820000,235,13.940000,1.000000,"2024-08-18",196.560000,0.769000
"ITM10497","Electronics",206,67,13,7,9.040000,1.480000,0.380000,"L100","A",30,3.140000,108.740000,1.290000,6,0.760000,219,12.260000,0.760000,"2024-10-30",201.860000,0.618000
"ITM10498","Electronics",109,91,6,2,22.680000,8.450000,0.280000,"L72","A",33,2.730000,68.930000,0.430000,2,0.740000,852,14.210000,0.300000,"2024-08-07",241.060000,0.714000
"ITM10499","Electronics",465,84,6,8,25.200000,5.730000,0.340000,"L53","B",53,4.620000,101.400000,0.820000,8,0.960000,593,1.850000,0.700000,"2024-07-18",246.350000,0.515000
"ITM10500","Pharma",351,93,7,7,16.290000,7.060000,0.400000,"L80","B",123,4.720000,151.240000,1.750000,9,0.710000,487,9.840000,0.620000,"2024-01-03",183.340000,0.442000
"ITM10501","Electronics",158,73,4,5,24.610000,6.980000,0.530000,"L96","D",178,0.980000,101.650000,1.490000,0,0.990000,350,4.850000,0.930000,"2024-12-26",112.410000,0.700000
"ITM10502","Automotive",376,78,11,4,16.560000,8.500000,0.160000,"L20","C",166,1.120000,69.810000,0.210000,6,0.830000,737,11.720000,0.750000,"2024-04-19",24.880000,0.731000
"ITM10503","Groceries",108,92,4,5,18.680000,1.760000,0.150000,"L31","D",112,2.110000,28.240000,1.080000,3,0.770000,413,2.340000,0.610000,"2024-04-15",20.400000,0.539000
"ITM10504","Groceries",293,95,12,6,33.800000,6.770000,0.360000,"L21","B",143,2.400000,186.370000,0.270000,6,0.890000,903,4.620000,0.700000,"2024-05-22",42.850000,0.633000
"ITM10505","Electronics",38,68,4,5,32.000000,5.960000,0.370000,"L23","D",65,3.140000,175.610000,1.920000,8,0.740000,226,12.900000,0.550000,"2024-12-26",295.310000,0.478000
"ITM10506","Pharma",490,69,12,8,12.380000,0.790000,0.210000,"L53","B",23,3.980000,160.360000,0.560000,8,0.720000,851,11.490000,0.610000,"2024-02-02",237.930000,0.603000
"ITM10507","Pharma",330,92,11,3,44.980000,2.410000,0.460000,"L4","B",110,1.110000,141.870000,1.870000,0,0.950000,193,14.890000,0.780000,"2024-10-22",127.410000,0.758000
"ITM10508","Automotive",377,71,5,7,43.280000,3.040000,0.360000,"L23","C",10,4.110000,107.950000,1.680000,9,0.830000,572,10.020000,0.260000,"2024-02-22",145.200000,0.404000
"ITM10509","Electronics",393,25,12,8,25.950000,1.190000,0.120000,"L95","C",21,3.250000,180.510000,1.150000,3,0.860000,530,5.240000,0.690000,"2024-10-01",223.840000,0.605000
"ITM10510","Groceries",485,97,9,7,22.230000,3.870000,0.900000,"L43","B",124,4.910000,160.420000,0.740000,6,0.750000,541,8.670000,0.270000,"2024-04-05",159.180000,0.526000
"ITM10511","Pharma",173,77,6,9,19.470000,0.760000,0.900000,"L53","A",115,3.430000,165.040000,1.730000,9,0.720000,535,14.220000,0.880000,"2024-07-06",114.520000,0.557000
"ITM10512","Electronics",409,24,8,3,35.660000,5.760000,0.290000,"L86","C",161,3.720000,68.810000,0.390000,5,0.810000,708,10.120000,0.950000,"2024-06-15",111.370000,0.748000
"ITM10513","Pharma",279,98,6,7,33.910000,2.510000,0.250000,"L95","B",46,1.380000,90.460000,0.440000,8,0.850000,909,13.340000,0.820000,"2024-04-10",70.800000,0.708000
"ITM10514","Pharma",127,64,12,5,10.610000,3.230000,0.590000,"L32","A",12,3.960000,144.290000,0.530000,6,0.930000,974,1.320000,0.770000,"2024-08-22",266.830000,0.585000
"ITM10515","Groceries",390,44,9,9,33.900000,9.150000,0.670000,"L35","A",164,0.860000,80.500000,1.240000,2,0.850000,534,6.170000,0.950000,"2024-02-28",130.100000,0.678000
"ITM10516","Apparel",304,64,3,9,13.370000,5.280000,0.960000,"L21","D",62,3.450000,103.860000,0.700000,6,0.930000,871,14.090000,0.370000,"2024-05-14",228.190000,0.658000
"ITM10517","Automotive",78,23,5,6,1.910000,3.060000,0.440000,"L90","D",109,0.750000,132.840000,1.980000,9,0.730000,486,1.550000,0.380000,"2024-12-09",176.390000,0.265000
"ITM10518","Automotive",144,58,5,9,35.260000,6.190000,0.660000,"L14","C",26,1.020000,93.170000,0.470000,4,0.720000,244,8.270000,0.580000,"2024-09-07",228.690000,0.643000
"ITM10519","Groceries",373,92,3,9,32.590000,2.420000,0.890000,"L49","A",122,0.990000,160.680000,1.630000,1,0.750000,515,5.850000,0.210000,"2024-09-27",103.060000,0.487000
"ITM10520","Pharma",292,16,8,2,21.130000,1.210000,0.500000,"L5","C",119,0.740000,32.090000,0.280000,9,0.930000,125,10.050000,0.970000,"2024-11-23",228.080000,0.706000
"ITM10521","Electronics",126,39,13,3,26.760000,0.700000,0.210000,"L61","B",152,1.950000,146.430000,0.770000,2,0.930000,209,3.270000,0.230000,"2024-06-09",239.090000,0.559000
"ITM10522","Pharma",318,92,11,5,47.410000,9.540000,0.440000,"L29","C",176,4.970000,37.590000,0.560000,5,0.740000,539,10.150000,0.680000,"2024-11-01",40.240000,0.663000
"ITM10523","Groceries",264,58,10,8,30.160000,7.380000,0.220000,"L26","A",13,2.070000,188.190000,1.960000,5,0.710000,149,14.890000,0.480000,"2024-07-17",36.520000,0.541000
"ITM10524","Automotive",355,98,13,5,33.240000,8.100000,0.110000,"L59","D",154,3.920000,69.670000,0.150000,6,0.910000,165,4.800000,0.280000,"2024-11-08",295.790000,0.567000
"ITM10525","Pharma",469,25,9,5,4.130000,9.820000,0.780000,"L45","C",148,1.100000,161.130000,1.470000,5,0.960000,429,7.460000,0.220000,"2024-07-19",44.210000,0.488000
"ITM10526","Automotive",437,60,12,2,9.130000,9.350000,0.310000,"L40","D",21,2.550000,109.070000,0.570000,8,0.930000,644,1.420000,0.410000,"2024-10-27",208.600000,0.470000
"ITM10527","Electronics",266,81,10,4,15.750000,7.500000,0.100000,"L30","C",41,1.330000,27.310000,1.640000,4,0.760000,873,7.080000,0.290000,"2024-02-28",226.870000,0.460000
"ITM10528","Automotive",27,91,8,7,27.430000,7.090000,0.890000,"L29","B",164,1.360000,120.690000,0.690000,4,0.880000,112,6.680000,0.950000,"2024-06-27",28.420000,0.706000
"ITM10529","Automotive",160,89,11,7,39.050000,3.700000,0.500000,"L4","A",52,0.950000,183.310000,0.460000,7,0.930000,181,8.910000,0.400000,"2024-06-29",226.490000,0.599000
"ITM10530","Apparel",381,92,5,8,16.740000,1.490000,0.310000,"L85","C",113,2.440000,39.870000,1.420000,7,0.780000,297,4.590000,0.280000,"2024-08-22",131.660000,0.391000
"ITM10531","Apparel",27,51,12,9,18.460000,5.950000,0.340000,"L25","B",102,0.840000,71.050000,0.590000,0,0.860000,444,5.600000,0.820000,"2024-11-12",89.660000,0.752000
"ITM10532","Apparel",497,26,12,6,13.550000,5.970000,0.320000,"L52","B",52,4.590000,93.440000,1.020000,2,0.790000,692,9.540000,0.530000,"2024-03-29",202.950000,0.649000
"ITM10533","Automotive",371,72,11,8,13.480000,9.550000,0.280000,"L43","B",140,2.520000,62.260000,0.350000,5,0.770000,460,13.720000,0.870000,"2024-12-10",251.610000,0.776000
"ITM10534","Groceries",113,54,6,4,47.490000,4.700000,0.860000,"L36","D",166,4.270000,189.320000,1.480000,5,0.990000,928,4.290000,0.870000,"2024-12-27",176.110000,0.581000
"ITM10535","Automotive",340,86,9,7,32.140000,7.060000,0.250000,"L9","D",94,4.910000,81.730000,0.870000,0,0.970000,477,10.480000,0.990000,"2024-06-01",262.480000,0.845000
"ITM10536","Groceries",446,16,11,6,8.640000,5.960000,0.610000,"L99","B",44,3.550000,135.030000,0.370000,1,0.830000,963,8.330000,0.840000,"2024-11-10",16.480000,0.788000
"ITM10537","Groceries",58,36,4,8,36.390000,2.180000,0.170000,"L36","B",126,4.560000,52.540000,1.510000,9,0.740000,719,2.460000,0.370000,"2024-10-29",224.200000,0.324000
"ITM10538","Apparel",100,19,4,6,36.380000,6.120000,0.950000,"L45","C",176,1.110000,51.740000,0.300000,6,0.920000,777,8.920000,0.670000,"2024-02-13",59.130000,0.687000
"ITM10539","Pharma",206,43,11,5,33.660000,5.630000,0.640000,"L83","C",161,4.230000,43.410000,1.190000,0,0.780000,375,10.920000,0.620000,"2024-12-10",92.960000,0.707000
"ITM10540","Electronics",103,45,14,3,7.600000,5.190000,0.910000,"L66","A",29,1.720000,92.610000,1.250000,9,0.750000,992,9.380000,0.610000,"2024-03-09",175.950000,0.492000
"ITM10541","Apparel",107,34,5,5,20.990000,5.380000,0.460000,"L52","C",152,2.630000,111.240000,1.870000,4,0.810000,595,2.460000,0.440000,"2024-06-09",89.590000,0.416000
"ITM10542","Apparel",261,15,11,2,6.230000,2.060000,0.830000,"L87","A",94,3.410000,12.040000,0.390000,0,0.860000,424,12.960000,0.370000,"2024-03-01",58.760000,0.780000
"ITM10543","Pharma",361,33,7,9,41.010000,4.900000,0.870000,"L69","A",126,4.570000,168.260000,1.340000,5,0.730000,893,1.570000,0.770000,"2024-05-02",266.790000,0.487000
"ITM10544","Electronics",112,27,8,7,33.100000,6.250000,0.730000,"L43","A",115,4.600000,107.420000,0.820000,6,0.870000,347,4.300000,0.280000,"2024-06-05",272.950000,0.485000
"ITM10545","Automotive",105,96,4,6,25.850000,5.150000,0.180000,"L4","D",155,0.910000,39.870000,0.860000,7,0.700000,328,9.620000,0.240000,"2024-02-29",20.550000,0.490000
"ITM10546","Automotive",63,15,10,8,17.810000,5.140000,0.110000,"L15","C",114,2.140000,22.790000,1.050000,2,0.970000,345,4.050000,0.500000,"2024-04-03",155.040000,0.603000
"ITM10547","Apparel",156,38,13,9,10.030000,1.240000,0.250000,"L34","B",102,4.070000,22.010000,0.540000,2,0.980000,576,2.430000,0.800000,"2024-07-10",69.070000,0.694000
"ITM10548","Electronics",440,34,11,3,6.220000,2.310000,0.210000,"L23","A",50,3.660000,58.950000,0.980000,0,0.920000,164,8.170000,0.890000,"2024-12-21",260.390000,0.773000
"ITM10549","Apparel",93,64,4,8,48.490000,3.550000,0.750000,"L75","B",109,0.620000,104.870000,1.410000,2,0.840000,542,11.110000,0.630000,"2024-03-13",144.130000,0.661000
"ITM10550","Groceries",55,90,8,7,10.780000,4.480000,0.600000,"L34","A",78,2.520000,173.450000,0.970000,4,0.780000,106,6.750000,0.870000,"2024-09-18",148.750000,0.643000
"ITM10551","Apparel",120,55,8,6,3.930000,6.140000,0.570000,"L5","C",115,4.230000,181.560000,0.180000,5,0.920000,928,10.780000,0.220000,"2024-07-17",191.970000,0.654000
"ITM10552","Apparel",495,33,10,6,48.120000,8.700000,0.330000,"L14","A",148,3.820000,168.140000,0.590000,2,0.980000,191,13.050000,0.560000,"2024-08-02",26.130000,0.783000
"ITM10553","Automotive",175,84,12,5,27.900000,2.010000,0.240000,"L77","C",155,2.350000,72.430000,0.770000,3,0.750000,768,14.420000,0.310000,"2024-11-01",46.920000,0.667000
"ITM10554","Automotive",445,35,14,3,40.040000,0.640000,0.290000,"L56","B",149,3.810000,68.250000,0.770000,4,0.840000,701,4.270000,0.670000,"2024-03-11",154.530000,0.602000
"ITM10555","Automotive",274,37,7,3,3.140000,4.770000,0.460000,"L45","C",153,2.980000,197.620000,0.250000,4,0.790000,668,9.480000,0.940000,"2024-10-21",290.350000,0.767000
"ITM10556","Groceries",190,12,11,7,28.780000,4.600000,0.770000,"L94","B",36,4.610000,139.440000,0.950000,8,0.810000,934,4.740000,0.210000,"2024-07-15",254.650000,0.412000
"ITM10557","Automotive",488,84,3,6,20.510000,5.740000,0.330000,"L41","C",109,3.140000,67.940000,1.410000,7,0.820000,852,13.190000,0.730000,"2024-08-04",267.910000,0.605000
"ITM10558","Electronics",235,47,11,9,38.830000,8.420000,0.730000,"L56","A",154,2.300000,72.530000,0.190000,0,0.990000,458,13.460000,0.830000,"2024-04-05",49.770000,0.924000
"ITM10559","Pharma",189,70,12,3,2.880000,8.120000,0.540000,"L78","A",94,4.380000,92.580000,1.530000,1,0.780000,127,5.510000,0.800000,"2024-09-06",288.000000,0.616000
"ITM10560","Electronics",271,87,9,3,20.680000,1.450000,0.900000,"L66","C",128,0.720000,128.140000,1.910000,4,0.850000,51,10.030000,0.220000,"2024-11-21",221.700000,0.477000
"ITM10561","Electronics",379,60,6,8,40.150000,9.370000,0.310000,"L15","B",40,4.550000,180.620000,0.120000,2,0.990000,835,13.430000,0.340000,"2024-10-02",104.450000,0.793000
"ITM10562","Automotive",341,99,5,7,26.610000,1.550000,0.510000,"L50","B",118,3.630000,47.680000,0.470000,6,0.840000,84,8.120000,0.280000,"2024-12-21",260.700000,0.565000
"ITM10563","Pharma",74,57,12,5,27.950000,6.530000,0.190000,"L74","B",172,4.730000,26.040000,1.130000,5,0.960000,826,11.090000,0.270000,"2024-11-26",226.720000,0.581000
"ITM10564","Pharma",475,30,13,8,5.760000,6.890000,0.400000,"L25","C",36,1.630000,87.090000,0.510000,1,0.720000,444,12.210000,0.780000,"2024-03-29",223.590000,0.792000
"ITM10565","Pharma",451,63,8,8,7.480000,6.960000,0.560000,"L33","C",96,3.630000,56.640000,1.550000,7,0.990000,267,13.210000,0.540000,"2024-10-11",223.040000,0.587000
"ITM10566","Groceries",110,65,14,4,34.170000,3.020000,0.760000,"L6","C",169,4.140000,119.450000,0.690000,4,0.760000,116,8.210000,0.780000,"2024-03-26",242.250000,0.668000
"ITM10567","Automotive",297,68,3,2,34.080000,3.640000,0.280000,"L91","C",26,3.660000,142.850000,0.660000,5,0.990000,118,14.190000,0.490000,"2024-09-07",285.070000,0.719000
"ITM10568","Pharma",120,81,5,4,48.980000,5.710000,0.300000,"L56","B",20,1.450000,69.040000,0.100000,7,0.750000,273,9.810000,0.290000,"2024-05-27",49.690000,0.589000
"ITM10569","Groceries",174,60,4,3,35.890000,2.400000,0.670000,"L1","B",138,1.740000,140.240000,0.610000,5,0.830000,410,3.120000,0.770000,"2024-03-12",299.860000,0.601000
"ITM10570","Apparel",396,29,13,6,25.170000,0.690000,0.440000,"L67","D",91,3.050000,75.200000,0.510000,9,0.790000,507,9.570000,0.700000,"2024-04-05",262.980000,0.595000
"ITM10571","Apparel",368,95,11,2,43.010000,5.840000,0.530000,"L69","C",58,2.510000,130.640000,0.750000,2,0.830000,343,5.180000,0.290000,"2024-06-10",138.070000,0.578000
"ITM10572","Groceries",470,68,5,2,6.120000,4.920000,0.850000,"L88","D",50,3.810000,130.280000,0.380000,6,0.780000,375,6.210000,0.940000,"2024-08-18",55.660000,0.669000
"ITM10573","Groceries",383,80,4,6,23.020000,6.740000,0.550000,"L93","C",29,2.200000,62.850000,1.230000,3,0.990000,252,12.320000,0.450000,"2024-11-13",141.600000,0.669000
"ITM10574","Automotive",160,18,6,2,15.070000,1.890000,0.690000,"L95","D",80,4.370000,130.790000,0.550000,5,0.790000,642,14.630000,0.720000,"2024-01-28",235.800000,0.742000
"ITM10575","Automotive",192,10,4,6,6.130000,8.490000,0.690000,"L95","B",46,2.440000,82.380000,1.680000,5,0.900000,627,13.180000,0.230000,"2024-07-02",184.710000,0.534000
"ITM10576","Apparel",29,38,3,2,38.410000,1.890000,0.820000,"L86","B",135,0.680000,73.930000,0.640000,4,0.740000,346,5.560000,0.550000,"2024-01-05",91.070000,0.588000
"ITM10577","Pharma",247,72,8,8,26.030000,8.970000,0.670000,"L26","D",153,0.580000,64.960000,0.500000,0,0.950000,841,7.350000,0.970000,"2024-09-05",127.970000,0.832000
"ITM10578","Apparel",284,81,12,9,28.280000,4.770000,0.160000,"L47","A",48,3.410000,75.670000,0.210000,7,0.860000,995,14.770000,0.910000,"2024-03-10",286.750000,0.790000
"ITM10579","Pharma",457,65,10,7,21.150000,5.720000,0.410000,"L56","C",118,2.930000,159.480000,1.510000,9,0.990000,310,13.930000,0.380000,"2024-04-09",243.110000,0.529000
"ITM10580","Pharma",267,77,12,7,23.560000,9.020000,0.990000,"L9","D",73,2.940000,56.580000,1.070000,1,0.830000,838,14.680000,0.900000,"2024-07-15",45.980000,0.815000
"ITM10581","Automotive",266,44,12,4,6.680000,3.350000,0.280000,"L86","D",32,4.060000,139.580000,0.320000,3,0.760000,567,7.060000,0.430000,"2024-10-14",168.160000,0.640000
"ITM10582","Electronics",174,12,4,8,33.970000,2.230000,0.630000,"L43","A",41,2.190000,181.120000,0.520000,2,0.800000,181,12.210000,0.880000,"2024-09-15",279.990000,0.807000
"ITM10583","Electronics",53,16,11,2,22.190000,4.730000,0.860000,"L80","B",132,4.980000,76.580000,2.000000,5,0.920000,826,13.200000,0.780000,"2024-11-30",19.950000,0.616000
"ITM10584","Groceries",148,36,5,5,41.020000,2.820000,0.630000,"L41","D",28,4.750000,15.610000,1.630000,0,0.900000,374,1.620000,0.480000,"2024-09-10",22.340000,0.535000
"ITM10585","Automotive",179,10,10,6,10.620000,5.510000,0.440000,"L85","B",115,0.560000,14.680000,0.760000,8,0.930000,117,4.730000,0.930000,"2024-07-28",217.850000,0.599000
"ITM10586","Pharma",108,89,14,8,11.050000,3.110000,0.170000,"L16","C",76,4.530000,36.510000,1.130000,4,0.720000,175,13.370000,0.590000,"2024-12-16",176.910000,0.647000
"ITM10587","Electronics",112,80,10,2,32.640000,8.710000,0.430000,"L93","A",176,3.560000,30.910000,0.890000,4,0.870000,442,6.440000,0.450000,"2024-09-08",23.340000,0.581000
"ITM10588","Pharma",346,53,5,7,42.450000,6.270000,0.260000,"L39","B",98,2.760000,152.140000,0.170000,3,0.980000,451,4.900000,0.420000,"2024-07-31",298.840000,0.668000
"ITM10589","Electronics",260,96,5,7,24.140000,0.500000,0.960000,"L65","D",69,3.120000,66.020000,1.580000,3,0.730000,876,4.820000,0.950000,"2024-12-29",178.230000,0.582000
"ITM10590","Electronics",342,50,14,6,36.620000,8.150000,0.740000,"L40","A",20,4.290000,133.980000,1.460000,0,0.730000,732,6.260000,0.810000,"2024-08-15",152.660000,0.645000
"ITM10591","Electronics",487,84,8,5,49.970000,3.640000,0.770000,"L86","A",58,4.780000,18.070000,0.880000,8,0.910000,385,4.420000,0.480000,"2024-09-07",139.830000,0.489000
"ITM10592","Automotive",423,51,3,2,49.520000,3.540000,0.490000,"L53","A",152,3.020000,66.190000,1.710000,8,0.790000,78,1.050000,0.400000,"2024-03-26",213.200000,0.321000
"ITM10593","Apparel",136,42,6,2,37.470000,4.140000,0.200000,"L42","A",137,1.320000,54.490000,1.120000,3,0.900000,737,3.420000,0.370000,"2024-02-12",142.920000,0.528000
"ITM10594","Pharma",113,59,3,5,37.240000,6.490000,0.340000,"L52","A",70,3.380000,62.610000,0.220000,9,0.860000,868,13.360000,0.400000,"2024-10-16",201.130000,0.628000
"ITM10595","Automotive",182,72,5,5,13.130000,4.700000,0.330000,"L90","C",152,0.840000,46.240000,0.590000,9,1.000000,987,2.060000,0.290000,"2024-01-16",151.620000,0.446000
"ITM10596","Automotive",118,46,11,5,41.840000,6.470000,0.540000,"L38","C",14,3.360000,127.400000,0.980000,3,0.970000,853,6.780000,0.590000,"2024-04-22",187.110000,0.644000
"ITM10597","Automotive",132,68,7,7,20.850000,1.890000,0.510000,"L71","A",38,4.140000,135.910000,0.300000,6,0.900000,893,7.390000,0.230000,"2024-05-29",243.500000,0.575000
"ITM10598","Automotive",378,90,14,6,48.140000,9.720000,0.490000,"L17","D",78,2.090000,38.210000,1.190000,3,0.780000,666,11.890000,0.210000,"2024-01-17",246.980000,0.578000
"ITM10599","Automotive",110,57,7,8,4.990000,7.430000,0.550000,"L25","D",159,0.820000,150.820000,0.330000,0,0.780000,94,4.540000,0.690000,"2024-05-20",256.220000,0.722000
"ITM10600","Groceries",365,14,13,9,22.360000,2.880000,0.990000,"L54","C",22,3.620000,57.510000,0.480000,8,0.960000,150,5.330000,0.270000,"2024-04-25",68.860000,0.509000
"ITM10601","Pharma",225,57,6,5,28.240000,7.380000,0.370000,"L86","B",125,2.030000,63.760000,1.800000,1,0.880000,275,1.200000,0.880000,"2024-10-02",27.720000,0.568000
"ITM10602","Automotive",36,12,5,6,20.850000,5.960000,0.650000,"L49","A",119,1.620000,167.470000,2.000000,4,0.940000,468,13.640000,0.290000,"2024-05-27",252.480000,0.548000
"ITM10603","Pharma",293,56,7,4,11.320000,1.540000,0.320000,"L87","D",166,3.600000,181.220000,1.150000,3,0.830000,665,10.600000,0.630000,"2024-03-27",22.270000,0.658000
"ITM10604","Groceries",192,71,13,2,30.060000,2.190000,0.520000,"L96","C",89,4.860000,166.700000,1.280000,7,0.730000,311,4.680000,0.740000,"2024-08-22",71.910000,0.488000
"ITM10605","Groceries",135,23,6,2,38.040000,0.890000,0.280000,"L23","C",109,3.850000,38.070000,1.620000,5,0.800000,814,13.430000,0.380000,"2024-10-16",162.600000,0.553000
"ITM10606","Pharma",368,72,10,9,32.600000,8.190000,0.600000,"L79","B",26,2.710000,199.860000,1.420000,6,0.750000,726,2.210000,0.910000,"2024-09-10",258.080000,0.499000
"ITM10607","Electronics",487,70,6,9,12.490000,5.740000,0.340000,"L73","B",157,3.200000,137.710000,0.450000,1,0.930000,341,6.160000,0.590000,"2024-10-08",270.070000,0.721000
"ITM10608","Apparel",200,40,13,3,36.850000,3.510000,0.130000,"L39","D",123,1.140000,107.030000,0.880000,3,0.910000,261,8.890000,0.450000,"2024-09-18",192.130000,0.643000
"ITM10609","Electronics",110,26,14,4,13.590000,1.700000,0.830000,"L52","B",15,4.160000,191.420000,1.120000,3,0.730000,705,8.080000,0.920000,"2024-02-27",290.360000,0.666000
"ITM10610","Electronics",101,33,10,8,9.580000,5.100000,0.220000,"L71","B",31,3.220000,165.300000,0.780000,1,0.890000,505,10.170000,0.890000,"2024-10-20",221.680000,0.794000
"ITM10611","Electronics",343,32,8,9,34.840000,5.490000,0.430000,"L1","A",146,4.850000,141.430000,0.430000,9,0.960000,285,5.170000,0.770000,"2024-02-28",163.040000,0.592000
"ITM10612","Automotive",468,91,14,5,42.300000,7.170000,0.530000,"L39","C",169,4.910000,169.300000,1.500000,3,0.910000,583,11.610000,0.430000,"2024-05-17",48.970000,0.613000
"ITM10613","Groceries",133,59,13,5,24.600000,9.710000,0.490000,"L37","C",97,2.100000,83.240000,0.480000,8,0.850000,118,6.680000,0.510000,"2024-10-05",134.350000,0.553000
"ITM10614","Electronics",276,87,7,8,27.040000,4.630000,0.750000,"L27","B",42,4.950000,140.040000,0.590000,7,0.790000,630,2.750000,0.750000,"2024-07-06",248.480000,0.546000
"ITM10615","Groceries",77,88,6,7,15.830000,4.360000,0.640000,"L56","C",79,4.810000,46.210000,0.640000,0,0.970000,295,11.370000,0.350000,"2024-10-04",92.260000,0.752000
"ITM10616","Pharma",173,88,6,4,25.240000,4.010000,0.370000,"L75","C",58,3.380000,197.720000,0.410000,7,0.830000,624,13.770000,0.600000,"2024-01-22",177.700000,0.689000
"ITM10617","Apparel",384,79,14,5,7.470000,8.360000,0.150000,"L78","D",113,2.000000,121.910000,1.710000,8,0.960000,286,6.100000,0.790000,"2024-08-13",295.200000,0.500000
"ITM10618","Pharma",423,36,6,9,47.840000,1.990000,0.790000,"L84","C",167,3.890000,164.710000,1.260000,7,0.930000,380,9.260000,0.730000,"2024-10-06",60.580000,0.589000
"ITM10619","Pharma",135,24,13,3,40.220000,3.770000,0.420000,"L42","B",111,1.720000,87.390000,1.690000,9,0.940000,412,10.630000,0.780000,"2024-04-21",39.420000,0.537000
"ITM10620","Automotive",362,59,11,6,33.730000,7.390000,0.900000,"L60","D",153,3.330000,154.130000,1.040000,0,1.000000,580,12.640000,0.910000,"2024-08-05",240.720000,0.847000
"ITM10621","Apparel",285,45,6,2,27.370000,0.650000,0.460000,"L57","C",115,0.610000,83.600000,1.090000,7,0.920000,792,3.770000,0.970000,"2024-02-22",17.230000,0.579000
"ITM10622","Pharma",334,17,14,4,39.820000,3.250000,0.750000,"L57","C",91,3.330000,122.100000,1.270000,4,0.710000,514,8.980000,0.570000,"2024-11-30",196.540000,0.569000
"ITM10623","Pharma",222,88,11,2,25.240000,6.590000,0.950000,"L87","D",95,4.780000,157.850000,0.800000,8,0.760000,278,11.370000,0.250000,"2024-05-06",107.370000,0.514000
"ITM10624","Apparel",60,12,12,6,15.700000,2.270000,0.690000,"L28","D",23,1.560000,32.130000,1.040000,8,0.710000,919,3.790000,0.870000,"2024-06-01",219.910000,0.503000
"ITM10625","Apparel",124,71,8,4,8.860000,3.380000,0.470000,"L66","C",174,4.000000,77.790000,1.140000,5,0.760000,558,7.610000,0.290000,"2024-01-17",44.870000,0.497000
"ITM10626","Pharma",408,56,12,9,32.730000,5.120000,0.610000,"L61","A",58,1.820000,113.540000,1.910000,2,0.720000,431,7.500000,0.380000,"2024-08-18",105.710000,0.489000
"ITM10627","Apparel",397,86,9,6,46.540000,4.510000,0.590000,"L95","A",59,3.690000,73.460000,1.780000,6,0.850000,176,12.750000,0.720000,"2024-05-14",14.940000,0.586000
"ITM10628","Pharma",212,97,14,5,8.530000,1.510000,0.630000,"L22","C",173,3.650000,68.740000,0.350000,2,0.710000,707,11.880000,0.800000,"2024-06-27",78.180000,0.785000
"ITM10629","Pharma",420,70,12,8,9.820000,9.410000,0.230000,"L85","C",32,1.330000,63.520000,0.180000,6,0.840000,931,4.250000,0.760000,"2024-02-14",150.150000,0.639000
"ITM10630","Automotive",297,41,5,5,22.250000,0.920000,0.730000,"L11","D",75,3.190000,53.280000,1.390000,7,0.970000,890,4.260000,0.550000,"2024-08-12",61.510000,0.482000
"ITM10631","Electronics",373,22,10,9,40.540000,7.620000,0.230000,"L37","D",124,4.370000,171.290000,0.190000,4,0.920000,163,11.130000,0.930000,"2024-03-01",183.900000,0.819000
"ITM10632","Pharma",256,10,5,8,15.400000,1.180000,0.110000,"L66","C",37,2.220000,185.500000,0.210000,4,0.980000,292,11.350000,0.870000,"2024-05-01",44.260000,0.820000
"ITM10633","Groceries",444,43,3,5,13.440000,4.940000,0.660000,"L85","C",29,3.700000,143.030000,0.400000,3,0.770000,194,3.500000,0.730000,"2024-04-17",226.110000,0.647000
"ITM10634","Electronics",240,71,12,6,31.380000,2.170000,0.210000,"L82","C",130,3.530000,15.700000,0.770000,2,0.860000,602,6.760000,0.550000,"2024-10-28",277.280000,0.655000
"ITM10635","Electronics",87,88,14,6,27.250000,1.840000,0.790000,"L80","C",106,1.660000,159.380000,0.930000,7,0.800000,722,12.560000,0.570000,"2024-12-18",121.920000,0.608000
"ITM10636","Electronics",216,87,7,6,3.950000,1.700000,0.880000,"L43","A",128,4.630000,111.070000,1.090000,5,0.850000,488,2.110000,0.340000,"2024-06-28",163.180000,0.457000
"ITM10637","Automotive",275,91,4,2,4.990000,4.800000,0.950000,"L12","D",118,3.040000,154.040000,1.990000,5,0.870000,387,6.230000,0.820000,"2024-12-29",151.670000,0.522000
"ITM10638","Pharma",158,80,12,9,32.510000,5.400000,0.700000,"L97","B",35,2.100000,93.090000,0.830000,1,0.710000,457,10.020000,0.890000,"2024-11-08",237.760000,0.751000
"ITM10639","Automotive",331,40,8,6,23.790000,1.770000,0.530000,"L31","C",156,1.240000,17.840000,0.560000,3,0.770000,638,11.800000,0.860000,"2024-11-19",298.320000,0.767000
"ITM10640","Pharma",454,73,12,5,48.580000,9.800000,0.420000,"L87","C",115,2.630000,139.530000,1.190000,4,0.910000,217,10.140000,0.640000,"2024-08-07",223.350000,0.646000
"ITM10641","Automotive",168,34,11,3,34.250000,2.950000,0.540000,"L40","C",150,3.790000,94.380000,0.510000,9,0.930000,845,6.570000,0.870000,"2024-03-25",72.210000,0.617000
"ITM10642","Automotive",118,47,3,9,1.490000,4.860000,0.270000,"L29","B",71,3.310000,176.070000,1.890000,4,0.870000,671,14.890000,0.830000,"2024-11-11",211.860000,0.670000
"ITM10643","Groceries",95,23,6,6,24.570000,2.550000,0.410000,"L26","D",135,3.770000,150.250000,0.590000,2,0.780000,756,1.580000,0.870000,"2024-03-12",188.570000,0.652000
"ITM10644","Automotive",301,17,3,3,21.310000,5.190000,0.750000,"L19","D",151,4.060000,78.320000,1.980000,9,0.820000,789,7.930000,0.990000,"2024-04-15",70.930000,0.490000
"ITM10645","Apparel",390,63,3,8,6.230000,7.680000,0.300000,"L4","C",148,2.480000,147.580000,0.900000,4,0.730000,216,8.140000,0.850000,"2024-04-15",79.880000,0.655000
"ITM10646","Groceries",422,11,10,5,46.240000,5.450000,0.340000,"L6","C",76,2.840000,104.090000,1.640000,4,0.990000,582,4.360000,0.420000,"2024-01-31",199.310000,0.496000
"ITM10647","Automotive",128,90,13,6,40.450000,3.210000,0.770000,"L32","D",21,4.940000,47.890000,1.330000,1,0.960000,214,8.820000,0.860000,"2024-10-18",244.270000,0.729000
"ITM10648","Electronics",207,87,4,2,12.270000,2.860000,0.260000,"L61","B",44,4.860000,89.780000,1.870000,4,0.720000,691,4.080000,0.500000,"2024-06-28",231.100000,0.431000
"ITM10649","Apparel",218,98,3,2,13.540000,7.710000,0.320000,"L79","C",119,2.370000,52.290000,1.290000,2,0.750000,311,7.210000,0.610000,"2024-09-29",185.860000,0.599000
"ITM10650","Apparel",322,65,13,8,2.570000,1.620000,0.120000,"L99","B",176,3.580000,10.950000,1.200000,2,0.870000,613,7.040000,0.840000,"2024-05-23",281.890000,0.676000
"ITM10651","Apparel",346,93,10,3,15.540000,4.010000,0.750000,"L10","B",169,1.700000,56.890000,1.340000,4,0.770000,310,11.820000,0.450000,"2024-11-01",222.000000,0.588000
"ITM10652","Groceries",173,94,6,7,29.650000,1.940000,0.660000,"L59","D",23,1.190000,49.810000,1.590000,8,0.980000,224,14.200000,0.220000,"2024-10-02",167.160000,0.510000
"ITM10653","Automotive",59,70,5,2,21.620000,2.950000,0.720000,"L54","C",164,3.960000,10.820000,1.810000,1,0.930000,860,3.840000,0.770000,"2024-03-27",246.700000,0.590000
"ITM10654","Automotive",152,31,14,9,48.490000,1.950000,0.290000,"L81","A",110,2.460000,158.950000,0.610000,8,0.780000,145,14.880000,0.920000,"2024-06-14",94.240000,0.717000
"ITM10655","Electronics",424,44,6,2,3.750000,8.920000,0.720000,"L74","D",69,1.300000,24.630000,0.480000,2,0.700000,406,14.160000,0.940000,"2024-12-26",86.410000,0.829000
"ITM10656","Electronics",481,25,13,2,29.980000,7.450000,0.640000,"L25","D",52,3.910000,95.320000,0.170000,6,0.940000,419,2.580000,0.840000,"2024-05-29",291.720000,0.653000
"ITM10657","Apparel",151,59,7,5,43.060000,5.830000,0.430000,"L92","A",64,4.620000,89.400000,0.800000,0,0.830000,601,13.770000,0.950000,"2024-05-28",285.450000,0.860000
"ITM10658","Electronics",298,52,3,2,24.560000,2.630000,0.490000,"L90","C",118,4.700000,44.470000,1.710000,0,0.890000,956,8.900000,0.860000,"2024-10-20",265.350000,0.698000
"ITM10659","Groceries",381,26,13,4,1.150000,5.350000,0.610000,"L50","B",102,3.180000,193.710000,0.230000,7,0.790000,770,13.310000,0.220000,"2024-05-16",72.170000,0.616000
"ITM10660","Automotive",103,89,3,6,12.900000,5.450000,0.540000,"L64","B",172,2.660000,124.710000,1.120000,8,0.740000,191,14.240000,0.480000,"2024-09-20",180.430000,0.562000
"ITM10661","Apparel",418,67,5,8,16.860000,6.110000,0.680000,"L52","B",104,1.140000,164.570000,1.420000,2,0.900000,819,13.020000,0.470000,"2024-12-13",165.160000,0.666000
"ITM10662","Electronics",261,11,8,2,48.330000,1.070000,0.260000,"L32","C",169,4.070000,104.270000,1.690000,5,0.840000,216,6.640000,0.380000,"2024-02-18",68.900000,0.464000
"ITM10663","Groceries",135,13,3,7,45.680000,9.740000,0.590000,"L19","D",156,4.750000,147.330000,1.210000,2,0.770000,752,9.910000,0.840000,"2024-03-10",139.860000,0.693000
"ITM10664","Groceries",128,94,13,9,47.510000,4.920000,0.510000,"L84","D",104,4.500000,194.260000,0.450000,5,0.740000,368,7.510000,0.620000,"2024-07-29",144.890000,0.627000
"ITM10665","Electronics",240,48,14,7,41.460000,9.300000,0.510000,"L89","D",176,3.880000,76.200000,1.930000,6,0.870000,680,6.130000,0.870000,"2024-01-31",79.780000,0.517000
"ITM10666","Automotive",411,15,4,2,18.230000,0.590000,0.520000,"L1","D",157,0.520000,105.810000,0.280000,4,0.920000,707,4.510000,0.680000,"2024-05-21",286.920000,0.672000
"ITM10667","Electronics",60,90,14,2,45.390000,2.850000,0.890000,"L97","D",37,2.330000,107.760000,1.560000,2,0.790000,911,7.180000,0.670000,"2024-12-01",152.890000,0.592000
"ITM10668","Apparel",387,98,9,4,49.100000,1.490000,0.840000,"L99","A",12,2.350000,198.480000,0.260000,7,0.920000,384,12.280000,0.510000,"2024-03-05",162.220000,0.684000
"ITM10669","Electronics",166,78,3,2,18.150000,7.810000,0.670000,"L14","B",169,4.520000,54.290000,0.370000,4,0.750000,523,12.820000,0.830000,"2024-12-25",183.590000,0.770000
"ITM10670","Groceries",131,78,9,2,13.770000,3.540000,0.740000,"L100","B",95,0.800000,138.310000,1.810000,0,0.800000,690,14.410000,0.750000,"2024-03-08",267.220000,0.721000
"ITM10671","Electronics",122,29,6,6,27.800000,8.480000,0.140000,"L55","C",117,2.890000,36.260000,1.530000,8,0.920000,194,5.070000,0.470000,"2024-05-07",164.660000,0.433000
"ITM10672","Automotive",65,73,12,7,10.170000,8.410000,0.770000,"L29","A",179,1.110000,186.140000,0.790000,2,0.900000,103,10.110000,0.990000,"2024-03-15",166.880000,0.794000
"ITM10673","Pharma",431,25,8,4,2.600000,6.840000,0.540000,"L23","D",126,3.480000,122.170000,1.310000,1,0.780000,171,10.710000,0.570000,"2024-12-30",79.660000,0.662000
"ITM10674","Electronics",494,60,10,7,47.350000,6.820000,0.390000,"L90","D",117,4.070000,173.290000,0.970000,2,0.740000,173,3.680000,0.450000,"2024-06-13",184.820000,0.550000
"ITM10675","Automotive",343,46,11,4,46.360000,7.150000,0.230000,"L67","D",24,3.390000,180.100000,0.230000,6,0.710000,216,6.140000,0.750000,"2024-05-06",120.530000,0.631000
"ITM10676","Automotive",397,82,8,7,8.970000,6.900000,0.170000,"L60","A",71,4.080000,115.850000,1.470000,9,0.950000,993,5.790000,0.380000,"2024-12-12",197.570000,0.416000
"ITM10677","Groceries",290,78,14,2,20.980000,4.180000,0.140000,"L7","C",40,3.230000,139.580000,1.550000,7,0.720000,883,14.800000,0.860000,"2024-07-20",97.220000,0.618000
"ITM10678","Automotive",440,51,13,7,41.720000,6.990000,0.250000,"L72","A",35,1.350000,142.760000,1.780000,1,0.730000,704,14.420000,0.740000,"2024-09-07",217.560000,0.688000
"ITM10679","Automotive",404,66,11,7,33.390000,9.030000,0.130000,"L32","C",157,2.220000,97.490000,1.130000,6,0.770000,71,12.500000,0.900000,"2024-03-13",189.480000,0.668000
"ITM10680","Automotive",214,75,6,4,20.340000,3.660000,0.760000,"L16","B",75,4.810000,92.620000,1.380000,4,0.830000,325,7.620000,0.460000,"2024-10-22",147.600000,0.542000
"ITM10681","Automotive",386,18,8,8,37.460000,9.480000,0.320000,"L59","C",158,1.800000,45.380000,0.930000,8,0.940000,910,4.700000,0.880000,"2024-11-19",38.040000,0.574000
"ITM10682","Apparel",299,95,10,3,44.960000,0.630000,0.430000,"L18","B",124,0.780000,82.940000,0.710000,6,0.770000,988,13.820000,0.600000,"2024-05-17",191.820000,0.667000
"ITM10683","Apparel",302,73,11,4,46.380000,3.820000,0.840000,"L60","C",69,2.230000,198.240000,0.880000,0,0.860000,457,4.750000,0.250000,"2024-11-17",259.190000,0.597000
"ITM10684","Groceries",59,95,5,4,19.560000,1.750000,0.200000,"L86","B",72,2.150000,61.270000,1.830000,0,0.730000,531,8.310000,0.360000,"2024-07-31",59.610000,0.546000
"ITM10685","Electronics",466,31,4,4,9.500000,1.700000,0.850000,"L68","B",110,2.620000,154.860000,0.410000,5,0.840000,348,4.430000,0.370000,"2024-07-11",34.570000,0.560000
"ITM10686","Automotive",208,43,8,5,45.730000,8.250000,0.680000,"L72","D",176,3.020000,21.280000,0.570000,8,0.750000,326,14.600000,0.810000,"2024-08-19",21.470000,0.690000
"ITM10687","Electronics",183,64,6,8,5.540000,9.220000,0.410000,"L77","C",109,4.970000,98.820000,1.250000,0,0.760000,865,1.580000,0.360000,"2024-02-08",19.230000,0.520000
"ITM10688","Electronics",496,38,3,5,36.360000,7.890000,0.210000,"L41","D",148,3.900000,21.100000,0.320000,2,0.810000,371,3.440000,0.650000,"2024-11-20",254.200000,0.666000
"ITM10689","Groceries",43,47,10,5,7.880000,9.780000,0.180000,"L97","B",128,0.660000,100.400000,1.790000,4,0.930000,164,11.710000,0.720000,"2024-02-17",221.010000,0.627000
"ITM10690","Automotive",43,27,11,4,20.080000,2.560000,0.400000,"L57","D",66,3.710000,15.230000,0.190000,3,0.920000,321,3.120000,0.820000,"2024-07-25",68.670000,0.711000
"ITM10691","Automotive",23,80,11,3,21.170000,1.840000,0.230000,"L79","A",140,4.210000,126.530000,1.540000,0,0.820000,217,14.710000,0.830000,"2024-09-20",275.960000,0.772000
"ITM10692","Pharma",342,74,4,4,8.780000,5.450000,0.340000,"L93","D",46,4.530000,121.440000,0.810000,9,0.740000,838,5.500000,0.770000,"2024-05-22",49.250000,0.514000
"ITM10693","Electronics",309,10,11,2,46.210000,8.380000,0.150000,"L65","C",120,2.410000,161.590000,0.200000,3,0.780000,485,13.860000,0.370000,"2024-12-21",118.510000,0.735000
"ITM10694","Electronics",460,97,9,3,1.130000,0.880000,0.640000,"L55","D",162,1.910000,120.820000,1.700000,3,0.850000,918,10.270000,0.630000,"2024-07-07",141.110000,0.603000
"ITM10695","Apparel",452,13,7,5,44.800000,9.960000,0.230000,"L71","A",158,4.280000,185.940000,1.320000,9,0.960000,313,9.880000,0.430000,"2024-08-20",32.010000,0.498000
"ITM10696","Pharma",490,13,9,9,44.310000,6.220000,0.780000,"L58","D",121,4.000000,158.790000,0.120000,3,0.990000,299,13.820000,0.820000,"2024-09-06",110.770000,0.874000
"ITM10697","Apparel",200,91,11,7,16.530000,9.800000,0.300000,"L21","B",179,2.910000,35.200000,0.610000,2,0.890000,511,8.190000,0.800000,"2024-06-16",39.550000,0.746000
"ITM10698","Apparel",267,36,10,7,35.510000,3.970000,0.820000,"L96","B",10,1.030000,60.440000,0.770000,6,0.810000,927,6.610000,0.380000,"2024-10-24",239.030000,0.529000
"ITM10699","Apparel",135,52,8,8,13.390000,4.850000,0.270000,"L61","B",32,3.430000,14.980000,0.710000,0,0.910000,488,4.050000,0.710000,"2024-01-02",23.580000,0.707000
"ITM10700","Groceries",298,68,6,9,38.180000,7.650000,0.750000,"L58","C",116,0.800000,83.370000,1.050000,1,0.800000,816,3.020000,0.250000,"2024-02-17",14.970000,0.525000
"ITM10701","Groceries",384,41,3,6,28.490000,8.030000,0.400000,"L34","D",122,0.950000,106.810000,1.100000,0,0.890000,391,12.080000,0.810000,"2024-08-22",222.420000,0.791000
"ITM10702","Apparel",88,42,8,8,15.710000,2.710000,0.620000,"L97","B",161,1.990000,189.730000,0.850000,3,0.770000,515,2.790000,0.820000,"2024-11-21",236.450000,0.610000
"ITM10703","Pharma",370,37,5,3,20.610000,9.330000,0.130000,"L32","D",98,2.170000,109.230000,0.730000,4,0.780000,107,6.520000,0.480000,"2024-12-06",153.730000,0.586000
"ITM10704","Electronics",273,64,8,5,34.800000,8.740000,0.550000,"L82","A",144,2.580000,158.400000,1.060000,9,0.720000,54,6.730000,0.850000,"2024-12-23",102.180000,0.518000
"ITM10705","Pharma",200,69,8,3,45.400000,0.670000,0.230000,"L36","A",47,2.030000,60.920000,0.160000,4,0.830000,987,10.300000,0.890000,"2024-07-02",78.570000,0.785000
"ITM10706","Automotive",337,79,6,3,7.410000,1.720000,0.540000,"L99","C",56,0.650000,39.100000,1.330000,1,0.890000,672,4.900000,0.350000,"2024-02-02",43.940000,0.560000
"ITM10707","Groceries",188,71,4,7,29.000000,5.210000,0.230000,"L100","D",112,1.210000,164.060000,1.250000,2,0.940000,926,12.740000,0.480000,"2024-09-30",150.430000,0.689000
"ITM10708","Electronics",332,89,11,4,13.430000,4.880000,0.490000,"L67","A",172,1.020000,57.010000,0.630000,3,0.940000,847,3.900000,0.410000,"2024-07-22",152.420000,0.599000
"ITM10709","Electronics",268,43,4,2,40.270000,7.230000,0.200000,"L63","C",71,2.440000,175.550000,0.440000,9,1.000000,912,12.050000,0.500000,"2024-04-21",142.230000,0.637000
"ITM10710","Automotive",207,96,5,6,4.440000,1.350000,0.300000,"L81","C",82,1.450000,42.270000,0.240000,5,0.730000,314,12.900000,0.560000,"2024-08-07",235.700000,0.706000
"ITM10711","Automotive",73,97,12,5,34.760000,6.630000,0.640000,"L31","B",12,1.820000,171.800000,1.220000,5,0.850000,298,3.700000,0.610000,"2024-04-18",38.940000,0.519000
"ITM10712","Apparel",345,65,3,3,9.570000,6.360000,0.980000,"L36","A",111,2.620000,156.840000,1.180000,1,0.860000,144,12.330000,0.230000,"2024-09-10",204.300000,0.644000
"ITM10713","Groceries",376,22,9,6,30.220000,2.720000,0.500000,"L57","D",157,1.560000,126.130000,1.110000,1,0.940000,912,10.990000,0.240000,"2024-05-17",126.450000,0.652000
"ITM10714","Groceries",332,65,3,3,41.950000,5.650000,0.720000,"L10","A",114,1.610000,171.540000,1.970000,8,0.780000,858,13.240000,0.720000,"2024-06-14",79.880000,0.520000
"ITM10715","Pharma",157,27,13,9,38.000000,2.610000,0.590000,"L92","A",53,4.250000,72.830000,1.110000,1,0.720000,868,8.140000,0.550000,"2024-05-25",207.660000,0.632000
"ITM10716","Apparel",187,63,11,7,37.890000,1.900000,0.550000,"L37","D",169,2.970000,41.550000,1.470000,1,0.790000,746,4.270000,0.270000,"2024-06-21",67.330000,0.502000
"ITM10717","Apparel",410,86,13,2,26.370000,5.940000,0.160000,"L31","D",109,4.360000,39.840000,0.310000,2,1.000000,506,13.770000,0.510000,"2024-10-07",76.970000,0.815000
"ITM10718","Apparel",122,52,13,7,44.650000,9.790000,0.230000,"L35","B",35,2.820000,61.370000,0.670000,8,0.970000,790,12.060000,0.580000,"2024-10-22",299.580000,0.644000
"ITM10719","Apparel",441,48,3,6,29.820000,2.750000,0.890000,"L43","C",57,4.590000,94.780000,0.620000,5,0.820000,366,1.290000,0.710000,"2024-03-07",267.710000,0.561000
"ITM10720","Groceries",104,70,7,5,45.960000,3.880000,0.470000,"L41","D",14,1.650000,176.440000,1.190000,5,0.960000,823,14.150000,0.290000,"2024-10-16",212.170000,0.620000
"ITM10721","Groceries",336,51,9,3,27.780000,2.940000,0.650000,"L70","D",68,3.280000,27.010000,0.730000,9,0.710000,168,14.280000,1.000000,"2024-09-05",101.570000,0.679000
"ITM10722","Apparel",231,90,5,2,25.790000,3.030000,0.580000,"L11","A",70,2.760000,183.900000,1.320000,4,0.790000,795,5.970000,0.580000,"2024-06-24",165.650000,0.542000
"ITM10723","Pharma",22,88,11,9,11.900000,4.340000,0.440000,"L18","D",58,4.630000,185.840000,1.410000,6,0.920000,843,1.140000,0.740000,"2024-12-15",46.720000,0.486000
"ITM10724","Electronics",403,27,10,7,27.690000,7.170000,0.450000,"L20","D",167,2.380000,148.170000,0.160000,3,0.770000,251,8.740000,0.930000,"2024-01-25",106.850000,0.781000
"ITM10725","Electronics",198,32,5,9,7.890000,0.870000,0.600000,"L30","A",154,4.350000,181.050000,1.320000,9,0.760000,823,13.790000,0.230000,"2024-01-24",29.710000,0.470000
"ITM10726","Pharma",361,63,7,6,43.610000,9.590000,0.230000,"L50","A",79,3.040000,156.300000,0.320000,9,0.960000,102,2.740000,0.680000,"2024-02-20",186.990000,0.553000
"ITM10727","Apparel",322,39,9,7,34.120000,0.940000,0.450000,"L89","A",24,3.690000,110.380000,0.980000,2,0.880000,366,9.270000,0.630000,"2024-11-16",258.670000,0.688000
"ITM10728","Groceries",471,67,14,3,49.690000,8.870000,0.500000,"L20","B",10,4.490000,124.140000,1.480000,6,1.000000,722,11.240000,0.250000,"2024-08-23",244.770000,0.532000
"ITM10729","Electronics",495,77,6,3,5.510000,9.000000,0.990000,"L91","C",150,4.990000,129.360000,1.440000,9,0.740000,293,2.890000,0.750000,"2024-01-09",258.260000,0.413000
"ITM10730","Automotive",351,76,7,9,12.790000,5.480000,0.420000,"L28","D",137,3.790000,34.110000,0.670000,0,0.810000,990,8.190000,0.380000,"2024-03-04",60.630000,0.680000
"ITM10731","Automotive",57,80,5,5,43.980000,1.800000,0.680000,"L9","A",171,1.920000,46.680000,0.620000,5,0.790000,143,2.240000,0.760000,"2024-03-21",198.520000,0.578000
"ITM10732","Pharma",439,27,11,2,20.370000,5.870000,0.220000,"L54","A",134,1.850000,109.440000,0.940000,1,0.960000,601,8.810000,0.490000,"2024-08-13",287.460000,0.693000
"ITM10733","Apparel",258,16,12,4,23.850000,6.470000,0.160000,"L53","C",167,1.890000,31.890000,0.460000,1,0.780000,329,7.190000,0.820000,"2024-08-21",237.140000,0.750000
"ITM10734","Electronics",188,49,11,7,43.170000,8.650000,0.880000,"L43","B",28,0.940000,193.350000,1.950000,7,0.810000,141,4.710000,0.950000,"2024-01-01",10.980000,0.480000
"ITM10735","Apparel",472,79,9,3,26.570000,5.730000,0.760000,"L70","D",128,0.740000,106.350000,0.760000,2,0.740000,862,12.940000,0.890000,"2024-08-07",265.870000,0.783000
"ITM10736","Electronics",416,95,12,6,10.480000,4.400000,0.390000,"L60","B",73,3.110000,82.220000,1.850000,8,0.930000,87,6.350000,0.590000,"2024-04-13",214.680000,0.444000
"ITM10737","Pharma",362,74,4,7,44.710000,8.460000,0.550000,"L54","B",75,4.150000,39.930000,1.830000,3,0.770000,462,10.800000,0.380000,"2024-12-18",45.400000,0.531000
"ITM10738","Pharma",333,77,9,5,2.520000,9.820000,0.220000,"L8","B",66,0.660000,89.140000,0.790000,5,0.720000,292,12.070000,0.990000,"2024-03-08",101.010000,0.724000
"ITM10739","Automotive",325,58,9,5,44.870000,6.630000,0.740000,"L27","A",53,3.050000,67.460000,0.580000,0,0.830000,413,3.500000,0.730000,"2024-11-28",44.080000,0.701000
"ITM10740","Apparel",49,61,13,3,3.480000,8.810000,0.160000,"L54","C",21,2.170000,26.710000,1.560000,9,0.820000,697,2.670000,0.520000,"2024-06-03",221.650000,0.368000
"ITM10741","Automotive",209,38,7,3,33.630000,6.190000,0.780000,"L50","C",131,4.520000,193.730000,0.540000,9,0.750000,113,1.110000,0.590000,"2024-03-22",11.020000,0.449000
"ITM10742","Apparel",376,30,11,9,4.510000,7.050000,0.590000,"L99","C",177,1.150000,60.350000,1.090000,2,0.740000,904,5.280000,0.300000,"2024-05-20",144.710000,0.529000
"ITM10743","Automotive",44,99,14,3,35.600000,7.040000,0.350000,"L75","B",33,3.040000,141.190000,0.310000,3,0.970000,924,12.420000,0.600000,"2024-02-17",299.940000,0.789000
"ITM10744","Groceries",131,87,13,9,2.660000,7.200000,0.880000,"L90","D",148,4.870000,27.350000,0.830000,4,0.720000,250,11.820000,0.340000,"2024-12-01",256.830000,0.607000
"ITM10745","Groceries",430,18,5,8,42.280000,3.550000,0.990000,"L3","B",10,2.050000,183.500000,0.250000,0,0.730000,356,13.210000,0.490000,"2024-07-03",180.290000,0.795000
"ITM10746","Groceries",454,56,6,4,23.830000,5.970000,0.330000,"L98","C",37,3.840000,122.240000,0.640000,3,0.770000,823,11.650000,0.590000,"2024-05-08",211.240000,0.703000
"ITM10747","Groceries",225,85,3,3,5.580000,6.140000,0.830000,"L74","A",77,4.470000,134.810000,1.360000,4,0.990000,224,1.340000,0.960000,"2024-02-12",185.060000,0.592000
"ITM10748","Electronics",204,51,8,7,35.630000,3.490000,0.780000,"L49","B",114,1.340000,158.540000,1.980000,3,0.730000,738,6.400000,0.700000,"2024-07-09",245.150000,0.513000
"ITM10749","Groceries",401,60,6,7,24.980000,3.820000,0.770000,"L62","A",103,4.970000,125.120000,0.580000,9,0.940000,646,1.080000,0.500000,"2024-12-06",266.940000,0.464000
"ITM10750","Pharma",398,65,3,9,10.360000,7.740000,0.960000,"L1","C",133,4.140000,23.470000,1.000000,9,0.970000,721,1.500000,0.290000,"2024-11-28",232.310000,0.392000
"ITM10751","Pharma",66,60,4,8,1.770000,6.040000,0.540000,"L46","B",133,1.120000,91.620000,0.950000,6,0.810000,743,7.700000,0.800000,"2024-03-25",62.770000,0.610000
"ITM10752","Electronics",393,79,5,8,21.480000,1.920000,0.710000,"L39","A",31,1.900000,59.790000,0.450000,7,0.790000,597,6.040000,0.570000,"2024-01-27",118.030000,0.568000
"ITM10753","Groceries",247,29,11,2,5.200000,8.460000,0.840000,"L97","B",166,3.310000,102.480000,1.260000,7,0.900000,906,8.820000,0.250000,"2024-07-21",237.480000,0.482000
"ITM10754","Groceries",58,97,10,6,5.610000,8.890000,0.530000,"L50","C",98,4.480000,86.820000,1.480000,2,0.910000,148,1.930000,0.730000,"2024-11-16",248.720000,0.566000
"ITM10755","Groceries",35,36,9,3,14.100000,4.930000,0.530000,"L54","D",54,1.380000,167.040000,0.380000,4,0.930000,275,9.240000,0.480000,"2024-06-05",192.350000,0.687000
"ITM10756","Automotive",41,47,13,9,31.890000,2.480000,0.390000,"L69","C",133,3.790000,56.940000,1.540000,9,0.950000,964,1.910000,0.520000,"2024-12-24",217.100000,0.385000
"ITM10757","Apparel",232,81,14,7,26.970000,9.500000,0.800000,"L96","D",154,1.720000,48.250000,1.430000,7,0.780000,598,6.930000,0.870000,"2024-04-29",60.600000,0.539000
"ITM10758","Automotive",329,74,6,8,4.380000,8.880000,0.720000,"L95","D",88,4.120000,192.040000,0.470000,6,0.910000,322,5.930000,0.310000,"2024-08-07",118.070000,0.556000
"ITM10759","Apparel",168,63,3,7,48.450000,2.820000,0.510000,"L70","C",48,3.580000,190.410000,1.330000,8,0.740000,833,4.140000,0.470000,"2024-12-01",165.040000,0.404000
"ITM10760","Groceries",475,33,10,7,44.470000,1.410000,0.480000,"L78","A",177,2.850000,198.760000,0.850000,9,0.850000,235,5.370000,0.490000,"2024-02-16",295.280000,0.475000
"ITM10761","Groceries",260,56,6,8,13.700000,4.690000,0.170000,"L29","B",37,3.420000,117.990000,1.390000,6,0.880000,989,1.010000,0.200000,"2024-12-26",241.770000,0.370000
"ITM10762","Automotive",291,80,5,4,6.990000,6.930000,0.110000,"L63","B",139,4.440000,31.500000,1.040000,1,0.750000,501,5.540000,0.880000,"2024-02-18",65.860000,0.676000
"ITM10763","Automotive",78,92,11,8,47.180000,2.170000,0.580000,"L29","B",164,2.240000,177.230000,0.190000,3,0.720000,610,2.100000,0.870000,"2024-01-01",112.200000,0.667000
"ITM10764","Apparel",306,95,12,8,23.600000,5.380000,0.480000,"L35","D",158,3.960000,37.570000,1.600000,7,0.760000,554,13.900000,0.730000,"2024-04-19",72.900000,0.583000
"ITM10765","Pharma",445,72,6,6,16.250000,4.540000,0.820000,"L56","D",96,1.220000,39.560000,1.160000,8,0.830000,143,2.040000,0.920000,"2024-09-01",54.160000,0.501000
"ITM10766","Apparel",221,66,6,9,25.030000,8.960000,0.590000,"L63","C",144,3.660000,46.750000,1.480000,6,0.970000,356,14.340000,0.420000,"2024-02-09",44.790000,0.601000
"ITM10767","Automotive",51,64,11,9,38.860000,4.580000,0.940000,"L4","A",61,3.880000,134.150000,0.340000,4,0.860000,787,7.880000,0.380000,"2024-03-08",290.050000,0.639000
"ITM10768","Automotive",462,69,14,8,9.250000,5.570000,0.280000,"L50","C",135,2.490000,30.370000,1.470000,0,0.920000,566,8.180000,0.250000,"2024-10-30",272.920000,0.596000
"ITM10769","Electronics",181,71,13,5,38.610000,9.580000,0.990000,"L44","C",156,4.070000,157.870000,0.890000,8,0.750000,914,12.030000,0.670000,"2024-04-25",150.140000,0.595000
"ITM10770","Automotive",274,39,14,9,37.720000,3.350000,0.370000,"L86","A",82,3.010000,21.070000,1.620000,5,0.730000,223,10.740000,0.600000,"2024-09-22",169.080000,0.547000
"ITM10771","Electronics",273,31,4,9,27.430000,3.250000,0.680000,"L87","D",149,4.710000,30.980000,1.240000,1,0.770000,744,4.320000,0.850000,"2024-12-14",253.200000,0.638000
"ITM10772","Pharma",28,84,14,9,43.430000,8.100000,0.550000,"L52","C",103,1.010000,92.550000,0.770000,9,0.790000,122,1.360000,0.590000,"2024-08-15",198.160000,0.437000
"ITM10773","Apparel",484,93,7,8,7.480000,3.140000,0.420000,"L93","C",11,1.090000,82.040000,0.480000,9,0.860000,194,11.900000,0.360000,"2024-01-05",222.470000,0.575000
"ITM10774","Apparel",158,38,6,7,30.180000,8.400000,0.230000,"L22","D",26,4.290000,198.040000,1.650000,1,0.960000,957,2.820000,0.850000,"2024-01-05",239.430000,0.615000
"ITM10775","Electronics",499,50,11,3,23.020000,1.410000,0.220000,"L60","B",134,4.290000,193.700000,1.160000,9,0.830000,713,9.380000,0.560000,"2024-12-22",150.080000,0.507000
"ITM10776","Apparel",29,51,14,7,21.690000,1.560000,0.740000,"L17","A",140,2.620000,46.040000,1.980000,0,0.860000,105,14.200000,0.960000,"2024-06-24",292.690000,0.755000
"ITM10777","Automotive",233,74,7,6,13.380000,9.060000,0.440000,"L80","A",30,4.840000,189.870000,0.810000,3,0.700000,744,8.690000,0.630000,"2024-03-02",192.230000,0.641000
"ITM10778","Groceries",292,40,11,5,19.240000,5.640000,0.970000,"L69","B",87,3.560000,141.530000,1.400000,9,0.710000,683,5.000000,0.290000,"2024-08-04",193.710000,0.347000
"ITM10779","Electronics",343,39,13,8,6.300000,7.330000,0.390000,"L4","A",88,4.920000,87.680000,1.280000,1,0.730000,293,3.500000,0.880000,"2024-12-21",50.900000,0.621000
"ITM10780","Apparel",67,27,11,4,13.330000,2.640000,0.990000,"L51","B",60,2.900000,150.530000,1.310000,9,0.910000,943,1.380000,0.900000,"2024-03-08",296.440000,0.469000
"ITM10781","Electronics",455,26,4,2,14.330000,2.080000,0.280000,"L76","C",115,1.410000,181.030000,1.500000,8,0.850000,253,9.730000,0.560000,"2024-09-01",30.520000,0.502000
"ITM10782","Electronics",130,47,11,8,36.310000,8.430000,0.190000,"L73","A",114,2.500000,44.230000,0.360000,1,0.760000,640,8.810000,0.220000,"2024-02-06",295.830000,0.657000
"ITM10783","Groceries",172,23,5,3,3.380000,3.910000,0.380000,"L85","A",19,4.910000,47.240000,1.140000,8,0.880000,65,7.460000,0.220000,"2024-04-27",274.060000,0.445000
"ITM10784","Automotive",142,96,6,2,32.910000,4.820000,0.900000,"L4","C",125,2.170000,87.660000,1.070000,0,0.860000,175,3.710000,0.480000,"2024-07-15",258.360000,0.610000
"ITM10785","Electronics",424,98,3,4,11.850000,0.770000,0.570000,"L11","D",64,4.810000,42.150000,0.750000,6,0.730000,648,4.310000,0.770000,"2024-02-15",205.340000,0.562000
"ITM10786","Apparel",376,88,3,6,5.010000,4.170000,0.220000,"L83","D",45,4.090000,78.480000,0.930000,5,0.890000,515,14.420000,0.460000,"2024-02-22",186.570000,0.669000
"ITM10787","Pharma",121,65,3,6,15.740000,7.820000,0.280000,"L55","C",60,2.490000,132.680000,1.090000,5,0.930000,839,1.290000,0.210000,"2024-02-22",299.020000,0.436000
"ITM10788","Electronics",260,31,11,4,12.000000,8.300000,0.380000,"L18","A",83,2.940000,164.440000,0.710000,1,0.790000,927,6.090000,0.880000,"2024-06-09",292.460000,0.724000
"ITM10789","Electronics",340,76,13,7,28.050000,7.140000,0.630000,"L60","A",26,3.230000,67.370000,0.660000,0,0.910000,477,1.540000,0.970000,"2024-07-07",245.430000,0.731000
"ITM10790","Groceries",210,65,10,4,18.510000,7.080000,0.400000,"L24","A",70,3.500000,63.530000,1.500000,9,0.760000,400,3.680000,0.480000,"2024-06-02",35.190000,0.367000
"ITM10791","Automotive",236,28,7,9,48.330000,5.310000,0.770000,"L7","B",100,0.850000,158.150000,0.230000,7,0.930000,604,14.060000,0.260000,"2024-03-11",117.930000,0.662000
"ITM10792","Pharma",70,66,7,9,48.210000,5.610000,0.650000,"L34","D",150,4.700000,82.390000,0.690000,7,0.970000,128,3.090000,0.430000,"2024-07-14",261.120000,0.512000
"ITM10793","Apparel",311,53,11,8,22.740000,7.560000,0.890000,"L49","A",104,3.190000,165.510000,1.340000,1,0.830000,550,9.410000,0.840000,"2024-03-09",213.730000,0.705000
"ITM10794","Pharma",100,44,5,3,39.960000,2.850000,0.550000,"L42","D",89,4.690000,198.740000,0.500000,3,0.770000,838,5.860000,0.630000,"2024-11-24",45.380000,0.648000
"ITM10795","Apparel",402,10,5,9,1.650000,2.700000,0.400000,"L28","D",112,3.340000,196.140000,1.190000,3,0.820000,428,9.860000,0.510000,"2024-12-12",110.990000,0.618000
"ITM10796","Automotive",107,61,9,5,27.840000,9.520000,1.000000,"L59","A",57,2.440000,135.910000,0.670000,1,0.780000,313,12.930000,0.470000,"2024-03-14",15.630000,0.735000
"ITM10797","Apparel",213,94,11,8,37.420000,0.760000,0.420000,"L42","C",95,3.050000,81.290000,1.700000,8,0.700000,354,5.010000,0.290000,"2024-02-05",268.910000,0.335000
"ITM10798","Groceries",123,79,8,8,11.630000,1.820000,0.490000,"L44","C",79,4.230000,22.440000,0.760000,3,0.900000,537,2.100000,0.470000,"2024-09-28",226.630000,0.566000
"ITM10799","Groceries",290,46,4,8,4.000000,5.920000,0.830000,"L98","D",56,1.970000,150.230000,0.540000,3,0.710000,789,3.860000,0.580000,"2024-10-15",136.400000,0.595000
"ITM10800","Groceries",115,74,3,2,8.640000,7.510000,0.180000,"L49","B",19,4.800000,195.810000,1.110000,3,0.760000,174,7.150000,0.740000,"2024-01-05",230.510000,0.624000
"ITM10801","Groceries",442,60,4,2,22.650000,5.610000,0.450000,"L36","D",89,2.600000,22.920000,0.360000,4,0.920000,667,8.210000,0.410000,"2024-11-08",280.690000,0.659000
"ITM10802","Pharma",398,10,3,6,25.810000,3.870000,0.180000,"L97","D",22,4.800000,11.170000,1.620000,9,0.900000,791,14.190000,0.920000,"2024-11-28",91.170000,0.611000
"ITM10803","Automotive",217,30,12,8,19.660000,9.790000,0.230000,"L54","C",67,4.460000,168.040000,1.390000,7,0.720000,695,1.230000,0.590000,"2024-03-25",92.890000,0.399000
"ITM10804","Apparel",20,62,12,7,22.560000,7.190000,0.100000,"L33","A",93,3.950000,29.430000,1.560000,3,0.900000,130,11.610000,0.520000,"2024-08-13",149.970000,0.623000
"ITM10805","Apparel",426,25,11,9,24.040000,8.400000,0.110000,"L11","A",77,2.600000,25.510000,0.860000,2,0.980000,921,2.020000,0.680000,"2024-06-28",215.000000,0.633000
"ITM10806","Groceries",397,70,12,6,38.700000,0.880000,0.440000,"L61","B",93,3.140000,182.960000,1.690000,0,0.720000,670,2.090000,0.330000,"2024-04-19",297.980000,0.469000
"ITM10807","Groceries",186,63,14,3,6.160000,2.740000,0.830000,"L3","C",95,4.270000,25.120000,1.040000,1,0.820000,224,10.160000,0.290000,"2024-11-17",57.250000,0.633000
"ITM10808","Electronics",145,49,10,4,38.680000,4.050000,0.630000,"L96","C",166,2.950000,31.660000,0.280000,3,0.920000,725,13.730000,0.480000,"2024-03-18",109.220000,0.775000
"ITM10809","Automotive",332,35,9,2,34.740000,2.230000,0.670000,"L70","D",153,3.820000,118.220000,0.530000,8,0.900000,174,5.030000,0.230000,"2024-07-29",115.400000,0.480000
"ITM10810","Pharma",100,89,5,8,37.340000,1.190000,0.570000,"L7","C",72,4.060000,153.790000,1.450000,0,0.770000,397,4.770000,0.500000,"2024-11-11",220.490000,0.573000
"ITM10811","Apparel",437,74,10,3,36.990000,2.640000,0.840000,"L45","D",52,2.810000,85.920000,1.800000,5,0.750000,938,9.650000,0.740000,"2024-12-17",267.110000,0.547000
"ITM10812","Electronics",270,83,4,6,24.060000,5.570000,0.890000,"L29","B",160,2.910000,89.910000,0.280000,5,0.940000,416,11.870000,0.850000,"2024-08-14",63.300000,0.788000
"ITM10813","Electronics",188,73,4,6,11.360000,7.110000,0.860000,"L84","C",167,1.390000,130.200000,1.740000,9,0.990000,584,13.170000,0.660000,"2024-04-21",216.960000,0.552000
"ITM10814","Apparel",496,52,13,2,27.290000,7.850000,0.830000,"L9","C",39,1.600000,106.030000,1.620000,2,0.930000,464,4.500000,0.750000,"2024-02-14",273.790000,0.594000
"ITM10815","Pharma",92,26,12,6,47.940000,0.910000,0.260000,"L100","D",76,4.570000,13.540000,0.780000,9,0.990000,927,11.360000,0.870000,"2024-02-21",45.180000,0.665000
"ITM10816","Electronics",160,68,5,7,29.840000,4.570000,0.630000,"L84","C",33,4.280000,31.580000,1.410000,8,0.880000,892,5.300000,0.820000,"2024-03-12",194.170000,0.510000
"ITM10817","Electronics",89,32,9,6,1.540000,1.660000,0.620000,"L6","A",110,0.550000,120.500000,0.460000,9,0.980000,623,8.630000,0.460000,"2024-03-04",68.690000,0.577000
"ITM10818","Automotive",281,16,3,5,3.930000,4.600000,0.580000,"L97","B",115,4.410000,160.800000,1.650000,2,0.910000,773,3.670000,0.660000,"2024-10-28",137.930000,0.558000
"ITM10819","Pharma",359,53,10,9,49.650000,4.620000,0.530000,"L4","A",110,0.610000,154.990000,1.350000,0,0.970000,301,3.040000,0.410000,"2024-07-15",46.770000,0.582000
"ITM10820","Electronics",327,62,14,4,4.530000,5.230000,0.180000,"L32","D",17,2.560000,150.610000,0.930000,1,0.750000,657,14.090000,0.660000,"2024-06-28",208.250000,0.757000
"ITM10821","Pharma",264,80,9,6,3.260000,8.980000,0.190000,"L26","D",105,0.800000,156.540000,1.740000,3,0.940000,770,8.660000,0.540000,"2024-08-07",126.400000,0.577000
"ITM10822","Apparel",22,88,6,9,18.300000,8.150000,0.910000,"L3","D",171,4.860000,18.440000,0.360000,3,0.760000,618,1.060000,0.500000,"2024-06-10",174.500000,0.570000
"ITM10823","Groceries",356,43,7,9,48.500000,6.550000,0.670000,"L80","B",44,4.880000,180.070000,1.710000,1,0.710000,283,12.110000,0.350000,"2024-03-12",161.830000,0.582000
"ITM10824","Electronics",82,55,12,5,16.620000,8.910000,0.340000,"L20","C",105,3.250000,178.960000,0.150000,9,0.860000,407,10.670000,0.650000,"2024-05-06",211.260000,0.649000
"ITM10825","Automotive",68,77,3,3,21.080000,6.950000,0.350000,"L31","A",59,2.260000,111.070000,1.530000,5,0.800000,375,5.560000,0.780000,"2024-05-21",269.720000,0.537000
"ITM10826","Apparel",95,87,6,6,32.070000,8.280000,0.650000,"L17","C",154,2.800000,57.230000,1.190000,5,0.710000,114,7.500000,0.660000,"2024-11-26",91.130000,0.555000
"ITM10827","Pharma",387,87,3,7,2.180000,5.860000,0.470000,"L61","D",11,3.930000,122.510000,1.420000,2,0.990000,342,7.300000,0.260000,"2024-02-13",182.600000,0.565000
"ITM10828","Apparel",194,25,3,3,44.990000,5.490000,0.500000,"L86","C",53,1.500000,116.000000,0.880000,0,0.900000,373,4.850000,0.940000,"2024-05-07",176.390000,0.745000
"ITM10829","Electronics",128,80,12,9,26.450000,7.380000,0.150000,"L15","B",111,2.490000,52.360000,1.740000,9,0.970000,380,14.730000,0.200000,"2024-10-10",101.390000,0.476000
"ITM10830","Pharma",202,28,3,9,23.870000,0.690000,0.220000,"L73","D",139,3.820000,124.590000,0.690000,8,1.000000,578,8.610000,0.910000,"2024-11-03",154.880000,0.668000
"ITM10831","Groceries",211,11,9,8,43.180000,7.060000,0.450000,"L28","C",81,2.280000,161.490000,0.620000,3,0.820000,184,13.560000,0.810000,"2024-11-03",21.730000,0.785000
"ITM10832","Apparel",84,19,9,6,47.700000,9.380000,0.730000,"L60","A",119,0.640000,163.160000,0.670000,8,0.780000,869,9.190000,0.280000,"2024-11-07",133.810000,0.508000
"ITM10833","Electronics",356,59,6,2,21.750000,7.280000,0.140000,"L90","D",146,2.780000,21.340000,1.570000,4,0.760000,468,10.660000,0.390000,"2024-05-25",88.450000,0.535000
"ITM10834","Automotive",470,90,14,5,9.450000,0.850000,0.400000,"L33","D",138,3.820000,47.460000,1.040000,6,0.850000,179,1.410000,0.480000,"2024-12-19",260.550000,0.461000
"ITM10835","Pharma",493,21,4,5,40.970000,4.090000,0.730000,"L99","B",112,4.900000,136.960000,1.120000,2,0.880000,985,8.170000,0.930000,"2024-01-14",113.760000,0.719000
"ITM10836","Apparel",290,79,14,2,20.760000,8.190000,0.810000,"L48","B",146,0.670000,173.370000,1.680000,2,0.840000,598,11.100000,0.980000,"2024-12-03",65.740000,0.704000
"ITM10837","Apparel",119,31,5,4,46.840000,9.610000,0.270000,"L22","A",151,2.930000,109.030000,1.680000,7,0.820000,811,2.710000,0.270000,"2024-06-03",163.600000,0.346000
"ITM10838","Groceries",51,41,10,9,47.550000,4.020000,0.760000,"L78","C",36,2.520000,144.430000,0.410000,0,0.750000,618,10.500000,0.520000,"2024-04-15",245.180000,0.753000
"ITM10839","Groceries",371,93,10,8,6.630000,8.490000,0.960000,"L78","C",146,1.590000,14.000000,1.140000,7,0.830000,406,2.180000,0.320000,"2024-09-22",112.670000,0.405000
"ITM10840","Automotive",147,10,13,7,47.870000,8.710000,0.920000,"L96","D",173,3.370000,125.600000,0.340000,7,0.730000,571,12.300000,0.420000,"2024-11-06",255.580000,0.620000
"ITM10841","Automotive",471,63,13,5,19.050000,1.670000,0.810000,"L92","D",102,1.240000,192.760000,1.750000,2,0.960000,509,14.690000,0.980000,"2024-09-17",104.580000,0.769000
"ITM10842","Electronics",421,67,8,3,32.670000,8.530000,0.740000,"L15","C",109,1.780000,135.590000,1.690000,0,0.710000,642,9.770000,0.990000,"2024-04-06",223.320000,0.701000
"ITM10843","Electronics",388,79,12,9,2.700000,3.580000,0.310000,"L100","C",140,4.020000,185.230000,1.710000,8,0.810000,991,2.080000,0.580000,"2024-07-19",43.420000,0.375000
"ITM10844","Automotive",358,92,11,7,44.560000,6.140000,0.670000,"L21","C",126,2.570000,117.540000,1.440000,3,0.730000,651,9.210000,0.350000,"2024-05-31",28.040000,0.535000
"ITM10845","Automotive",62,27,13,5,32.440000,5.620000,0.680000,"L40","D",160,4.970000,170.240000,0.990000,6,0.930000,950,11.370000,0.640000,"2024-11-26",223.900000,0.647000
"ITM10846","Pharma",391,15,14,8,32.530000,6.800000,0.470000,"L14","B",131,2.240000,33.590000,0.870000,8,0.790000,950,14.060000,0.460000,"2024-01-28",116.840000,0.590000
"ITM10847","Groceries",438,54,11,4,45.210000,7.530000,0.540000,"L75","B",119,2.580000,33.470000,0.850000,2,0.730000,681,1.640000,0.940000,"2024-05-02",123.970000,0.631000
"ITM10848","Electronics",97,32,6,8,25.910000,4.690000,0.720000,"L4","A",82,1.850000,32.830000,0.230000,4,0.860000,663,11.850000,0.850000,"2024-09-10",176.500000,0.797000
"ITM10849","Groceries",333,32,14,3,21.120000,8.940000,0.960000,"L40","C",39,1.560000,102.880000,1.900000,9,0.970000,544,2.860000,0.450000,"2024-07-16",296.190000,0.352000
"ITM10850","Groceries",308,35,3,8,43.440000,8.190000,0.370000,"L74","C",28,4.650000,72.750000,0.960000,2,0.970000,588,12.070000,0.210000,"2024-02-27",59.740000,0.661000
"ITM10851","Automotive",289,86,3,7,37.380000,7.960000,0.320000,"L87","C",111,3.870000,146.650000,1.870000,4,0.770000,310,13.440000,1.000000,"2024-05-03",96.960000,0.666000
"ITM10852","Pharma",181,16,14,9,47.500000,4.850000,0.640000,"L49","A",76,2.000000,181.500000,1.770000,1,0.920000,622,13.060000,0.750000,"2024-09-12",198.120000,0.711000
"ITM10853","Apparel",208,88,12,3,47.070000,0.860000,0.220000,"L51","C",59,3.650000,127.680000,1.670000,3,0.710000,185,10.140000,0.540000,"2024-11-22",213.280000,0.558000
"ITM10854","Pharma",266,53,7,9,19.730000,5.180000,0.620000,"L92","B",57,4.850000,50.510000,1.220000,1,0.740000,976,8.010000,0.430000,"2024-10-31",214.780000,0.599000
"ITM10855","Pharma",407,36,4,2,22.900000,9.040000,0.180000,"L26","C",12,0.830000,186.870000,0.290000,2,0.850000,658,13.240000,0.200000,"2024-02-06",182.670000,0.718000
"ITM10856","Groceries",235,35,8,6,13.540000,2.310000,0.540000,"L10","A",75,1.690000,110.290000,0.720000,4,0.770000,710,8.270000,0.320000,"2024-09-27",180.600000,0.576000
"ITM10857","Pharma",334,88,9,2,33.370000,9.830000,0.660000,"L76","D",164,1.400000,146.790000,1.250000,8,0.940000,276,3.660000,0.200000,"2024-01-07",52.950000,0.392000
"ITM10858","Electronics",432,45,3,7,18.860000,8.170000,0.160000,"L89","D",115,4.410000,179.200000,0.130000,2,0.980000,838,14.200000,0.680000,"2024-07-03",252.040000,0.868000
"ITM10859","Groceries",358,64,8,6,39.520000,7.240000,0.290000,"L81","B",120,1.310000,198.070000,0.180000,9,0.700000,868,6.230000,0.730000,"2024-06-11",12.580000,0.571000
"ITM10860","Electronics",409,73,10,2,6.960000,6.930000,0.400000,"L32","B",49,1.890000,106.150000,1.390000,5,0.770000,896,9.740000,0.810000,"2024-03-08",131.100000,0.607000
"ITM10861","Apparel",396,66,14,6,6.700000,6.080000,0.430000,"L14","B",134,2.950000,163.530000,1.790000,3,0.830000,277,3.790000,0.350000,"2024-07-17",72.470000,0.448000
"ITM10862","Groceries",452,78,7,5,11.020000,7.350000,0.710000,"L90","D",27,3.290000,117.700000,1.720000,3,0.870000,876,2.550000,0.280000,"2024-10-18",40.260000,0.432000
"ITM10863","Apparel",187,70,14,8,5.130000,4.510000,0.580000,"L99","C",164,4.140000,102.430000,0.420000,9,0.970000,810,8.710000,0.720000,"2024-08-03",102.650000,0.632000
"ITM10864","Groceries",358,11,9,3,31.380000,8.530000,0.440000,"L39","A",148,2.330000,112.170000,1.830000,9,0.970000,307,8.760000,0.600000,"2024-07-06",200.580000,0.468000
"ITM10865","Automotive",212,64,12,6,8.220000,7.120000,0.510000,"L88","A",176,2.900000,102.010000,1.420000,4,0.890000,463,6.180000,0.900000,"2024-10-06",154.150000,0.618000
"ITM10866","Pharma",472,89,8,5,8.840000,7.830000,0.110000,"L77","C",28,4.840000,90.000000,1.460000,6,0.780000,875,5.360000,0.630000,"2024-12-15",263.320000,0.487000
"ITM10867","Automotive",302,96,6,8,1.700000,8.030000,0.790000,"L16","D",98,1.840000,147.510000,0.680000,3,0.930000,269,6.240000,0.560000,"2024-03-29",183.910000,0.653000
"ITM10868","Apparel",355,47,9,8,39.320000,1.370000,0.140000,"L73","D",144,1.620000,57.440000,1.460000,7,0.760000,285,12.130000,0.590000,"2024-08-29",83.410000,0.546000
"ITM10869","Pharma",409,89,12,4,40.800000,1.030000,0.850000,"L6","A",66,3.700000,127.110000,1.450000,8,0.990000,69,6.010000,0.830000,"2024-02-07",159.410000,0.539000
"ITM10870","Groceries",32,87,11,9,8.940000,8.110000,0.590000,"L45","B",139,3.970000,145.460000,1.230000,8,0.700000,473,13.900000,0.210000,"2024-01-09",75.940000,0.484000
"ITM10871","Pharma",259,38,12,2,37.240000,2.960000,0.580000,"L69","B",47,2.370000,179.500000,0.780000,8,0.870000,462,2.580000,0.930000,"2024-10-27",61.810000,0.556000
"ITM10872","Electronics",339,35,12,4,22.240000,6.030000,0.730000,"L55","A",142,1.460000,73.060000,1.640000,1,0.730000,438,14.040000,0.770000,"2024-02-04",286.960000,0.703000
"ITM10873","Pharma",465,44,9,9,12.740000,4.720000,0.870000,"L85","A",91,4.010000,173.510000,1.880000,2,0.820000,394,10.650000,0.910000,"2024-01-08",145.730000,0.660000
"ITM10874","Electronics",166,88,14,9,31.450000,0.710000,0.950000,"L48","C",45,3.520000,189.610000,1.750000,4,0.890000,699,5.820000,0.970000,"2024-05-14",198.850000,0.595000
"ITM10875","Pharma",223,76,7,7,9.750000,0.880000,0.590000,"L9","C",97,4.440000,133.250000,0.560000,0,0.910000,516,1.100000,0.380000,"2024-04-20",263.300000,0.617000
"ITM10876","Electronics",99,96,9,5,38.090000,8.360000,0.240000,"L65","C",128,4.300000,156.570000,0.950000,3,0.940000,238,12.230000,0.660000,"2024-01-21",103.430000,0.728000
"ITM10877","Apparel",398,38,5,4,3.330000,6.270000,0.890000,"L83","C",94,1.420000,87.080000,0.750000,4,0.880000,666,14.570000,0.590000,"2024-01-31",238.820000,0.733000
"ITM10878","Automotive",62,43,4,4,48.000000,5.480000,0.140000,"L44","C",157,4.250000,190.910000,1.440000,8,0.780000,417,14.750000,0.630000,"2024-07-22",238.760000,0.575000
"ITM10879","Groceries",477,50,13,9,4.520000,9.470000,0.830000,"L2","C",142,1.290000,137.460000,1.680000,7,0.970000,434,6.930000,0.240000,"2024-09-16",248.960000,0.426000
"ITM10880","Pharma",108,50,7,8,29.390000,2.140000,0.710000,"L54","B",33,4.390000,68.930000,0.510000,0,0.940000,992,1.990000,0.930000,"2024-05-26",64.940000,0.750000
"ITM10881","Automotive",167,32,6,5,45.210000,2.950000,0.910000,"L63","A",39,3.970000,86.810000,1.900000,2,0.750000,147,5.390000,0.960000,"2024-11-17",289.220000,0.584000
"ITM10882","Groceries",114,80,7,8,1.580000,7.690000,0.910000,"L14","D",37,3.060000,127.370000,1.390000,2,0.950000,319,5.340000,0.750000,"2024-12-30",89.690000,0.632000
"ITM10883","Groceries",471,12,10,3,25.430000,7.860000,0.150000,"L56","C",118,3.390000,54.490000,0.520000,5,0.990000,714,2.430000,0.410000,"2024-09-13",235.280000,0.560000
"ITM10884","Electronics",447,67,14,6,18.150000,4.350000,0.650000,"L47","B",144,0.970000,153.240000,0.810000,3,0.890000,267,8.350000,0.830000,"2024-07-31",57.070000,0.714000
"ITM10885","Apparel",170,41,6,7,29.440000,9.530000,0.210000,"L82","A",179,0.680000,52.690000,0.300000,3,0.780000,70,9.460000,0.780000,"2024-08-04",278.030000,0.748000
"ITM10886","Apparel",21,40,11,7,12.050000,9.410000,0.170000,"L59","A",44,1.990000,122.440000,1.230000,0,0.880000,321,11.200000,0.660000,"2024-12-25",134.080000,0.734000
"ITM10887","Automotive",395,91,9,2,4.180000,0.620000,0.500000,"L91","A",128,4.200000,142.430000,0.420000,9,0.800000,763,1.710000,0.340000,"2024-07-24",203.910000,0.429000
"ITM10888","Apparel",41,52,12,8,31.670000,2.140000,0.190000,"L20","C",43,2.600000,173.350000,1.420000,3,0.900000,209,4.860000,0.360000,"2024-02-12",256.560000,0.515000
"ITM10889","Pharma",390,16,14,6,21.430000,8.290000,0.760000,"L56","C",112,1.510000,149.440000,1.500000,0,0.860000,541,5.970000,0.670000,"2024-11-23",91.890000,0.636000
"ITM10890","Apparel",332,10,9,9,31.500000,3.680000,0.970000,"L23","D",126,4.260000,161.780000,1.010000,4,0.980000,478,13.490000,0.300000,"2024-10-01",122.810000,0.655000
"ITM10891","Automotive",347,70,10,2,11.320000,1.410000,0.610000,"L94","C",85,1.530000,183.460000,0.280000,2,0.890000,625,13.620000,0.780000,"2024-10-02",100.880000,0.848000
"ITM10892","Apparel",26,23,14,7,17.600000,7.960000,0.310000,"L67","A",63,4.170000,123.580000,1.260000,9,0.760000,645,4.640000,0.370000,"2024-11-11",92.030000,0.382000
"ITM10893","Pharma",225,61,8,6,28.520000,4.820000,0.860000,"L84","A",38,2.540000,170.790000,0.810000,4,0.920000,634,7.820000,0.930000,"2024-03-19",157.990000,0.713000
"ITM10894","Electronics",459,15,10,4,30.060000,5.180000,0.870000,"L35","B",147,2.590000,54.060000,1.900000,2,0.790000,621,6.950000,0.920000,"2024-05-22",168.560000,0.605000
"ITM10895","Automotive",394,19,5,3,19.240000,2.270000,0.760000,"L79","B",36,1.730000,164.800000,1.080000,4,0.780000,915,8.370000,0.430000,"2024-02-12",32.280000,0.566000
"ITM10896","Electronics",470,80,12,9,14.720000,6.780000,0.650000,"L69","D",22,4.550000,52.120000,0.240000,3,0.820000,708,5.010000,0.270000,"2024-06-07",205.250000,0.601000
"ITM10897","Electronics",133,99,12,4,14.410000,5.740000,0.880000,"L100","B",51,0.900000,187.580000,1.310000,8,0.700000,96,7.480000,0.690000,"2024-02-10",131.800000,0.487000
"ITM10898","Electronics",291,39,3,3,9.560000,2.460000,0.250000,"L62","D",174,1.150000,72.690000,1.580000,5,0.990000,272,3.040000,0.560000,"2024-09-18",267.960000,0.493000
"ITM10899","Groceries",102,30,8,9,16.940000,3.730000,0.940000,"L60","B",30,3.360000,42.650000,0.400000,9,0.860000,207,10.930000,0.310000,"2024-04-14",266.800000,0.560000
"ITM10900","Groceries",198,69,3,8,10.770000,6.170000,0.950000,"L56","A",140,4.330000,38.150000,0.950000,1,0.930000,96,6.180000,0.630000,"2024-03-20",218.830000,0.679000
"ITM10901","Electronics",229,90,11,5,32.060000,9.290000,0.880000,"L94","C",145,0.930000,45.580000,1.510000,0,0.780000,850,8.590000,0.990000,"2024-10-01",257.600000,0.718000
"ITM10902","Automotive",483,83,4,2,28.880000,9.240000,0.330000,"L76","C",79,3.800000,95.030000,0.140000,0,0.920000,771,9.460000,0.260000,"2024-06-16",277.530000,0.748000
"ITM10903","Pharma",347,72,13,2,19.750000,3.240000,0.870000,"L35","D",154,3.840000,109.210000,0.160000,0,0.870000,582,12.710000,0.410000,"2024-07-19",177.430000,0.809000
"ITM10904","Pharma",143,51,4,5,16.970000,7.490000,0.550000,"L42","C",19,3.120000,183.620000,1.390000,8,0.830000,400,2.140000,0.630000,"2024-10-27",291.850000,0.422000
"ITM10905","Apparel",132,60,9,6,12.640000,7.870000,0.640000,"L32","C",150,2.690000,82.390000,1.480000,4,0.990000,368,7.760000,0.830000,"2024-11-20",287.070000,0.639000
"ITM10906","Automotive",31,73,4,5,27.240000,8.180000,0.860000,"L12","B",115,1.940000,51.320000,1.710000,3,0.850000,280,13.520000,0.220000,"2024-11-28",41.870000,0.563000
"ITM10907","Groceries",145,85,12,8,46.030000,5.920000,0.130000,"L36","A",21,2.080000,151.330000,0.860000,9,0.900000,347,5.620000,0.790000,"2024-12-14",161.600000,0.547000
"ITM10908","Electronics",72,65,10,7,34.600000,0.600000,0.430000,"L58","C",137,3.530000,35.580000,0.840000,4,0.700000,494,7.220000,0.310000,"2024-11-25",43.200000,0.534000
"ITM10909","Apparel",350,89,8,5,37.480000,7.740000,0.830000,"L32","A",160,0.790000,179.530000,1.150000,8,0.790000,154,2.190000,0.860000,"2024-02-03",208.400000,0.484000
"ITM10910","Pharma",408,50,9,3,41.880000,1.510000,0.830000,"L97","B",137,3.130000,87.790000,1.540000,2,0.970000,687,11.510000,0.750000,"2024-06-07",231.930000,0.703000
"ITM10911","Groceries",302,41,9,7,18.230000,1.610000,0.860000,"L60","B",70,1.750000,126.630000,1.320000,2,0.930000,932,2.190000,0.570000,"2024-12-23",266.560000,0.557000
"ITM10912","Groceries",159,24,8,5,4.080000,6.250000,0.250000,"L73","C",35,2.600000,45.380000,0.720000,1,0.860000,348,9.830000,0.860000,"2024-08-11",198.500000,0.783000
"ITM10913","Electronics",420,71,12,2,31.510000,9.840000,0.740000,"L79","C",24,3.020000,37.650000,0.760000,7,0.970000,117,6.240000,0.790000,"2024-05-02",141.660000,0.619000
"ITM10914","Pharma",409,36,13,4,10.240000,2.800000,0.230000,"L86","B",31,4.490000,161.780000,1.550000,6,0.850000,587,5.730000,0.810000,"2024-01-30",55.220000,0.533000
"ITM10915","Automotive",116,37,11,3,28.880000,6.640000,0.810000,"L49","B",98,3.110000,91.640000,1.120000,1,0.870000,722,9.200000,0.430000,"2024-05-05",46.280000,0.651000
"ITM10916","Groceries",24,90,11,8,37.240000,3.380000,0.320000,"L44","D",74,1.520000,197.480000,0.290000,3,0.810000,669,8.950000,0.700000,"2024-02-14",150.840000,0.732000
"ITM10917","Electronics",76,73,9,3,39.400000,9.040000,0.760000,"L4","D",163,0.860000,109.620000,0.390000,6,0.890000,850,6.680000,0.310000,"2024-08-10",251.440000,0.570000
"ITM10918","Automotive",431,68,11,9,15.790000,6.140000,0.510000,"L64","A",30,3.320000,170.670000,1.720000,0,0.800000,866,4.900000,0.860000,"2024-02-29",227.710000,0.625000
"ITM10919","Pharma",353,67,12,6,26.110000,2.470000,0.990000,"L42","B",161,2.950000,196.190000,2.000000,0,0.820000,645,8.110000,0.620000,"2024-08-20",265.430000,0.596000
"ITM10920","Groceries",88,11,5,4,31.430000,2.990000,0.620000,"L24","A",25,3.520000,63.420000,0.740000,7,0.990000,90,4.740000,0.860000,"2024-11-09",245.190000,0.619000
"ITM10921","Automotive",137,45,5,3,41.150000,4.610000,0.670000,"L63","B",169,2.570000,162.170000,0.830000,5,0.730000,249,2.440000,0.370000,"2024-11-07",69.590000,0.470000
"ITM10922","Automotive",395,80,3,9,38.310000,1.660000,0.430000,"L28","A",25,4.210000,14.180000,0.390000,1,0.730000,597,12.190000,0.300000,"2024-01-29",68.090000,0.710000
"ITM10923","Automotive",78,22,7,5,49.410000,1.250000,0.760000,"L46","D",51,4.640000,139.150000,0.550000,9,0.710000,912,10.830000,0.750000,"2024-06-07",142.820000,0.601000
"ITM10924","Groceries",52,24,6,3,1.400000,6.960000,0.550000,"L34","B",169,0.680000,151.590000,0.910000,9,0.800000,424,2.180000,0.250000,"2024-12-07",65.440000,0.368000
"ITM10925","Groceries",337,98,4,3,22.440000,4.370000,0.120000,"L44","B",50,3.850000,100.700000,0.640000,0,0.820000,455,3.280000,0.400000,"2024-12-02",64.370000,0.624000
"ITM10926","Apparel",69,96,11,3,13.550000,7.400000,0.650000,"L36","A",117,0.660000,40.800000,1.430000,2,0.730000,283,2.400000,0.930000,"2024-03-30",87.660000,0.581000
"ITM10927","Pharma",387,69,5,6,6.870000,1.550000,0.850000,"L77","A",134,2.500000,127.180000,1.120000,3,0.860000,557,12.070000,0.310000,"2024-03-02",16.540000,0.623000
"ITM10928","Electronics",38,31,10,3,45.660000,6.290000,0.310000,"L90","C",161,2.580000,180.530000,1.660000,4,0.870000,291,11.820000,0.500000,"2024-01-07",175.690000,0.586000
"ITM10929","Automotive",233,72,8,3,49.900000,4.710000,0.300000,"L36","C",22,3.630000,186.950000,1.480000,9,0.930000,992,6.710000,0.960000,"2024-12-28",125.020000,0.539000
"ITM10930","Apparel",216,99,7,6,9.850000,1.050000,0.650000,"L72","D",88,2.090000,151.760000,0.340000,2,0.990000,388,12.500000,0.220000,"2024-03-11",78.840000,0.735000
"ITM10931","Electronics",398,84,3,9,2.880000,5.680000,0.840000,"L2","B",147,4.190000,60.110000,0.330000,4,0.890000,69,14.640000,0.560000,"2024-12-25",48.920000,0.772000
"ITM10932","Apparel",469,83,6,7,14.480000,1.290000,0.320000,"L67","B",51,2.040000,175.360000,1.800000,6,0.730000,904,14.590000,0.830000,"2024-01-06",142.200000,0.607000
"ITM10933","Groceries",497,34,5,4,41.910000,8.360000,0.940000,"L25","A",178,2.040000,178.880000,1.660000,8,0.730000,713,14.730000,0.930000,"2024-03-24",184.570000,0.602000
"ITM10934","Automotive",66,57,3,9,15.400000,6.500000,0.930000,"L11","D",130,1.500000,79.780000,0.990000,4,0.930000,943,12.850000,0.790000,"2024-09-11",292.250000,0.736000
"ITM10935","Electronics",186,52,14,8,3.790000,5.790000,0.280000,"L31","B",140,3.580000,44.770000,0.350000,3,0.900000,220,4.040000,0.910000,"2024-06-26",83.610000,0.721000
"ITM10936","Electronics",471,47,7,7,3.570000,1.770000,0.340000,"L93","D",25,0.840000,176.190000,1.810000,9,0.750000,265,1.800000,0.230000,"2024-09-24",17.640000,0.259000
"ITM10937","Electronics",308,50,8,2,21.940000,3.230000,0.730000,"L53","C",53,2.130000,178.170000,0.540000,8,0.780000,917,12.360000,0.280000,"2024-09-21",223.440000,0.563000
"ITM10938","Electronics",160,54,4,6,46.660000,5.180000,0.960000,"L63","A",167,1.700000,29.170000,0.170000,7,0.930000,890,5.320000,0.790000,"2024-05-12",78.200000,0.658000
"ITM10939","Electronics",103,97,5,6,15.010000,6.520000,0.740000,"L72","B",130,1.530000,193.730000,1.860000,4,0.870000,793,5.730000,0.800000,"2024-03-26",150.440000,0.544000
"ITM10940","Apparel",201,49,13,3,21.930000,2.240000,0.500000,"L98","A",174,0.770000,111.290000,1.640000,8,0.880000,65,2.020000,0.680000,"2024-07-09",244.390000,0.415000
"ITM10941","Automotive",410,26,8,3,5.990000,0.580000,0.250000,"L31","C",33,1.360000,198.810000,1.420000,8,0.760000,332,11.010000,0.780000,"2024-03-05",20.720000,0.553000
"ITM10942","Groceries",98,97,6,8,25.190000,3.780000,0.510000,"L89","D",35,2.510000,94.550000,0.160000,0,0.890000,350,7.030000,0.890000,"2024-05-17",51.040000,0.834000
"ITM10943","Groceries",234,66,11,2,35.130000,5.090000,0.650000,"L61","D",67,2.770000,111.320000,1.100000,5,0.930000,214,3.860000,0.640000,"2024-03-01",38.470000,0.555000
"ITM10944","Groceries",33,11,7,3,14.290000,2.250000,0.400000,"L83","C",18,1.710000,60.560000,1.340000,4,0.970000,830,10.130000,0.960000,"2024-01-16",77.780000,0.707000
"ITM10945","Groceries",234,71,6,5,15.540000,5.180000,0.560000,"L92","C",135,3.430000,180.800000,1.540000,5,0.920000,740,14.720000,0.760000,"2024-06-20",60.180000,0.678000
"ITM10946","Apparel",422,97,4,3,42.260000,3.720000,0.220000,"L63","B",28,2.010000,94.310000,1.000000,9,0.870000,307,7.980000,0.580000,"2024-08-07",101.810000,0.516000
"ITM10947","Pharma",147,18,8,3,1.510000,4.820000,0.510000,"L58","B",37,2.150000,164.780000,1.910000,2,0.900000,637,9.490000,0.540000,"2024-05-19",226.430000,0.584000
"ITM10948","Automotive",329,77,12,5,32.190000,3.800000,0.180000,"L3","B",144,4.020000,25.150000,0.570000,2,0.850000,666,3.280000,0.800000,"2024-09-25",22.280000,0.677000
"ITM10949","Electronics",496,90,4,2,20.300000,6.470000,0.140000,"L12","B",54,2.980000,159.770000,0.230000,9,0.770000,402,3.250000,0.700000,"2024-02-02",31.390000,0.534000
"ITM10950","Pharma",267,26,14,5,15.620000,0.910000,0.870000,"L38","B",137,4.790000,103.150000,0.730000,4,0.960000,136,7.420000,0.850000,"2024-05-14",173.650000,0.708000
"ITM10951","Groceries",423,59,9,6,33.220000,2.120000,0.280000,"L29","D",103,2.120000,11.030000,1.360000,6,0.860000,876,12.830000,0.820000,"2024-12-30",160.880000,0.651000
"ITM10952","Pharma",48,49,5,5,41.900000,4.610000,0.620000,"L52","B",174,4.230000,52.990000,1.500000,3,0.880000,575,13.730000,0.620000,"2024-10-22",147.480000,0.673000
"ITM10953","Automotive",299,67,11,4,28.360000,3.880000,0.230000,"L89","C",25,3.820000,46.810000,1.500000,5,1.000000,920,9.980000,0.960000,"2024-11-17",159.610000,0.675000
"ITM10954","Electronics",357,84,13,6,2.520000,4.220000,0.340000,"L32","C",14,4.510000,152.840000,0.310000,4,1.000000,994,6.050000,0.760000,"2024-02-09",225.190000,0.722000
"ITM10955","Electronics",338,94,7,3,23.610000,8.140000,0.430000,"L40","B",166,4.810000,100.670000,1.780000,1,0.880000,847,11.500000,0.360000,"2024-09-11",177.070000,0.603000
"ITM10956","Automotive",221,30,10,8,23.680000,8.920000,0.230000,"L85","C",61,0.530000,40.350000,0.630000,0,0.710000,808,5.090000,0.690000,"2024-08-21",142.520000,0.685000
"ITM10957","Automotive",380,27,13,6,27.650000,2.860000,0.140000,"L75","A",160,0.900000,58.790000,0.500000,5,0.820000,927,4.070000,0.360000,"2024-09-18",33.710000,0.540000
"ITM10958","Groceries",76,64,8,2,33.880000,8.450000,0.890000,"L48","D",15,3.530000,105.770000,1.270000,4,0.980000,802,12.140000,0.650000,"2024-07-03",292.680000,0.681000
"ITM10959","Electronics",411,38,14,2,1.950000,4.860000,0.110000,"L61","D",173,2.260000,13.730000,0.500000,8,0.790000,915,11.520000,0.830000,"2024-01-29",79.410000,0.668000
"ITM10960","Pharma",237,33,12,5,25.600000,3.100000,0.160000,"L71","B",170,4.190000,90.580000,1.070000,6,1.000000,58,13.350000,0.850000,"2024-09-12",262.060000,0.721000
"ITM10961","Apparel",81,83,10,6,29.830000,9.860000,0.820000,"L68","A",58,0.550000,138.830000,0.870000,0,0.730000,512,9.070000,0.720000,"2024-10-17",119.900000,0.724000
"ITM10962","Apparel",176,26,13,3,17.820000,8.340000,0.350000,"L45","B",178,4.130000,108.370000,0.540000,9,0.870000,585,13.550000,0.830000,"2024-03-26",208.340000,0.687000
"ITM10963","Automotive",221,27,14,2,33.750000,9.950000,0.750000,"L55","B",89,1.110000,123.640000,0.650000,5,0.850000,673,1.370000,0.580000,"2024-07-07",141.700000,0.539000
"ITM10964","Groceries",36,51,5,7,12.180000,2.100000,0.230000,"L96","C",107,1.810000,72.060000,0.910000,6,0.780000,346,4.550000,0.640000,"2024-03-21",112.710000,0.534000
"ITM10965","Apparel",341,93,5,3,16.550000,1.870000,0.310000,"L71","D",116,4.860000,44.780000,0.760000,2,0.980000,266,12.260000,0.900000,"2024-05-10",188.150000,0.823000
"ITM10966","Electronics",25,54,7,7,48.180000,5.280000,0.620000,"L43","A",163,0.730000,163.850000,0.820000,8,0.890000,277,6.930000,0.590000,"2024-02-22",165.470000,0.546000
"ITM10967","Automotive",77,91,13,4,18.060000,6.570000,0.990000,"L46","C",46,2.070000,182.070000,1.500000,1,0.770000,81,4.350000,0.480000,"2024-10-20",77.410000,0.538000
"ITM10968","Pharma",344,26,12,7,17.980000,2.130000,0.170000,"L90","D",125,0.880000,107.040000,0.420000,0,0.820000,480,12.150000,0.840000,"2024-12-11",107.510000,0.852000
"ITM10969","Automotive",431,82,5,9,30.190000,8.670000,0.460000,"L59","D",26,4.340000,67.960000,1.290000,9,0.920000,838,12.510000,0.240000,"2024-02-29",19.970000,0.490000
"ITM10970","Pharma",337,23,10,2,48.580000,5.550000,0.140000,"L35","B",41,3.660000,107.130000,1.390000,9,0.790000,219,7.390000,0.970000,"2024-04-26",66.140000,0.532000
"ITM10971","Automotive",188,58,12,5,49.170000,4.400000,0.280000,"L40","A",165,4.100000,177.010000,1.620000,8,0.960000,280,7.530000,0.470000,"2024-09-17",107.390000,0.464000
"ITM10972","Automotive",472,38,14,4,29.400000,6.220000,0.920000,"L33","B",34,2.870000,141.370000,1.710000,6,0.750000,119,11.930000,0.700000,"2024-01-02",291.920000,0.558000
"ITM10973","Automotive",101,13,10,6,1.050000,6.530000,0.190000,"L30","C",31,2.110000,173.140000,0.400000,9,0.780000,160,11.800000,0.750000,"2024-01-23",162.860000,0.643000
"ITM10974","Pharma",493,91,4,3,45.130000,0.910000,0.870000,"L16","B",70,0.510000,72.390000,0.360000,0,0.740000,138,13.130000,0.310000,"2024-01-07",213.230000,0.749000
"ITM10975","Pharma",487,29,14,2,28.940000,10.000000,0.260000,"L93","B",135,1.750000,145.280000,1.270000,3,0.730000,51,10.040000,0.860000,"2024-05-05",205.340000,0.665000
"ITM10976","Automotive",444,56,6,4,18.930000,3.960000,0.880000,"L25","D",53,2.820000,134.080000,1.540000,9,0.790000,976,3.600000,0.660000,"2024-01-24",294.460000,0.404000
"ITM10977","Apparel",452,18,12,4,41.630000,1.080000,0.580000,"L41","D",111,3.490000,118.610000,0.620000,2,1.000000,105,8.700000,0.460000,"2024-08-29",171.140000,0.706000
"ITM10978","Groceries",238,86,3,9,20.590000,8.600000,0.890000,"L16","C",29,1.530000,110.360000,1.100000,6,0.730000,719,6.350000,0.880000,"2024-07-05",179.790000,0.577000
"ITM10979","Groceries",196,88,6,2,2.670000,9.930000,0.240000,"L96","D",118,1.130000,114.690000,1.570000,4,0.760000,320,1.380000,0.700000,"2024-07-15",97.020000,0.473000
"ITM10980","Groceries",223,36,14,6,41.230000,8.260000,0.790000,"L69","D",97,1.410000,171.440000,1.560000,8,0.780000,323,3.750000,0.830000,"2024-03-17",191.570000,0.456000
"ITM10981","Pharma",90,24,13,6,27.750000,8.590000,0.710000,"L98","D",56,2.090000,184.040000,1.340000,2,0.890000,593,3.880000,0.990000,"2024-04-01",229.740000,0.654000
"ITM10982","Pharma",406,28,6,5,17.570000,6.450000,0.590000,"L89","B",60,1.170000,31.440000,0.250000,5,0.920000,319,2.150000,0.300000,"2024-01-19",39.940000,0.548000
"ITM10983","Apparel",285,99,12,8,13.290000,9.260000,0.830000,"L24","A",48,1.210000,118.070000,0.200000,9,0.930000,239,7.350000,0.800000,"2024-10-10",149.240000,0.644000
"ITM10984","Groceries",117,61,11,7,30.100000,0.840000,0.680000,"L25","C",23,0.700000,184.500000,0.840000,1,0.700000,771,8.110000,0.810000,"2024-12-01",132.350000,0.706000
"ITM10985","Groceries",364,35,5,6,11.190000,7.780000,0.890000,"L28","B",30,4.360000,35.600000,0.150000,2,0.900000,532,5.760000,0.900000,"2024-08-02",42.940000,0.782000
"ITM10986","Automotive",310,98,4,9,16.870000,6.870000,0.440000,"L95","C",152,1.490000,88.440000,1.820000,3,0.890000,357,6.770000,0.530000,"2024-04-24",108.970000,0.532000
"ITM10987","Pharma",227,35,11,5,32.190000,0.970000,0.630000,"L62","B",109,4.200000,26.930000,0.140000,5,0.860000,71,8.690000,0.900000,"2024-06-13",165.200000,0.754000
"ITM10988","Groceries",21,35,11,7,44.200000,5.670000,0.880000,"L36","C",106,2.470000,31.560000,0.160000,0,0.810000,63,2.690000,0.710000,"2024-05-07",198.460000,0.724000
"ITM10989","Apparel",143,55,3,4,27.110000,5.390000,0.290000,"L93","D",10,3.350000,181.780000,0.410000,5,0.940000,535,8.870000,0.260000,"2024-08-01",93.780000,0.617000
"ITM10990","Apparel",299,58,8,2,38.200000,7.070000,0.540000,"L76","C",118,0.840000,94.770000,1.290000,3,0.800000,767,10.940000,0.230000,"2024-06-12",148.130000,0.563000
"ITM10991","Groceries",93,91,12,6,38.390000,1.240000,0.960000,"L98","A",91,3.130000,140.860000,1.130000,7,0.770000,595,13.250000,0.590000,"2024-05-18",222.880000,0.596000
"ITM10992","Pharma",185,62,10,5,33.550000,8.150000,0.530000,"L68","C",147,1.800000,36.390000,1.350000,8,0.790000,903,5.220000,0.830000,"2024-02-09",132.450000,0.499000
"ITM10993","Apparel",41,12,5,4,13.050000,1.820000,0.330000,"L77","A",160,0.930000,14.170000,1.800000,7,0.830000,513,11.460000,0.510000,"2024-10-19",282.820000,0.501000
"ITM10994","Automotive",173,75,13,6,43.470000,4.480000,0.420000,"L37","C",27,4.590000,179.190000,0.960000,7,0.760000,617,9.480000,0.880000,"2024-07-09",18.900000,0.618000
"ITM10995","Apparel",446,51,11,3,22.380000,8.870000,0.900000,"L13","D",67,3.220000,119.160000,0.180000,1,0.880000,801,8.040000,0.590000,"2024-03-02",85.470000,0.763000
"ITM10996","Electronics",458,28,4,8,3.170000,5.830000,0.960000,"L25","C",135,1.590000,13.800000,1.550000,9,0.970000,998,13.870000,0.220000,"2024-09-14",48.680000,0.488000
"ITM10997","Electronics",314,26,8,4,12.990000,4.110000,0.960000,"L38","B",82,2.390000,198.540000,1.640000,1,0.880000,482,9.680000,0.980000,"2024-12-10",166.970000,0.717000
"ITM10998","Pharma",238,42,3,9,38.510000,0.960000,0.730000,"L30","D",119,2.110000,103.520000,0.190000,5,0.830000,624,6.120000,0.590000,"2024-01-27",61.440000,0.647000
"ITM10999","Groceries",176,85,9,9,4.390000,6.890000,0.560000,"L47","D",61,3.650000,100.420000,0.560000,4,0.940000,449,10.980000,0.720000,"2024-04-01",225.130000,0.742000
"ITM11000","Pharma",249,58,5,6,8.220000,9.870000,0.260000,"L23","B",55,3.230000,127.970000,1.560000,5,0.920000,641,14.440000,0.360000,"2024-04-24",276.320000,0.593000
"ITM11001","Pharma",39,65,9,9,35.020000,9.160000,0.210000,"L39","D",116,0.590000,11.500000,0.810000,8,0.810000,601,13.850000,0.440000,"2024-09-21",70.090000,0.594000
"ITM11002","Pharma",494,72,6,4,44.740000,7.310000,0.150000,"L2","D",22,1.390000,118.140000,1.000000,9,0.880000,855,14.720000,0.590000,"2024-01-24",272.960000,0.610000
"ITM11003","Pharma",60,12,11,2,32.050000,1.500000,0.120000,"L91","B",105,2.650000,129.600000,1.660000,6,0.920000,963,2.330000,0.880000,"2024-07-24",193.210000,0.505000
"ITM11004","Automotive",457,58,7,2,11.890000,2.770000,0.890000,"L69","D",26,2.500000,66.420000,0.280000,4,0.770000,328,7.210000,0.280000,"2024-02-05",66.890000,0.598000
"ITM11005","Automotive",167,64,5,8,3.620000,2.280000,0.830000,"L17","D",76,2.830000,148.100000,1.390000,9,0.810000,817,7.060000,0.820000,"2024-08-26",223.600000,0.501000
"ITM11006","Apparel",127,35,10,2,31.140000,3.880000,0.610000,"L36","D",70,3.720000,81.710000,0.510000,6,0.730000,159,6.370000,0.660000,"2024-05-24",36.350000,0.592000
"ITM11007","Electronics",422,81,8,7,3.320000,2.740000,1.000000,"L6","D",74,3.570000,146.380000,0.220000,7,1.000000,97,3.500000,0.600000,"2024-06-08",210.720000,0.605000
"ITM11008","Pharma",103,61,4,3,31.020000,2.820000,0.960000,"L7","C",142,2.180000,37.330000,1.360000,0,0.730000,793,12.650000,0.900000,"2024-06-16",259.770000,0.759000
"ITM11009","Apparel",386,16,5,2,12.050000,6.360000,0.690000,"L71","D",169,4.450000,183.600000,0.330000,9,0.750000,131,10.420000,0.290000,"2024-02-14",285.610000,0.534000
"ITM11010","Electronics",341,55,10,9,45.330000,3.530000,0.520000,"L38","D",98,0.780000,177.100000,1.520000,6,0.840000,735,9.480000,0.990000,"2024-10-10",25.810000,0.620000
"ITM11011","Groceries",433,55,12,3,24.280000,6.930000,0.240000,"L90","D",65,3.130000,38.620000,0.490000,3,0.960000,674,7.260000,0.880000,"2024-08-21",27.960000,0.756000
"ITM11012","Automotive",328,25,9,2,11.970000,9.500000,0.560000,"L17","C",14,4.770000,188.310000,0.190000,4,0.810000,327,6.440000,0.460000,"2024-01-05",279.820000,0.641000
"ITM11013","Electronics",309,33,12,7,42.800000,6.570000,0.240000,"L82","A",110,2.970000,115.980000,0.290000,1,0.930000,430,12.010000,0.560000,"2024-07-07",238.980000,0.809000
"ITM11014","Groceries",425,70,8,9,13.450000,7.640000,0.460000,"L97","D",96,2.550000,143.310000,1.700000,9,0.900000,359,8.380000,0.220000,"2024-04-12",234.540000,0.386000
"ITM11015","Electronics",342,63,3,4,16.020000,7.640000,0.950000,"L63","A",171,1.100000,169.660000,0.800000,4,0.890000,601,9.510000,0.620000,"2024-05-29",225.360000,0.669000
"ITM11016","Automotive",153,71,11,6,41.880000,3.640000,0.410000,"L14","A",70,4.150000,25.880000,0.670000,8,0.950000,591,2.400000,0.640000,"2024-10-15",218.030000,0.523000
"ITM11017","Automotive",226,10,5,6,16.130000,0.640000,0.240000,"L2","B",78,2.180000,42.160000,1.030000,0,0.700000,816,7.600000,0.940000,"2024-06-04",187.830000,0.726000
"ITM11018","Apparel",302,58,7,2,21.100000,1.020000,0.620000,"L74","B",72,3.660000,65.170000,1.300000,2,0.980000,289,2.820000,0.510000,"2024-11-14",245.690000,0.566000
"ITM11019","Pharma",285,34,9,6,18.040000,3.180000,0.640000,"L37","A",53,1.390000,100.670000,0.170000,3,0.950000,232,1.750000,0.660000,"2024-05-04",19.910000,0.668000
"ITM11020","Electronics",92,19,9,2,6.700000,7.050000,0.270000,"L61","C",37,0.690000,75.750000,1.810000,8,0.980000,233,10.650000,0.790000,"2024-08-25",224.690000,0.555000
"ITM11021","Electronics",371,89,5,2,2.910000,9.110000,0.280000,"L62","D",22,1.870000,106.110000,1.920000,1,0.940000,603,4.850000,0.690000,"2024-07-07",179.050000,0.579000
"ITM11022","Groceries",67,25,6,9,36.500000,9.610000,0.990000,"L57","D",39,1.770000,45.320000,0.890000,6,0.960000,987,14.510000,0.320000,"2024-10-29",273.160000,0.640000
"ITM11023","Automotive",345,67,12,8,32.610000,0.750000,0.320000,"L44","D",163,4.430000,139.610000,0.880000,8,0.760000,515,9.480000,0.340000,"2024-09-09",281.550000,0.498000
"ITM11024","Electronics",252,81,9,5,14.840000,9.910000,0.850000,"L24","B",72,4.390000,20.590000,1.770000,9,0.800000,688,10.030000,0.310000,"2024-04-10",79.990000,0.399000
"ITM11025","Automotive",462,38,10,5,15.480000,3.560000,0.520000,"L7","B",82,2.900000,78.680000,0.920000,3,0.790000,486,3.760000,0.370000,"2024-10-06",238.940000,0.530000
"ITM11026","Electronics",119,15,4,8,47.310000,8.510000,0.490000,"L33","D",66,0.590000,44.020000,1.730000,4,0.730000,643,2.800000,0.460000,"2024-05-05",287.530000,0.422000
"ITM11027","Apparel",78,25,11,5,49.400000,2.210000,0.370000,"L62","A",73,1.530000,148.690000,0.150000,9,0.920000,282,8.360000,0.790000,"2024-03-18",87.330000,0.658000
"ITM11028","Pharma",277,29,9,3,24.200000,1.100000,0.800000,"L15","B",61,3.380000,177.890000,1.030000,3,0.740000,870,13.960000,0.250000,"2024-01-04",256.810000,0.621000
"ITM11029","Electronics",432,89,10,5,40.320000,4.090000,0.890000,"L9","D",72,0.960000,24.970000,1.910000,6,0.720000,753,1.780000,0.860000,"2024-07-28",180.090000,0.429000
"ITM11030","Automotive",471,80,8,2,37.100000,8.660000,0.340000,"L52","A",150,3.650000,159.160000,0.580000,7,0.930000,50,8.110000,0.410000,"2024-01-13",124.550000,0.578000
"ITM11031","Apparel",84,87,8,7,15.570000,2.600000,0.190000,"L63","D",102,0.550000,180.190000,0.610000,7,0.970000,554,3.780000,0.690000,"2024-04-29",248.850000,0.581000
"ITM11032","Electronics",102,52,11,7,3.870000,1.960000,0.220000,"L10","B",116,3.570000,195.050000,1.300000,2,0.930000,411,11.950000,0.640000,"2024-10-04",262.390000,0.703000
"ITM11033","Groceries",173,35,6,4,7.990000,9.140000,0.810000,"L74","C",118,4.300000,120.080000,1.860000,1,0.950000,768,10.550000,0.320000,"2024-06-26",91.970000,0.589000
"ITM11034","Pharma",492,99,13,9,42.080000,9.410000,0.490000,"L81","C",97,2.610000,72.200000,0.480000,5,0.880000,758,2.360000,0.430000,"2024-11-21",240.390000,0.545000
"ITM11035","Electronics",285,87,13,5,36.830000,0.620000,0.220000,"L88","B",54,4.230000,71.170000,1.850000,0,0.970000,332,9.630000,0.440000,"2024-12-21",24.400000,0.625000
"ITM11036","Apparel",328,80,7,7,33.550000,7.410000,0.410000,"L7","A",117,4.020000,82.000000,1.360000,8,0.850000,578,14.770000,0.700000,"2024-01-05",131.120000,0.611000
"ITM11037","Groceries",98,42,11,5,7.400000,3.440000,0.560000,"L20","D",55,3.520000,126.410000,1.990000,6,1.000000,880,8.390000,0.830000,"2024-06-20",30.240000,0.559000
"ITM11038","Apparel",334,35,3,9,32.360000,4.060000,0.870000,"L20","B",86,2.500000,103.140000,1.500000,7,0.730000,945,5.000000,1.000000,"2024-01-01",95.210000,0.523000
"ITM11039","Apparel",169,54,6,4,38.840000,4.960000,0.680000,"L73","A",178,1.720000,134.190000,1.370000,6,0.940000,218,3.130000,0.280000,"2024-12-02",285.610000,0.429000
"ITM11040","Groceries",454,93,9,7,43.170000,4.550000,0.260000,"L39","D",55,4.370000,17.470000,1.650000,4,0.890000,938,14.850000,0.950000,"2024-07-11",223.070000,0.721000
"ITM11041","Apparel",67,72,13,2,1.650000,5.390000,0.240000,"L11","D",138,3.420000,30.120000,0.430000,4,0.870000,235,8.890000,0.650000,"2024-06-06",229.120000,0.700000
"ITM11042","Groceries",424,76,11,3,34.540000,6.030000,0.470000,"L32","B",101,4.090000,195.540000,1.900000,6,0.920000,171,6.250000,0.490000,"2024-02-23",49.000000,0.455000
"ITM11043","Electronics",398,61,13,8,1.940000,4.920000,0.170000,"L16","D",21,2.980000,199.120000,0.410000,6,0.950000,490,4.000000,0.430000,"2024-04-15",177.820000,0.568000
"ITM11044","Groceries",267,77,14,8,35.640000,7.160000,0.780000,"L72","C",97,1.270000,151.870000,0.150000,1,0.960000,785,14.300000,0.370000,"2024-09-28",122.760000,0.822000
"ITM11045","Groceries",297,35,12,8,32.150000,7.330000,0.460000,"L98","C",82,4.910000,58.720000,1.430000,1,0.750000,688,9.780000,0.650000,"2024-05-01",222.910000,0.647000
"ITM11046","Pharma",375,84,8,5,8.270000,4.680000,0.410000,"L54","D",172,1.320000,191.140000,0.450000,6,0.760000,727,1.810000,0.960000,"2024-08-02",55.550000,0.603000
"ITM11047","Groceries",117,11,14,7,38.540000,1.850000,0.560000,"L78","B",111,4.600000,50.600000,1.540000,4,0.700000,523,1.830000,0.350000,"2024-09-08",91.760000,0.400000
"ITM11048","Groceries",433,23,10,9,4.350000,6.590000,0.740000,"L77","D",108,1.440000,148.970000,1.610000,1,0.740000,171,14.150000,0.550000,"2024-01-31",270.590000,0.666000
"ITM11049","Electronics",44,39,11,9,41.490000,7.840000,0.610000,"L80","B",170,2.180000,31.900000,0.550000,0,0.780000,883,10.940000,0.360000,"2024-03-13",59.240000,0.719000
"ITM11050","Pharma",303,58,12,7,13.830000,6.560000,0.820000,"L29","B",67,2.480000,133.290000,0.260000,8,0.920000,781,2.450000,0.340000,"2024-12-30",193.400000,0.499000
"ITM11051","Automotive",468,21,6,4,34.750000,6.090000,0.670000,"L100","C",137,4.650000,154.310000,1.050000,7,0.840000,990,9.730000,0.890000,"2024-05-23",101.390000,0.631000
"ITM11052","Electronics",388,99,3,2,46.260000,2.680000,0.810000,"L67","C",126,4.500000,173.330000,1.790000,1,0.930000,840,6.870000,0.410000,"2024-02-17",33.750000,0.561000
"ITM11053","Electronics",320,53,10,6,17.650000,6.630000,0.730000,"L49","A",44,4.200000,149.520000,1.710000,1,0.850000,709,12.040000,0.400000,"2024-01-23",74.870000,0.620000
"ITM11054","Automotive",87,42,4,7,25.640000,3.680000,0.270000,"L58","B",93,2.200000,185.460000,0.320000,2,0.870000,341,4.830000,0.930000,"2024-04-28",262.130000,0.752000
"ITM11055","Groceries",26,22,13,3,23.690000,9.240000,0.150000,"L57","D",75,0.520000,108.980000,1.930000,3,0.730000,987,6.360000,0.510000,"2024-09-23",274.060000,0.480000
"ITM11056","Apparel",324,87,3,4,8.720000,6.710000,0.910000,"L39","B",35,3.570000,138.710000,0.600000,8,0.930000,296,3.340000,0.210000,"2024-07-30",131.750000,0.453000
"ITM11057","Pharma",156,97,9,7,29.930000,3.140000,0.950000,"L76","C",51,2.350000,80.210000,0.760000,5,0.930000,967,4.530000,0.780000,"2024-12-24",190.060000,0.626000
"ITM11058","Apparel",183,35,14,7,37.410000,4.990000,0.750000,"L55","B",86,3.910000,11.970000,0.380000,2,0.790000,237,3.650000,0.610000,"2024-07-09",160.940000,0.651000
"ITM11059","Automotive",102,30,12,4,45.930000,8.540000,0.750000,"L40","A",39,4.080000,153.770000,0.820000,7,0.800000,572,1.340000,0.820000,"2024-08-22",91.110000,0.520000
"ITM11060","Electronics",404,37,11,4,42.690000,3.690000,0.340000,"L73","D",125,2.480000,175.270000,1.310000,5,0.770000,333,1.650000,0.660000,"2024-02-13",109.990000,0.477000
"ITM11061","Electronics",157,57,13,5,25.990000,5.490000,0.590000,"L80","B",169,3.870000,43.050000,1.060000,7,0.940000,606,12.700000,0.480000,"2024-10-24",162.780000,0.607000
"ITM11062","Pharma",439,49,14,7,36.230000,6.960000,0.990000,"L8","D",45,4.280000,15.440000,1.670000,9,0.920000,173,12.250000,0.250000,"2024-02-18",211.650000,0.450000
"ITM11063","Electronics",92,75,14,6,40.240000,7.670000,0.870000,"L79","D",28,4.680000,41.260000,1.320000,1,0.880000,939,2.970000,0.890000,"2024-09-15",111.460000,0.642000
"ITM11064","Electronics",256,82,11,3,25.180000,2.150000,0.370000,"L95","C",31,3.120000,180.100000,0.600000,7,0.770000,296,10.350000,0.370000,"2024-03-09",212.690000,0.566000
"ITM11065","Pharma",65,96,5,2,6.660000,5.870000,0.370000,"L13","B",74,4.000000,66.150000,1.160000,4,0.750000,455,11.440000,0.980000,"2024-11-22",288.680000,0.703000
"ITM11066","Pharma",125,88,8,2,22.460000,9.170000,0.540000,"L98","D",66,2.730000,54.400000,0.220000,9,0.720000,386,1.720000,0.400000,"2024-07-20",17.120000,0.445000
"ITM11067","Automotive",435,86,9,6,42.280000,9.700000,0.460000,"L27","C",20,0.690000,12.770000,1.200000,3,0.710000,208,2.240000,0.860000,"2024-02-08",57.510000,0.564000
"ITM11068","Electronics",307,32,12,9,30.240000,6.730000,0.430000,"L81","A",35,1.200000,66.440000,0.840000,2,0.760000,316,8.880000,0.830000,"2024-10-30",275.720000,0.712000
"ITM11069","Electronics",281,90,11,4,36.500000,9.840000,0.660000,"L28","A",28,1.080000,145.970000,0.290000,8,0.730000,341,6.240000,0.570000,"2024-10-17",30.760000,0.554000
"ITM11070","Automotive",195,57,4,4,10.080000,5.920000,0.110000,"L34","B",92,1.270000,192.230000,0.680000,9,0.870000,639,10.790000,0.520000,"2024-02-01",231.860000,0.574000
"ITM11071","Groceries",185,11,10,9,48.250000,4.700000,0.790000,"L85","D",149,0.550000,69.420000,1.810000,6,0.810000,852,8.810000,0.760000,"2024-08-10",190.950000,0.530000
"ITM11072","Groceries",164,93,9,4,20.800000,5.740000,0.770000,"L11","B",76,4.360000,55.730000,1.210000,6,0.830000,944,1.430000,0.620000,"2024-12-05",23.830000,0.468000
"ITM11073","Groceries",349,29,6,9,33.030000,1.600000,0.850000,"L21","D",65,3.020000,178.730000,1.820000,5,0.880000,200,10.570000,0.710000,"2024-03-07",10.210000,0.577000
"ITM11074","Automotive",389,68,4,7,1.920000,4.320000,0.860000,"L31","C",27,2.220000,171.980000,0.880000,8,0.900000,334,3.850000,0.580000,"2024-05-01",155.580000,0.499000
"ITM11075","Electronics",302,55,10,9,7.240000,4.850000,0.610000,"L23","A",122,2.340000,72.350000,1.960000,2,0.890000,200,5.380000,0.650000,"2024-05-29",44.030000,0.544000
"ITM11076","Automotive",73,12,13,4,39.320000,8.560000,0.800000,"L71","A",14,2.590000,23.070000,0.780000,0,0.780000,173,11.310000,0.350000,"2024-05-13",262.940000,0.699000
"ITM11077","Automotive",197,64,7,4,48.430000,7.710000,0.540000,"L10","A",121,0.830000,198.480000,1.540000,6,0.940000,789,11.800000,0.240000,"2024-06-10",149.420000,0.519000
"ITM11078","Groceries",438,21,8,7,16.680000,6.210000,0.960000,"L21","A",161,1.740000,139.330000,0.680000,8,0.980000,321,5.840000,0.480000,"2024-07-20",77.990000,0.542000
"ITM11079","Apparel",263,49,13,9,2.820000,3.800000,0.270000,"L1","B",124,4.330000,186.050000,0.300000,5,0.790000,920,2.250000,0.570000,"2024-12-24",58.780000,0.572000
"ITM11080","Electronics",360,75,9,7,18.680000,2.280000,0.920000,"L53","D",175,3.850000,74.960000,1.680000,9,0.710000,389,11.780000,0.920000,"2024-06-16",252.370000,0.535000
"ITM11081","Groceries",146,87,12,6,1.860000,3.800000,0.330000,"L58","B",76,3.040000,133.060000,1.550000,1,0.970000,778,13.180000,0.530000,"2024-06-11",218.430000,0.701000
"ITM11082","Apparel",428,25,3,5,10.430000,6.960000,0.190000,"L89","C",79,2.660000,138.150000,1.660000,7,0.980000,708,14.500000,0.550000,"2024-08-19",218.210000,0.593000
"ITM11083","Apparel",431,92,10,7,37.870000,3.000000,0.500000,"L77","A",61,1.670000,175.850000,0.670000,8,0.720000,779,5.450000,0.740000,"2024-05-19",34.740000,0.538000
"ITM11084","Pharma",386,43,6,3,46.920000,4.560000,0.650000,"L61","D",136,2.620000,198.680000,1.440000,9,0.700000,657,2.730000,0.370000,"2024-04-29",191.110000,0.326000
"ITM11085","Electronics",290,53,11,4,5.290000,4.170000,0.310000,"L38","B",176,3.190000,30.650000,0.520000,7,0.940000,496,14.130000,0.900000,"2024-02-08",262.150000,0.764000
"ITM11086","Apparel",151,15,3,5,28.340000,7.770000,0.600000,"L5","D",163,3.710000,129.910000,0.120000,8,0.790000,611,6.600000,0.540000,"2024-04-13",232.110000,0.582000
"ITM11087","Groceries",112,86,13,2,13.440000,8.900000,0.830000,"L30","B",74,1.250000,73.920000,1.750000,0,0.970000,506,2.310000,0.940000,"2024-03-10",44.270000,0.638000
"ITM11088","Pharma",398,73,4,6,7.810000,7.140000,0.330000,"L37","D",89,4.160000,164.220000,1.090000,2,0.770000,604,7.980000,0.420000,"2024-10-26",285.290000,0.595000
"ITM11089","Electronics",92,31,8,9,11.730000,3.750000,0.620000,"L91","D",122,2.060000,153.290000,1.970000,2,0.960000,580,3.670000,0.570000,"2024-02-25",30.220000,0.518000
"ITM11090","Automotive",430,27,13,5,29.310000,4.620000,0.410000,"L37","A",120,2.760000,179.580000,0.830000,8,0.720000,162,5.970000,0.820000,"2024-03-20",171.500000,0.545000
"ITM11091","Groceries",429,21,12,7,4.190000,1.860000,0.580000,"L90","B",62,3.240000,75.300000,1.920000,2,0.780000,938,5.480000,0.640000,"2024-02-24",284.050000,0.525000
"ITM11092","Apparel",422,61,13,4,22.280000,2.100000,0.700000,"L59","C",146,2.700000,45.060000,1.270000,9,0.990000,774,14.820000,0.730000,"2024-03-25",248.450000,0.635000
"ITM11093","Apparel",267,60,3,4,7.630000,2.060000,0.420000,"L10","D",142,3.070000,14.140000,1.070000,0,0.770000,579,9.950000,0.420000,"2024-08-18",207.440000,0.664000
"ITM11094","Groceries",367,80,6,4,14.360000,1.740000,1.000000,"L88","C",125,1.000000,58.550000,0.680000,2,0.740000,695,7.890000,0.460000,"2024-08-26",258.340000,0.637000
"ITM11095","Apparel",292,57,10,5,10.350000,2.210000,0.610000,"L30","A",81,2.440000,79.760000,1.670000,1,0.960000,852,8.190000,0.610000,"2024-06-09",205.250000,0.636000
"ITM11096","Pharma",62,28,12,4,44.270000,2.430000,0.840000,"L34","C",30,1.760000,189.750000,1.670000,8,0.740000,575,9.460000,0.360000,"2024-07-27",25.940000,0.419000
"ITM11097","Electronics",396,15,7,7,35.690000,1.560000,0.750000,"L81","D",112,0.890000,103.360000,0.890000,0,0.730000,113,13.220000,0.300000,"2024-03-02",111.750000,0.693000
"ITM11098","Pharma",60,93,11,9,43.550000,6.580000,0.870000,"L76","D",116,1.360000,115.720000,1.480000,1,0.800000,442,3.040000,0.880000,"2024-10-01",133.870000,0.609000
"ITM11099","Apparel",189,36,13,5,19.790000,9.910000,0.260000,"L85","D",72,3.210000,177.220000,0.950000,0,0.890000,724,9.390000,0.820000,"2024-07-02",168.450000,0.772000
"ITM11100","Automotive",453,62,13,4,16.360000,8.850000,0.300000,"L26","B",157,1.390000,178.160000,1.510000,8,0.910000,819,5.510000,0.950000,"2024-04-16",76.600000,0.534000
"ITM11101","Electronics",231,57,8,2,19.650000,0.930000,0.540000,"L55","C",159,1.310000,110.300000,1.990000,6,0.960000,548,9.000000,0.670000,"2024-08-19",265.540000,0.527000
"ITM11102","Electronics",187,16,3,2,1.910000,4.520000,0.870000,"L15","B",86,2.990000,31.600000,0.600000,0,0.860000,567,8.250000,0.540000,"2024-06-06",76.320000,0.730000
"ITM11103","Groceries",58,68,8,3,36.510000,8.660000,0.280000,"L70","D",84,4.570000,61.400000,1.300000,9,0.820000,404,1.420000,0.280000,"2024-08-25",200.700000,0.329000
"ITM11104","Groceries",388,78,8,4,18.140000,1.780000,0.970000,"L29","D",167,4.050000,96.810000,0.820000,5,0.810000,682,9.150000,0.880000,"2024-05-15",264.220000,0.678000
"ITM11105","Automotive",264,20,8,4,16.350000,8.550000,0.210000,"L83","A",72,4.570000,152.720000,1.140000,4,0.950000,202,10.930000,0.570000,"2024-03-02",222.520000,0.656000
"ITM11106","Electronics",170,24,10,5,30.310000,6.130000,0.260000,"L20","A",76,3.120000,145.220000,1.760000,9,0.920000,378,4.440000,0.650000,"2024-02-16",49.440000,0.417000
"ITM11107","Automotive",130,73,8,5,22.380000,9.350000,0.250000,"L35","D",45,2.340000,132.110000,0.760000,4,0.970000,739,2.500000,0.450000,"2024-03-21",285.900000,0.561000
"ITM11108","Groceries",499,12,7,8,49.060000,8.820000,0.630000,"L19","B",143,3.780000,177.250000,0.240000,3,0.990000,528,3.960000,0.620000,"2024-12-17",36.660000,0.691000
"ITM11109","Groceries",455,78,13,9,18.460000,6.930000,0.930000,"L10","B",46,1.680000,162.500000,1.620000,2,0.790000,440,9.910000,0.830000,"2024-06-04",68.020000,0.654000
"ITM11110","Electronics",66,32,4,4,31.080000,6.750000,0.330000,"L8","D",102,0.850000,196.600000,1.150000,7,0.860000,624,7.560000,0.770000,"2024-12-26",50.380000,0.572000
"ITM11111","Pharma",82,62,6,3,16.270000,2.530000,0.600000,"L22","C",84,2.050000,178.940000,0.950000,6,0.890000,461,13.110000,0.990000,"2024-12-22",203.410000,0.736000
"ITM11112","Apparel",244,46,12,9,49.540000,1.610000,0.260000,"L40","B",175,1.850000,47.170000,0.450000,4,0.750000,307,4.990000,0.600000,"2024-11-04",244.150000,0.612000
"ITM11113","Groceries",385,18,7,4,22.810000,4.450000,0.670000,"L77","D",124,3.540000,20.950000,0.280000,8,0.720000,626,6.110000,0.620000,"2024-01-21",79.020000,0.561000
"ITM11114","Groceries",88,24,12,9,32.070000,2.270000,0.210000,"L96","A",162,2.980000,88.760000,0.630000,6,0.960000,918,8.390000,0.240000,"2024-04-20",293.980000,0.569000
"ITM11115","Pharma",318,12,6,7,7.210000,1.470000,0.540000,"L73","D",86,1.120000,127.330000,1.470000,9,0.860000,556,7.440000,0.510000,"2024-06-16",50.380000,0.446000
"ITM11116","Pharma",451,79,4,5,36.920000,3.370000,0.690000,"L37","B",170,4.590000,132.190000,0.880000,1,0.870000,748,8.670000,0.940000,"2024-03-16",101.600000,0.770000
"ITM11117","Automotive",309,26,9,4,14.190000,8.670000,0.620000,"L57","D",22,3.170000,60.830000,1.180000,6,0.870000,969,5.370000,0.480000,"2024-02-16",152.190000,0.504000
"ITM11118","Automotive",315,35,12,9,22.980000,0.660000,0.230000,"L16","C",47,2.560000,173.380000,0.260000,6,0.930000,788,3.330000,0.810000,"2024-12-30",244.570000,0.646000
"ITM11119","Apparel",222,30,12,5,44.270000,3.280000,0.250000,"L60","C",157,4.720000,72.560000,0.330000,3,0.740000,760,12.250000,0.980000,"2024-05-07",119.200000,0.814000
"ITM11120","Apparel",80,81,4,4,48.560000,4.530000,0.700000,"L89","B",26,0.940000,184.630000,0.120000,7,0.880000,343,1.550000,0.300000,"2024-07-01",62.170000,0.505000
"ITM11121","Electronics",453,30,3,6,21.800000,5.350000,0.830000,"L39","D",132,4.050000,99.600000,1.380000,3,0.840000,812,6.180000,0.470000,"2024-07-21",144.830000,0.546000
"ITM11122","Automotive",470,20,7,5,41.910000,2.220000,0.920000,"L90","C",123,2.140000,11.970000,0.600000,6,0.970000,526,2.220000,0.580000,"2024-09-19",148.180000,0.560000
"ITM11123","Groceries",337,47,14,9,3.610000,9.660000,0.830000,"L52","C",161,3.630000,40.790000,1.940000,3,0.860000,879,11.310000,0.390000,"2024-01-26",14.700000,0.547000
"ITM11124","Automotive",333,81,3,3,42.530000,6.000000,0.980000,"L35","A",35,4.690000,29.440000,0.690000,7,0.980000,754,6.120000,0.210000,"2024-12-12",16.060000,0.511000
"ITM11125","Groceries",180,97,3,6,31.850000,5.460000,0.470000,"L65","B",177,2.830000,18.360000,0.790000,2,0.810000,557,1.420000,0.570000,"2024-06-02",90.520000,0.576000
"ITM11126","Pharma",350,44,3,7,24.950000,0.580000,0.400000,"L70","A",41,0.600000,145.660000,0.990000,1,0.990000,168,2.060000,0.630000,"2024-05-13",224.950000,0.632000
"ITM11127","Automotive",35,23,8,4,44.610000,5.110000,0.130000,"L64","A",174,0.630000,46.540000,0.710000,9,0.960000,740,3.780000,0.700000,"2024-03-30",116.140000,0.531000
"ITM11128","Pharma",357,23,11,8,42.420000,8.460000,0.500000,"L57","C",95,1.990000,169.340000,1.650000,5,0.880000,527,12.020000,0.860000,"2024-01-16",71.250000,0.643000
"ITM11129","Apparel",113,19,12,7,15.550000,2.590000,0.690000,"L11","D",107,4.020000,60.250000,1.760000,6,0.810000,613,12.190000,0.400000,"2024-07-26",42.760000,0.509000
"ITM11130","Apparel",323,21,13,5,39.780000,3.840000,0.830000,"L77","A",100,1.800000,16.140000,0.120000,6,0.810000,671,14.950000,0.250000,"2024-08-19",91.350000,0.679000
"ITM11131","Electronics",157,47,14,6,5.880000,0.700000,0.340000,"L6","B",130,2.010000,165.930000,1.340000,5,0.930000,785,4.370000,0.270000,"2024-10-11",149.620000,0.464000
"ITM11132","Automotive",357,43,3,7,41.320000,9.780000,0.560000,"L56","B",66,4.030000,98.570000,1.400000,7,0.870000,891,1.850000,0.600000,"2024-10-08",37.080000,0.439000
"ITM11133","Pharma",57,50,7,3,34.100000,1.130000,0.700000,"L95","D",116,1.020000,123.910000,1.930000,5,0.820000,659,4.960000,0.940000,"2024-05-07",14.330000,0.525000
"ITM11134","Groceries",146,19,11,8,5.310000,9.030000,0.600000,"L42","B",31,4.310000,73.880000,0.800000,5,0.890000,368,3.500000,0.990000,"2024-02-18",46.920000,0.643000
"ITM11135","Apparel",294,26,11,5,34.470000,3.470000,0.350000,"L78","A",121,1.700000,18.750000,0.470000,2,0.920000,444,10.950000,0.360000,"2024-08-24",224.010000,0.715000
"ITM11136","Apparel",183,26,3,6,29.450000,6.080000,0.820000,"L33","D",94,0.730000,80.330000,1.090000,1,0.710000,97,14.570000,0.320000,"2024-02-22",145.230000,0.671000
"ITM11137","Groceries",462,76,10,7,30.130000,6.950000,0.260000,"L4","B",89,1.030000,108.470000,0.950000,6,0.730000,662,4.820000,0.480000,"2024-03-12",139.100000,0.491000
"ITM11138","Pharma",338,71,3,6,15.250000,1.840000,0.910000,"L12","B",82,4.790000,12.220000,1.600000,5,0.730000,487,5.600000,0.570000,"2024-03-03",15.730000,0.475000
"ITM11139","Pharma",96,10,10,6,14.060000,4.720000,0.960000,"L30","A",86,2.530000,119.120000,1.820000,0,0.770000,524,5.920000,0.850000,"2024-01-07",216.170000,0.621000
"ITM11140","Automotive",193,21,3,7,38.360000,3.590000,0.430000,"L87","A",83,1.650000,179.680000,0.260000,1,0.830000,995,13.000000,0.820000,"2024-02-01",68.550000,0.857000
"ITM11141","Automotive",406,13,14,2,13.580000,1.040000,0.440000,"L74","A",136,2.850000,51.390000,1.710000,1,0.940000,801,9.090000,0.940000,"2024-04-23",36.350000,0.706000
"ITM11142","Electronics",477,51,7,4,22.870000,8.420000,0.770000,"L76","A",130,3.570000,186.090000,1.830000,0,0.810000,635,14.640000,0.890000,"2024-03-07",254.190000,0.752000
"ITM11143","Apparel",377,22,10,9,35.040000,0.930000,0.510000,"L3","D",94,1.930000,28.550000,1.860000,2,0.710000,599,9.780000,0.550000,"2024-04-11",150.830000,0.556000
"ITM11144","Automotive",340,94,8,5,4.900000,6.710000,0.130000,"L98","D",179,3.760000,166.830000,1.550000,4,0.850000,777,10.880000,0.220000,"2024-07-24",227.190000,0.524000
"ITM11145","Pharma",395,95,11,5,30.130000,3.480000,0.930000,"L87","D",177,1.640000,169.660000,1.510000,3,1.000000,185,2.250000,0.390000,"2024-07-09",248.350000,0.497000
"ITM11146","Groceries",110,13,3,8,29.880000,2.330000,0.490000,"L35","C",159,1.010000,58.970000,0.130000,1,0.800000,567,14.320000,0.690000,"2024-12-17",289.740000,0.856000
"ITM11147","Pharma",257,91,11,8,34.530000,6.840000,0.280000,"L74","A",91,2.970000,191.990000,1.850000,7,0.990000,808,9.790000,0.600000,"2024-11-18",190.870000,0.524000
"ITM11148","Apparel",283,78,3,8,19.130000,5.960000,0.600000,"L6","A",30,1.180000,89.150000,0.770000,8,0.730000,373,8.280000,0.390000,"2024-11-26",29.800000,0.497000
"ITM11149","Pharma",198,28,12,5,23.000000,3.490000,0.300000,"L98","D",151,4.730000,36.840000,0.180000,7,0.750000,246,6.420000,0.310000,"2024-02-13",171.730000,0.540000
"ITM11150","Electronics",228,11,12,6,17.170000,5.370000,0.290000,"L97","B",83,0.500000,122.430000,0.880000,6,0.920000,951,2.080000,0.370000,"2024-10-25",157.760000,0.478000
"ITM11151","Apparel",92,21,5,8,40.600000,2.840000,0.590000,"L23","B",18,3.900000,199.360000,1.490000,9,0.850000,160,2.870000,0.410000,"2024-10-27",26.690000,0.361000
"ITM11152","Groceries",409,90,3,7,7.400000,8.710000,0.450000,"L61","A",155,1.760000,180.870000,0.940000,1,0.930000,849,1.160000,0.890000,"2024-05-12",98.830000,0.665000
"ITM11153","Electronics",126,83,5,4,48.180000,3.480000,0.620000,"L67","A",22,4.310000,62.930000,1.540000,5,0.960000,599,14.980000,0.770000,"2024-02-08",129.530000,0.692000
"ITM11154","Apparel",364,15,14,3,32.110000,2.830000,1.000000,"L84","D",26,0.770000,119.630000,1.070000,3,0.780000,164,12.010000,0.640000,"2024-01-12",56.680000,0.677000
"ITM11155","Groceries",314,17,13,5,44.460000,7.640000,0.870000,"L57","A",135,4.790000,31.920000,0.670000,4,0.900000,746,12.160000,0.220000,"2024-02-03",12.540000,0.639000
"ITM11156","Electronics",388,60,4,7,21.890000,0.670000,0.110000,"L36","B",96,0.960000,97.750000,0.490000,8,0.880000,773,11.220000,0.860000,"2024-04-11",229.520000,0.689000
"ITM11157","Electronics",463,20,4,4,17.280000,3.050000,0.150000,"L24","B",162,4.050000,109.380000,0.900000,8,0.960000,537,7.780000,0.640000,"2024-11-26",256.970000,0.574000
"ITM11158","Apparel",303,72,11,4,45.140000,4.070000,0.650000,"L75","A",25,2.830000,69.900000,0.170000,3,0.830000,414,2.230000,0.700000,"2024-08-15",76.440000,0.659000
"ITM11159","Automotive",372,66,10,2,5.840000,8.880000,0.660000,"L56","D",33,2.440000,102.000000,0.900000,7,0.720000,533,2.010000,0.250000,"2024-03-06",11.100000,0.391000
"ITM11160","Electronics",201,21,3,9,6.740000,9.530000,0.890000,"L82","D",84,1.760000,184.790000,0.230000,4,0.870000,816,13.830000,0.850000,"2024-02-17",268.080000,0.825000
"ITM11161","Electronics",56,82,14,7,15.670000,7.310000,0.670000,"L63","B",160,4.290000,105.030000,1.770000,8,0.990000,881,1.000000,0.870000,"2024-06-18",48.850000,0.448000
"ITM11162","Groceries",156,11,6,5,48.030000,5.180000,0.300000,"L12","D",178,1.400000,167.890000,1.190000,1,0.700000,359,10.790000,0.910000,"2024-03-03",126.940000,0.727000
"ITM11163","Pharma",357,17,3,8,32.020000,6.590000,0.520000,"L61","B",112,3.750000,70.300000,1.330000,3,0.770000,162,9.800000,0.620000,"2024-01-22",116.130000,0.616000
"ITM11164","Apparel",75,20,3,6,28.160000,4.430000,0.830000,"L45","A",95,2.510000,194.570000,0.650000,2,0.790000,319,8.020000,0.520000,"2024-08-24",57.640000,0.664000
"ITM11165","Apparel",206,62,14,8,35.560000,3.340000,0.930000,"L53","B",170,4.990000,27.760000,0.530000,6,0.930000,369,14.650000,0.260000,"2024-01-26",183.660000,0.660000
"ITM11166","Automotive",360,19,14,4,21.460000,9.530000,0.310000,"L43","A",114,3.250000,121.260000,1.450000,1,0.800000,995,3.770000,0.360000,"2024-03-27",276.380000,0.517000
"ITM11167","Automotive",277,94,6,4,38.150000,1.600000,0.590000,"L42","D",51,0.970000,160.080000,1.380000,2,0.770000,224,11.990000,0.380000,"2024-10-20",158.980000,0.612000
"ITM11168","Apparel",464,93,4,3,20.270000,3.790000,0.240000,"L86","C",27,2.390000,164.670000,0.330000,8,0.890000,871,10.450000,0.250000,"2024-08-09",292.140000,0.574000
"ITM11169","Automotive",77,17,5,8,41.490000,9.040000,0.550000,"L14","C",87,0.800000,47.670000,0.550000,7,0.710000,68,14.640000,0.320000,"2024-07-21",65.320000,0.606000
"ITM11170","Groceries",382,45,13,9,14.100000,7.370000,0.180000,"L21","C",101,1.790000,86.310000,1.900000,1,0.750000,252,14.080000,0.910000,"2024-09-11",256.070000,0.710000
"ITM11171","Apparel",142,85,11,9,14.600000,0.780000,0.950000,"L43","B",20,2.040000,128.600000,0.680000,5,0.820000,984,2.800000,0.640000,"2024-01-16",84.500000,0.561000
"ITM11172","Automotive",207,23,4,2,26.600000,0.720000,0.670000,"L53","C",161,4.340000,70.020000,0.150000,2,0.810000,175,5.310000,0.810000,"2024-07-14",82.660000,0.740000
"ITM11173","Apparel",249,63,6,9,22.110000,5.410000,0.870000,"L89","B",173,4.270000,135.080000,0.220000,5,0.800000,516,12.910000,0.420000,"2024-12-15",44.130000,0.694000
"ITM11174","Pharma",187,94,3,4,32.760000,5.100000,1.000000,"L64","D",135,0.550000,81.970000,1.570000,4,0.730000,303,4.200000,0.310000,"2024-08-06",260.450000,0.427000
"ITM11175","Electronics",439,95,4,4,18.850000,4.710000,0.260000,"L37","A",106,2.900000,76.660000,1.540000,9,0.810000,877,6.300000,0.500000,"2024-03-29",220.270000,0.412000
"ITM11176","Apparel",133,30,7,9,12.300000,3.370000,0.720000,"L85","C",62,1.510000,30.530000,0.830000,3,0.940000,978,9.760000,0.830000,"2024-06-30",109.080000,0.741000
"ITM11177","Electronics",271,59,12,6,24.020000,9.870000,0.900000,"L52","B",92,1.940000,17.460000,0.390000,6,0.820000,816,8.880000,0.440000,"2024-04-19",111.330000,0.611000
"ITM11178","Automotive",126,48,3,6,28.490000,3.080000,0.620000,"L98","D",56,0.600000,168.700000,1.050000,9,0.880000,849,9.970000,0.360000,"2024-04-05",254.990000,0.496000
"ITM11179","Electronics",56,29,13,9,7.990000,5.160000,0.680000,"L71","D",61,3.870000,103.010000,0.730000,6,0.750000,341,10.990000,0.220000,"2024-05-20",279.000000,0.548000
"ITM11180","Apparel",354,97,9,3,28.280000,4.350000,0.470000,"L5","C",66,4.780000,116.950000,0.810000,3,0.720000,201,11.200000,0.700000,"2024-05-23",184.700000,0.692000
"ITM11181","Pharma",111,96,6,7,16.640000,2.120000,0.710000,"L59","D",84,1.490000,80.720000,0.600000,2,0.960000,988,11.330000,0.550000,"2024-08-16",127.980000,0.753000
"ITM11182","Automotive",37,16,8,3,20.230000,2.420000,0.460000,"L12","D",160,2.040000,35.980000,0.220000,3,0.800000,248,14.880000,0.410000,"2024-03-17",25.410000,0.758000
"ITM11183","Apparel",373,18,10,3,14.690000,9.220000,0.530000,"L41","D",68,1.430000,95.420000,1.600000,1,0.810000,248,5.990000,0.620000,"2024-01-18",46.700000,0.586000
"ITM11184","Automotive",82,10,8,9,46.640000,8.650000,0.190000,"L33","B",78,4.690000,53.500000,1.270000,3,0.960000,863,1.620000,0.760000,"2024-11-10",51.120000,0.579000
"ITM11185","Groceries",169,35,4,6,34.480000,2.390000,0.110000,"L42","D",95,0.540000,169.160000,1.690000,3,0.910000,736,5.880000,0.400000,"2024-11-13",90.270000,0.511000
"ITM11186","Electronics",158,47,3,8,13.860000,8.820000,0.150000,"L15","D",179,3.130000,197.490000,1.060000,4,0.930000,502,13.760000,0.690000,"2024-11-11",84.540000,0.721000
"ITM11187","Groceries",205,47,10,8,32.610000,2.490000,0.270000,"L99","D",155,4.420000,178.930000,1.970000,0,0.900000,831,2.170000,0.410000,"2024-05-05",167.440000,0.494000
"ITM11188","Apparel",204,70,10,9,42.580000,6.450000,0.510000,"L52","D",80,1.340000,110.370000,1.930000,1,0.730000,990,10.060000,0.990000,"2024-11-27",283.790000,0.665000
"ITM11189","Pharma",224,53,11,8,20.680000,1.270000,0.120000,"L66","D",42,3.150000,129.350000,0.620000,7,0.990000,229,6.920000,0.790000,"2024-05-31",259.880000,0.646000
"ITM11190","Automotive",279,95,8,7,41.670000,8.860000,0.240000,"L1","B",12,0.730000,190.140000,0.840000,7,0.970000,267,13.900000,0.680000,"2024-09-12",157.660000,0.691000
"ITM11191","Electronics",233,53,14,6,8.570000,0.990000,0.800000,"L85","D",37,4.170000,112.350000,1.530000,7,0.770000,679,14.000000,0.340000,"2024-07-29",15.020000,0.516000
"ITM11192","Automotive",275,83,3,9,41.320000,5.770000,0.790000,"L70","D",10,1.730000,131.330000,1.580000,4,0.940000,867,11.990000,0.670000,"2024-10-08",29.840000,0.644000
"ITM11193","Apparel",154,71,11,2,27.470000,7.910000,0.810000,"L60","A",135,4.950000,129.550000,1.830000,7,0.820000,882,2.380000,0.840000,"2024-09-02",259.500000,0.441000
"ITM11194","Automotive",80,15,14,5,11.930000,1.610000,0.930000,"L53","D",122,4.650000,144.540000,1.340000,8,0.910000,894,1.350000,0.790000,"2024-02-01",92.250000,0.464000
"ITM11195","Electronics",382,26,5,5,20.950000,4.340000,0.210000,"L7","D",56,3.800000,131.650000,1.000000,3,0.750000,369,2.910000,0.820000,"2024-02-14",102.250000,0.593000
"ITM11196","Apparel",329,60,13,9,49.410000,0.900000,0.250000,"L25","B",46,2.740000,137.430000,0.820000,3,0.860000,72,5.510000,0.450000,"2024-05-23",50.540000,0.593000
"ITM11197","Automotive",107,47,8,9,39.390000,6.990000,0.400000,"L67","D",95,3.950000,147.920000,0.900000,6,0.740000,686,4.380000,0.460000,"2024-07-15",74.700000,0.488000
"ITM11198","Pharma",343,33,12,2,29.180000,3.420000,0.920000,"L47","B",57,1.090000,163.730000,1.720000,4,0.860000,133,6.180000,0.630000,"2024-03-11",81.680000,0.528000
"ITM11199","Apparel",495,60,12,8,6.640000,5.810000,0.800000,"L80","C",117,1.900000,86.580000,1.960000,9,0.770000,760,3.000000,0.420000,"2024-08-02",129.510000,0.302000
"ITM11200","Apparel",226,19,13,5,21.470000,9.360000,0.390000,"L97","D",28,0.620000,151.710000,0.200000,0,0.840000,375,11.540000,0.290000,"2024-04-12",190.710000,0.760000
"ITM11201","Pharma",148,81,14,7,13.890000,3.410000,0.180000,"L64","A",151,3.400000,29.040000,1.200000,7,0.900000,748,12.830000,0.570000,"2024-11-25",112.420000,0.605000
"ITM11202","Groceries",330,30,11,9,4.480000,0.960000,0.650000,"L81","B",92,4.120000,176.480000,1.090000,3,0.960000,378,7.830000,0.200000,"2024-09-26",140.460000,0.567000
"ITM11203","Electronics",22,79,13,6,27.570000,6.920000,0.330000,"L57","C",74,4.760000,65.110000,0.810000,7,0.750000,653,14.390000,0.810000,"2024-05-07",62.750000,0.683000
"ITM11204","Groceries",481,94,5,5,44.570000,7.970000,0.580000,"L98","A",35,3.590000,86.660000,1.720000,1,0.970000,379,2.680000,0.800000,"2024-11-18",26.350000,0.598000
"ITM11205","Automotive",441,66,7,7,34.100000,9.600000,0.950000,"L7","B",147,3.790000,162.690000,1.190000,3,0.820000,743,2.480000,0.640000,"2024-10-05",110.990000,0.546000
"ITM11206","Pharma",261,48,7,6,13.230000,2.000000,0.620000,"L27","C",108,4.530000,131.030000,0.690000,1,0.950000,788,3.810000,0.800000,"2024-01-10",28.120000,0.712000
"ITM11207","Groceries",140,97,12,9,29.110000,4.230000,0.930000,"L35","A",86,4.710000,68.640000,0.940000,4,0.850000,760,14.750000,0.700000,"2024-07-14",96.920000,0.733000
"ITM11208","Apparel",404,42,9,7,47.220000,8.520000,0.450000,"L71","D",79,2.710000,52.830000,0.780000,9,0.960000,522,6.830000,0.760000,"2024-07-02",252.900000,0.577000
"ITM11209","Automotive",121,68,6,2,36.420000,8.170000,0.670000,"L17","A",52,0.990000,191.970000,0.920000,9,0.900000,527,13.940000,0.250000,"2024-09-02",116.410000,0.544000
"ITM11210","Automotive",57,27,13,9,34.780000,6.440000,0.900000,"L37","A",79,2.600000,26.680000,0.240000,7,0.850000,284,3.830000,0.910000,"2024-10-05",66.050000,0.639000
"ITM11211","Groceries",360,65,6,3,48.440000,3.060000,0.630000,"L57","A",68,3.000000,10.820000,0.310000,6,0.790000,971,12.850000,0.720000,"2024-09-05",271.600000,0.722000
"ITM11212","Groceries",432,66,9,2,40.140000,3.200000,0.650000,"L90","B",12,3.340000,137.860000,1.290000,4,0.990000,605,5.340000,0.690000,"2024-06-25",195.410000,0.598000
"ITM11213","Pharma",152,85,11,5,7.690000,1.680000,0.740000,"L63","D",142,4.950000,126.750000,1.400000,6,0.940000,637,11.280000,0.510000,"2024-10-16",296.590000,0.580000
"ITM11214","Electronics",221,57,13,6,18.030000,9.260000,0.890000,"L16","D",94,4.630000,150.150000,1.310000,4,0.810000,702,14.640000,0.220000,"2024-09-14",97.070000,0.590000
"ITM11215","Groceries",367,51,6,7,48.290000,2.140000,0.180000,"L4","B",104,2.280000,149.010000,1.550000,6,0.750000,743,14.060000,0.920000,"2024-06-13",68.110000,0.646000
"ITM11216","Groceries",40,36,6,5,25.000000,5.940000,0.400000,"L81","A",87,1.010000,174.020000,1.890000,3,0.930000,168,12.640000,0.990000,"2024-07-17",96.400000,0.704000
"ITM11217","Apparel",261,83,8,5,6.470000,6.050000,0.460000,"L78","D",110,1.470000,185.200000,1.740000,3,1.000000,89,1.700000,0.850000,"2024-05-18",245.620000,0.559000
"ITM11218","Automotive",474,61,8,9,23.470000,4.010000,0.920000,"L31","A",92,1.280000,157.250000,0.900000,9,0.780000,309,9.510000,0.930000,"2024-04-02",53.940000,0.599000
"ITM11219","Electronics",470,51,9,3,35.150000,3.850000,0.960000,"L91","D",174,2.100000,54.140000,0.510000,3,0.970000,998,12.700000,0.300000,"2024-01-14",79.910000,0.712000
"ITM11220","Apparel",128,41,3,8,49.880000,6.850000,0.210000,"L21","B",93,4.440000,98.060000,0.690000,7,0.740000,805,6.590000,0.300000,"2024-06-12",213.470000,0.487000
"ITM11221","Pharma",322,35,13,5,16.870000,4.190000,0.210000,"L40","C",130,2.470000,131.930000,1.220000,0,0.990000,690,11.240000,0.900000,"2024-11-01",224.020000,0.806000
"ITM11222","Pharma",103,34,5,3,26.190000,2.920000,0.940000,"L71","A",144,3.050000,112.480000,1.730000,9,0.920000,55,2.930000,0.250000,"2024-04-22",288.060000,0.320000
"ITM11223","Groceries",102,84,11,6,44.100000,4.290000,0.370000,"L2","D",62,1.310000,40.190000,1.430000,4,0.800000,360,3.470000,0.270000,"2024-01-16",294.240000,0.437000
"ITM11224","Groceries",310,32,8,6,18.410000,8.170000,0.320000,"L71","D",123,2.720000,121.960000,1.130000,9,0.790000,115,10.010000,0.850000,"2024-05-23",202.420000,0.568000
"ITM11225","Pharma",471,66,8,7,6.350000,9.680000,0.130000,"L53","D",15,4.430000,178.440000,1.240000,1,0.890000,423,7.120000,0.650000,"2024-01-30",115.210000,0.659000
"ITM11226","Groceries",88,61,7,8,47.500000,6.540000,0.350000,"L12","B",144,3.980000,89.520000,1.100000,9,0.880000,780,4.060000,0.510000,"2024-08-29",141.370000,0.442000
"ITM11227","Electronics",148,96,13,3,24.930000,7.930000,0.720000,"L29","B",27,0.870000,137.100000,1.950000,3,0.980000,195,4.960000,0.640000,"2024-09-28",137.390000,0.535000
"ITM11228","Groceries",215,40,5,2,25.640000,5.560000,0.480000,"L15","C",63,4.380000,127.030000,1.650000,4,0.930000,283,9.660000,0.900000,"2024-07-02",122.340000,0.650000
"ITM11229","Automotive",159,73,13,6,31.440000,6.440000,0.570000,"L60","B",136,1.730000,81.640000,1.580000,7,0.860000,78,11.160000,0.810000,"2024-10-26",108.090000,0.585000
"ITM11230","Groceries",463,80,7,9,1.170000,9.890000,0.930000,"L16","A",166,3.500000,117.400000,1.080000,1,0.980000,870,3.910000,0.750000,"2024-04-29",58.690000,0.670000
"ITM11231","Apparel",302,42,3,8,46.630000,4.660000,0.200000,"L83","B",34,1.160000,49.940000,0.730000,1,0.880000,722,14.370000,0.980000,"2024-03-22",116.190000,0.871000
"ITM11232","Electronics",331,94,5,7,18.710000,1.130000,0.160000,"L20","D",72,3.540000,113.760000,0.140000,1,0.950000,692,1.110000,0.620000,"2024-02-21",291.080000,0.695000
"ITM11233","Apparel",253,11,6,2,20.450000,9.590000,0.870000,"L64","A",124,0.660000,161.780000,0.180000,7,0.950000,709,10.800000,0.210000,"2024-05-06",265.830000,0.618000
"ITM11234","Apparel",42,27,7,6,9.530000,8.030000,0.800000,"L92","B",150,3.200000,154.200000,0.160000,2,0.980000,949,5.070000,0.540000,"2024-12-02",189.020000,0.716000
"ITM11235","Automotive",172,56,12,6,19.530000,4.280000,0.340000,"L38","A",169,3.410000,78.010000,1.960000,4,0.720000,643,7.700000,0.280000,"2024-05-03",65.910000,0.427000
"ITM11236","Electronics",296,42,11,7,40.390000,9.830000,0.390000,"L66","A",164,1.600000,31.300000,0.320000,1,0.880000,953,8.980000,0.290000,"2024-05-16",264.810000,0.702000
"ITM11237","Electronics",80,93,6,7,40.200000,3.780000,0.380000,"L91","B",60,4.720000,161.990000,0.370000,5,0.840000,519,8.860000,0.400000,"2024-09-30",100.440000,0.629000
"ITM11238","Electronics",338,44,5,4,46.850000,4.040000,0.680000,"L35","A",171,0.710000,60.360000,1.020000,9,0.850000,410,11.870000,0.510000,"2024-01-29",168.260000,0.548000
"ITM11239","Electronics",397,60,12,9,20.760000,6.290000,0.160000,"L54","D",37,4.510000,20.080000,1.010000,5,0.840000,903,12.530000,0.590000,"2024-04-22",274.420000,0.652000
"ITM11240","Electronics",71,27,3,5,35.730000,3.110000,0.540000,"L62","D",82,2.220000,94.590000,1.850000,1,0.950000,644,2.030000,0.340000,"2024-10-21",107.060000,0.480000
"ITM11241","Automotive",363,97,12,5,25.850000,7.140000,0.220000,"L61","B",81,3.710000,150.500000,0.240000,3,0.800000,973,10.840000,0.450000,"2024-07-17",274.870000,0.711000
"ITM11242","Groceries",172,81,8,2,40.400000,1.950000,0.840000,"L32","B",94,3.430000,163.610000,1.920000,1,0.840000,634,6.590000,0.420000,"2024-06-30",78.190000,0.528000
"ITM11243","Apparel",256,39,9,5,35.910000,1.530000,0.440000,"L59","D",119,1.260000,196.620000,0.510000,9,0.760000,404,12.460000,0.490000,"2024-03-29",279.320000,0.585000
"ITM11244","Electronics",330,53,12,2,19.030000,5.580000,0.570000,"L71","B",39,1.940000,45.990000,1.940000,3,0.780000,775,9.520000,0.290000,"2024-03-31",114.010000,0.487000
"ITM11245","Groceries",321,62,10,8,17.500000,5.780000,0.130000,"L19","D",18,2.880000,65.820000,1.130000,6,0.900000,75,1.140000,0.520000,"2024-05-01",118.630000,0.466000
"ITM11246","Groceries",51,19,14,6,13.370000,1.510000,0.150000,"L50","A",150,4.310000,125.800000,1.340000,4,0.740000,339,10.330000,0.640000,"2024-10-30",170.370000,0.600000
"ITM11247","Apparel",74,96,3,4,29.250000,9.660000,0.710000,"L25","B",91,4.800000,164.160000,0.700000,9,0.760000,120,13.960000,0.280000,"2024-06-11",110.640000,0.544000
"ITM11248","Automotive",371,61,14,4,48.230000,5.950000,0.790000,"L77","C",73,0.590000,54.470000,1.260000,3,0.860000,911,2.160000,0.620000,"2024-12-23",140.490000,0.539000
"ITM11249","Pharma",408,58,6,9,10.800000,1.930000,0.740000,"L66","D",47,2.090000,87.880000,1.450000,9,0.710000,738,7.920000,0.800000,"2024-07-02",155.380000,0.483000
"ITM11250","Pharma",55,20,13,9,5.670000,3.460000,0.760000,"L96","D",128,3.510000,87.600000,0.120000,9,0.740000,138,9.760000,0.210000,"2024-10-29",152.400000,0.528000
"ITM11251","Groceries",129,75,7,6,6.850000,8.100000,0.190000,"L18","A",31,2.870000,156.860000,0.170000,2,0.960000,226,3.740000,0.240000,"2024-01-15",288.720000,0.633000
"ITM11252","Apparel",196,67,4,7,39.370000,5.470000,0.720000,"L9","C",168,4.740000,55.780000,1.970000,5,0.950000,76,10.110000,0.570000,"2024-12-26",91.720000,0.542000
"ITM11253","Pharma",381,99,3,9,18.160000,2.290000,0.260000,"L36","C",108,0.580000,194.060000,0.970000,1,0.800000,338,1.700000,0.900000,"2024-12-24",92.530000,0.646000
"ITM11254","Groceries",333,45,10,9,11.990000,1.480000,0.190000,"L99","C",179,2.470000,106.990000,1.880000,3,0.800000,889,13.680000,1.000000,"2024-06-29",253.000000,0.694000
"ITM11255","Automotive",314,42,8,3,18.290000,4.590000,0.780000,"L54","D",115,3.510000,63.590000,1.490000,7,0.980000,866,11.680000,0.270000,"2024-10-17",123.680000,0.517000
"ITM11256","Pharma",355,56,7,3,32.620000,3.710000,0.900000,"L44","D",73,1.480000,64.010000,0.810000,1,0.710000,624,14.170000,0.210000,"2024-10-15",31.230000,0.672000
"ITM11257","Groceries",116,22,11,5,27.790000,6.730000,0.750000,"L65","C",18,3.770000,13.480000,0.390000,8,0.870000,977,6.860000,0.380000,"2024-03-13",149.560000,0.542000
"ITM11258","Groceries",388,49,13,7,37.440000,9.290000,0.830000,"L35","B",135,0.870000,141.560000,1.960000,1,0.880000,580,1.480000,0.570000,"2024-10-15",169.570000,0.494000
"ITM11259","Electronics",232,98,13,2,17.610000,2.850000,0.990000,"L1","C",104,2.530000,157.430000,1.210000,7,0.940000,533,5.780000,0.660000,"2024-04-06",189.130000,0.536000
"ITM11260","Automotive",336,77,4,8,23.150000,8.620000,0.220000,"L37","A",177,3.540000,16.160000,0.470000,7,0.990000,483,8.220000,0.980000,"2024-09-09",78.180000,0.717000
"ITM11261","Electronics",156,51,12,4,6.000000,9.240000,0.970000,"L93","C",97,1.700000,121.330000,1.400000,6,0.810000,542,14.100000,0.910000,"2024-10-04",292.250000,0.672000
"ITM11262","Apparel",25,28,14,5,4.580000,9.070000,0.640000,"L39","C",178,0.830000,158.520000,0.270000,9,0.830000,327,13.360000,0.650000,"2024-06-07",223.740000,0.667000
"ITM11263","Electronics",128,91,10,9,23.650000,9.540000,0.830000,"L76","C",122,4.810000,81.490000,1.750000,5,0.900000,395,9.320000,0.490000,"2024-03-30",218.840000,0.527000
"ITM11264","Electronics",54,28,13,6,15.780000,8.500000,0.690000,"L75","B",81,4.610000,92.220000,0.270000,0,0.990000,628,11.220000,0.460000,"2024-09-08",263.130000,0.813000
"ITM11265","Pharma",58,67,12,7,31.030000,6.140000,0.610000,"L85","C",59,4.670000,78.710000,0.550000,1,0.970000,287,14.350000,0.660000,"2024-01-20",17.580000,0.842000
"ITM11266","Groceries",169,32,11,9,3.110000,4.390000,0.730000,"L63","C",157,4.900000,69.970000,0.270000,6,0.900000,186,12.910000,0.780000,"2024-02-16",187.810000,0.761000
"ITM11267","Automotive",444,63,3,4,6.970000,5.170000,0.390000,"L20","D",90,1.330000,103.320000,0.300000,3,0.960000,212,10.220000,0.590000,"2024-01-29",247.170000,0.756000
"ITM11268","Electronics",137,89,9,2,43.390000,8.790000,0.930000,"L58","C",179,1.210000,41.560000,1.100000,8,0.730000,888,8.560000,0.440000,"2024-04-29",19.970000,0.478000
"ITM11269","Automotive",280,74,10,2,28.750000,3.360000,0.200000,"L69","A",42,0.650000,93.730000,1.410000,2,0.810000,896,7.660000,0.690000,"2024-11-04",229.280000,0.621000
"ITM11270","Electronics",445,21,5,3,35.890000,2.010000,0.390000,"L62","D",72,4.510000,188.950000,1.600000,3,0.700000,949,11.590000,0.650000,"2024-04-22",297.010000,0.605000
"ITM11271","Apparel",106,33,6,5,42.260000,1.840000,0.130000,"L45","B",114,3.890000,15.210000,1.420000,2,0.750000,342,12.320000,0.540000,"2024-01-11",182.090000,0.640000
"ITM11272","Electronics",484,43,5,9,23.730000,8.360000,0.340000,"L43","D",108,3.350000,41.300000,0.790000,6,0.890000,77,4.050000,0.800000,"2024-09-26",133.160000,0.593000
"ITM11273","Pharma",95,62,9,6,38.290000,7.730000,0.300000,"L71","B",15,4.670000,157.760000,1.160000,1,0.970000,305,7.640000,0.430000,"2024-09-01",141.550000,0.646000
"ITM11274","Groceries",490,17,11,4,26.700000,5.230000,0.140000,"L98","B",144,3.090000,35.090000,1.860000,9,0.890000,954,11.800000,0.590000,"2024-01-01",207.050000,0.487000
"ITM11275","Apparel",483,27,5,9,11.910000,3.110000,0.540000,"L70","A",18,1.080000,61.540000,0.840000,1,0.900000,852,10.460000,0.950000,"2024-06-18",175.290000,0.805000
"ITM11276","Electronics",470,66,8,8,17.550000,6.940000,0.520000,"L49","C",110,1.300000,96.420000,0.580000,1,0.730000,673,9.280000,0.780000,"2024-11-10",238.400000,0.748000
"ITM11277","Automotive",433,14,10,2,25.030000,0.870000,0.170000,"L59","A",70,1.090000,189.200000,1.090000,3,0.900000,801,5.530000,0.510000,"2024-04-13",132.270000,0.587000
"ITM11278","Apparel",332,35,8,9,16.530000,5.900000,0.340000,"L42","D",171,1.880000,44.870000,0.660000,7,0.840000,804,9.530000,0.640000,"2024-03-07",131.020000,0.617000
"ITM11279","Apparel",402,39,4,4,17.440000,4.290000,0.960000,"L25","B",172,2.210000,185.390000,0.600000,7,0.900000,714,9.570000,0.520000,"2024-06-23",226.330000,0.612000
"ITM11280","Electronics",233,63,9,6,17.530000,9.790000,0.200000,"L90","D",108,4.090000,146.520000,1.580000,7,0.800000,314,7.050000,0.290000,"2024-03-31",197.200000,0.414000
"ITM11281","Apparel",476,22,4,4,7.020000,5.320000,0.370000,"L31","B",157,1.360000,137.520000,1.790000,7,0.870000,613,14.440000,0.470000,"2024-06-14",235.650000,0.542000
"ITM11282","Automotive",304,92,4,5,5.150000,5.750000,0.130000,"L74","D",67,3.760000,147.470000,1.050000,6,0.830000,530,10.140000,0.890000,"2024-01-31",267.280000,0.654000
"ITM11283","Apparel",258,38,4,3,3.280000,7.270000,0.230000,"L50","B",69,2.710000,15.940000,1.580000,5,0.870000,450,12.910000,0.570000,"2024-01-12",86.390000,0.602000
"ITM11284","Automotive",184,12,13,4,6.440000,5.100000,0.730000,"L30","A",44,5.000000,28.790000,0.460000,6,0.740000,509,2.810000,0.670000,"2024-03-16",101.360000,0.553000
"ITM11285","Electronics",106,99,3,7,17.840000,2.630000,0.430000,"L100","B",56,3.990000,73.620000,1.140000,4,0.820000,826,11.590000,0.350000,"2024-10-27",162.820000,0.595000
"ITM11286","Groceries",160,67,13,9,30.100000,5.600000,0.510000,"L53","C",55,4.860000,24.050000,1.310000,7,0.810000,615,9.430000,0.480000,"2024-12-26",279.830000,0.513000
"ITM11287","Apparel",179,85,3,3,10.220000,9.470000,0.240000,"L6","A",96,2.040000,197.640000,1.030000,1,0.920000,182,5.320000,0.940000,"2024-03-13",252.060000,0.720000
"ITM11288","Groceries",65,11,9,6,44.510000,4.390000,0.710000,"L41","C",13,1.050000,120.280000,0.320000,4,0.910000,240,2.910000,0.450000,"2024-02-26",145.850000,0.599000
"ITM11289","Automotive",391,84,14,3,40.610000,6.960000,0.780000,"L96","D",19,2.780000,102.600000,1.490000,6,0.970000,173,6.320000,0.400000,"2024-09-26",176.200000,0.489000
"ITM11290","Apparel",131,37,7,4,26.510000,9.790000,0.260000,"L61","D",116,1.060000,159.250000,1.690000,8,0.890000,480,7.180000,0.240000,"2024-07-05",216.570000,0.393000
"ITM11291","Pharma",426,91,13,4,36.490000,8.380000,0.140000,"L91","B",84,2.720000,195.620000,1.310000,9,0.790000,267,2.970000,0.280000,"2024-02-07",161.580000,0.343000
"ITM11292","Groceries",64,86,5,7,18.950000,6.760000,0.170000,"L49","B",49,1.710000,191.470000,0.420000,0,0.930000,926,10.380000,0.670000,"2024-07-10",38.550000,0.816000
"ITM11293","Apparel",420,95,3,2,2.800000,7.490000,0.690000,"L50","D",136,2.710000,160.680000,0.240000,8,0.850000,452,5.300000,0.730000,"2024-12-26",112.290000,0.603000
"ITM11294","Groceries",266,85,13,9,45.310000,9.400000,0.220000,"L85","A",128,4.770000,81.660000,0.670000,2,0.760000,371,12.280000,0.710000,"2024-12-05",23.810000,0.751000
"ITM11295","Apparel",123,11,12,7,7.260000,9.620000,0.540000,"L84","C",82,1.800000,22.530000,0.170000,0,0.920000,350,10.080000,0.630000,"2024-07-21",204.260000,0.827000
"ITM11296","Electronics",104,16,8,4,47.450000,9.710000,0.240000,"L20","D",49,4.970000,28.690000,1.690000,6,0.740000,120,5.350000,0.590000,"2024-10-27",107.770000,0.448000
"ITM11297","Groceries",469,35,13,8,29.020000,6.440000,0.250000,"L64","A",105,1.530000,10.220000,1.440000,2,0.750000,263,6.040000,0.260000,"2024-02-21",224.130000,0.499000
"ITM11298","Pharma",153,99,3,3,15.970000,4.150000,0.100000,"L5","C",32,1.440000,10.360000,1.170000,7,0.930000,923,14.190000,0.870000,"2024-06-21",134.620000,0.692000
"ITM11299","Pharma",127,97,11,7,25.280000,1.760000,0.390000,"L17","B",152,2.950000,187.920000,1.790000,1,0.930000,594,14.270000,0.610000,"2024-06-03",23.220000,0.699000
"ITM11300","Automotive",37,85,4,7,25.580000,4.160000,0.180000,"L65","A",124,4.290000,186.130000,0.310000,3,0.940000,423,6.860000,0.310000,"2024-06-14",120.090000,0.650000
"ITM11301","Apparel",113,25,3,9,2.140000,9.460000,0.450000,"L76","A",125,3.870000,136.840000,1.460000,1,0.790000,385,10.510000,0.310000,"2024-03-10",73.420000,0.594000
"ITM11302","Groceries",169,32,14,8,18.420000,8.950000,0.640000,"L43","D",142,3.760000,148.070000,0.380000,3,0.960000,220,14.720000,0.610000,"2024-03-21",72.140000,0.812000
"ITM11303","Automotive",265,49,9,8,37.250000,5.470000,0.430000,"L13","C",177,1.770000,107.510000,0.220000,0,0.920000,393,14.920000,0.400000,"2024-08-11",119.510000,0.841000
"ITM11304","Groceries",308,69,8,8,25.990000,5.600000,0.730000,"L57","D",155,0.600000,55.190000,0.350000,9,0.950000,505,2.010000,0.940000,"2024-11-23",293.710000,0.590000
"ITM11305","Apparel",433,82,8,9,12.970000,3.430000,0.770000,"L13","B",30,1.230000,183.730000,1.910000,4,0.910000,911,8.750000,0.600000,"2024-09-06",288.420000,0.548000
"ITM11306","Pharma",228,41,7,2,17.420000,4.820000,0.730000,"L68","B",12,2.070000,62.760000,0.940000,2,0.870000,459,11.170000,0.980000,"2024-11-28",243.000000,0.785000
"ITM11307","Electronics",145,24,13,4,43.290000,7.290000,0.940000,"L59","C",55,4.870000,150.540000,0.190000,8,0.730000,350,3.620000,0.790000,"2024-06-11",81.190000,0.573000
"ITM11308","Pharma",254,22,6,4,26.750000,4.320000,0.310000,"L2","C",99,4.640000,56.630000,1.210000,3,0.910000,545,12.510000,0.850000,"2024-03-30",231.540000,0.738000
"ITM11309","Automotive",435,14,13,6,26.890000,2.290000,0.270000,"L93","C",88,1.400000,175.330000,0.480000,5,0.910000,340,7.560000,0.510000,"2024-12-28",14.460000,0.637000
"ITM11310","Electronics",445,84,6,9,48.110000,5.640000,0.650000,"L19","D",136,3.770000,133.740000,0.110000,8,0.790000,798,7.970000,0.310000,"2024-10-14",26.340000,0.555000
"ITM11311","Automotive",481,83,5,2,16.720000,2.640000,0.640000,"L53","C",62,3.110000,132.110000,1.540000,1,0.920000,898,4.840000,0.750000,"2024-12-21",252.360000,0.625000
"ITM11312","Apparel",141,61,12,6,24.500000,9.760000,0.560000,"L84","C",157,0.720000,28.500000,0.390000,6,0.870000,486,5.200000,0.530000,"2024-11-10",173.630000,0.590000
"ITM11313","Electronics",157,86,10,6,40.770000,4.210000,0.100000,"L20","D",30,2.170000,89.700000,1.890000,2,0.870000,151,2.180000,0.960000,"2024-07-01",118.260000,0.566000
"ITM11314","Automotive",134,50,9,6,38.190000,9.140000,0.600000,"L10","B",99,2.690000,109.730000,1.230000,0,0.810000,59,14.040000,0.350000,"2024-04-24",224.730000,0.696000
"ITM11315","Apparel",439,62,11,9,14.020000,2.640000,0.940000,"L61","B",122,3.500000,65.870000,0.270000,8,0.740000,90,6.350000,0.700000,"2024-12-06",43.170000,0.586000
"ITM11316","Pharma",181,59,3,5,8.400000,2.300000,0.400000,"L34","A",60,1.830000,177.390000,0.510000,8,0.770000,419,3.270000,0.890000,"2024-10-28",93.140000,0.565000
"ITM11317","Apparel",220,24,9,6,35.330000,6.360000,0.970000,"L44","B",162,4.700000,169.160000,1.260000,3,0.930000,175,2.990000,0.520000,"2024-03-30",221.010000,0.544000
"ITM11318","Groceries",253,16,12,7,13.630000,7.900000,0.420000,"L80","C",77,2.530000,103.790000,0.740000,8,0.780000,834,6.700000,0.960000,"2024-07-12",70.080000,0.603000
"ITM11319","Apparel",47,49,6,3,46.210000,5.880000,0.230000,"L89","B",125,1.620000,74.610000,1.110000,6,0.700000,432,9.850000,0.260000,"2024-06-06",184.190000,0.492000
"ITM11320","Apparel",30,37,9,7,7.330000,2.680000,0.460000,"L51","D",147,1.920000,162.290000,1.620000,3,1.000000,376,11.890000,0.670000,"2024-12-18",139.820000,0.671000
"ITM11321","Groceries",225,41,14,7,16.600000,0.860000,0.550000,"L84","B",92,3.880000,47.410000,1.610000,1,0.760000,499,13.940000,0.820000,"2024-05-30",68.690000,0.721000
"ITM11322","Automotive",186,24,3,4,3.680000,6.370000,0.670000,"L11","B",104,3.380000,23.590000,1.430000,4,0.900000,572,9.900000,0.360000,"2024-03-06",267.630000,0.561000
"ITM11323","Automotive",266,94,7,5,35.460000,1.740000,0.550000,"L43","A",146,3.840000,18.680000,1.780000,7,0.980000,880,6.890000,0.250000,"2024-03-31",136.300000,0.420000
"ITM11324","Apparel",66,79,5,9,44.670000,3.760000,0.580000,"L87","A",38,1.820000,17.350000,0.480000,9,0.880000,756,6.910000,0.260000,"2024-01-01",183.660000,0.492000
"ITM11325","Groceries",265,74,7,6,32.160000,6.920000,0.120000,"L69","C",174,1.970000,102.890000,0.440000,9,0.940000,991,9.040000,0.460000,"2024-12-25",83.380000,0.577000
"ITM11326","Groceries",146,13,6,4,46.950000,1.430000,0.330000,"L49","D",119,2.290000,58.510000,1.620000,5,0.990000,581,8.530000,0.380000,"2024-10-20",110.570000,0.526000
"ITM11327","Pharma",166,20,4,2,7.300000,1.710000,0.380000,"L41","C",80,1.350000,141.170000,0.710000,4,0.960000,958,9.970000,0.380000,"2024-07-19",24.210000,0.650000
"ITM11328","Automotive",137,35,13,2,5.300000,1.090000,0.990000,"L81","D",47,3.610000,134.240000,1.070000,3,0.870000,322,8.050000,0.570000,"2024-10-17",150.130000,0.628000
"ITM11329","Electronics",418,70,6,9,42.080000,9.960000,0.370000,"L92","D",136,1.980000,112.980000,1.510000,5,0.810000,551,1.830000,0.270000,"2024-01-17",110.010000,0.389000
"ITM11330","Automotive",401,46,5,4,42.920000,4.180000,0.910000,"L98","A",81,1.970000,77.040000,0.850000,2,0.840000,796,8.010000,1.000000,"2024-04-03",105.530000,0.750000
"ITM11331","Automotive",431,32,3,3,41.720000,9.110000,0.370000,"L63","B",68,1.710000,171.590000,0.350000,1,0.950000,536,1.320000,0.760000,"2024-11-04",268.080000,0.705000
"ITM11332","Pharma",171,94,14,9,40.150000,3.290000,0.190000,"L70","B",37,2.540000,144.840000,1.390000,0,0.960000,977,3.530000,0.220000,"2024-06-11",214.120000,0.544000
"ITM11333","Electronics",91,49,12,4,18.750000,7.660000,0.320000,"L5","A",165,3.970000,61.590000,1.650000,8,0.950000,276,6.420000,0.750000,"2024-11-09",142.610000,0.501000
"ITM11334","Pharma",382,86,10,4,11.660000,2.580000,0.350000,"L80","C",55,4.260000,105.320000,0.120000,0,0.880000,276,8.720000,0.830000,"2024-04-23",66.650000,0.846000
"ITM11335","Electronics",156,32,7,5,46.510000,5.230000,0.980000,"L9","B",80,4.120000,39.690000,1.170000,3,0.840000,915,3.590000,0.350000,"2024-11-23",292.240000,0.509000
"ITM11336","Apparel",194,25,6,9,16.040000,8.330000,0.710000,"L31","C",47,3.300000,72.470000,0.990000,5,0.790000,390,4.870000,0.870000,"2024-10-16",31.680000,0.598000
"ITM11337","Electronics",308,70,12,2,20.520000,8.260000,0.940000,"L81","B",126,1.760000,199.460000,0.590000,8,0.700000,321,6.240000,0.690000,"2024-02-23",49.470000,0.542000
"ITM11338","Pharma",465,77,14,2,35.280000,8.050000,0.850000,"L88","C",117,3.810000,52.530000,0.410000,3,0.930000,840,3.760000,0.860000,"2024-09-11",88.390000,0.707000
"ITM11339","Automotive",38,89,7,6,15.370000,8.330000,0.620000,"L37","D",155,0.680000,142.680000,0.460000,6,0.780000,444,14.980000,0.770000,"2024-03-13",286.810000,0.744000
"ITM11340","Electronics",214,40,6,7,41.140000,2.510000,0.710000,"L30","D",104,4.090000,55.300000,1.480000,6,0.800000,173,12.270000,0.760000,"2024-06-18",90.880000,0.608000
"ITM11341","Electronics",349,62,5,9,4.430000,5.080000,0.660000,"L96","B",72,4.010000,188.250000,1.120000,5,0.950000,959,12.350000,0.330000,"2024-02-09",152.510000,0.609000
"ITM11342","Groceries",443,34,7,4,39.770000,5.110000,0.700000,"L12","C",112,3.520000,68.930000,1.960000,8,0.720000,244,8.960000,0.450000,"2024-05-01",230.740000,0.397000
"ITM11343","Automotive",194,53,6,9,30.490000,8.960000,0.340000,"L56","C",14,0.940000,75.870000,0.560000,9,0.980000,632,14.460000,0.620000,"2024-06-26",279.460000,0.677000
"ITM11344","Apparel",468,21,3,4,29.080000,3.320000,0.470000,"L13","D",166,4.990000,122.830000,1.920000,6,0.700000,793,11.250000,0.290000,"2024-06-12",185.480000,0.436000
"ITM11345","Pharma",432,99,14,3,23.460000,9.350000,0.630000,"L98","C",116,3.900000,121.740000,1.080000,2,0.980000,222,5.630000,0.580000,"2024-03-26",121.440000,0.639000
"ITM11346","Apparel",453,18,5,9,14.580000,4.780000,0.130000,"L82","A",151,3.810000,120.020000,0.380000,5,0.840000,252,9.550000,0.560000,"2024-11-21",295.800000,0.669000
"ITM11347","Automotive",373,21,12,8,23.740000,6.860000,0.530000,"L91","C",67,0.790000,118.920000,0.380000,6,0.730000,82,8.610000,0.390000,"2024-02-15",17.590000,0.581000
"ITM11348","Electronics",160,78,12,8,23.050000,3.050000,0.870000,"L13","D",155,2.290000,69.320000,1.260000,6,0.900000,260,9.120000,0.360000,"2024-12-28",251.330000,0.528000
"ITM11349","Electronics",265,63,10,2,29.600000,4.400000,0.540000,"L57","A",16,0.890000,92.540000,1.680000,5,0.970000,862,12.450000,0.400000,"2024-12-09",90.450000,0.572000
"ITM11350","Automotive",404,63,9,3,14.800000,7.240000,0.600000,"L22","A",96,2.120000,122.750000,1.520000,2,0.830000,743,8.130000,0.680000,"2024-11-23",247.060000,0.618000
"ITM11351","Electronics",437,37,4,5,4.800000,5.370000,0.280000,"L89","C",106,3.070000,137.540000,1.350000,5,0.910000,802,11.200000,0.530000,"2024-06-20",57.030000,0.602000
"ITM11352","Electronics",112,65,3,6,8.110000,9.340000,0.810000,"L39","D",54,4.450000,58.090000,0.430000,1,0.990000,100,4.510000,0.530000,"2024-08-16",110.580000,0.701000
"ITM11353","Electronics",451,78,5,3,35.260000,7.500000,0.420000,"L4","D",25,1.770000,143.280000,0.310000,9,0.770000,932,14.050000,0.350000,"2024-01-06",26.230000,0.600000
"ITM11354","Pharma",258,86,7,2,2.100000,5.860000,0.960000,"L6","D",73,3.310000,185.420000,0.100000,0,0.950000,941,2.210000,0.830000,"2024-05-15",67.890000,0.775000
"ITM11355","Pharma",224,67,12,5,42.970000,8.920000,0.990000,"L42","A",46,1.240000,154.010000,0.290000,7,0.790000,904,14.910000,0.760000,"2024-04-17",184.810000,0.740000
"ITM11356","Groceries",67,87,13,4,35.030000,6.820000,0.920000,"L8","D",162,2.090000,26.000000,1.560000,2,0.830000,456,9.860000,0.540000,"2024-05-07",230.840000,0.609000
"ITM11357","Apparel",452,84,14,5,38.640000,6.650000,0.180000,"L38","A",18,4.760000,99.130000,1.800000,7,0.780000,590,7.580000,0.310000,"2024-12-20",274.260000,0.399000
"ITM11358","Automotive",264,51,3,7,41.960000,2.840000,0.400000,"L46","A",165,3.860000,92.700000,0.560000,2,0.830000,567,5.350000,0.770000,"2024-02-04",44.710000,0.695000
"ITM11359","Automotive",339,47,5,9,7.010000,4.250000,0.950000,"L48","B",146,2.960000,73.940000,1.610000,1,0.700000,984,6.670000,0.920000,"2024-06-28",50.770000,0.632000
"ITM11360","Automotive",336,77,5,3,41.300000,6.990000,0.820000,"L56","C",149,1.630000,103.350000,0.480000,7,0.790000,182,11.950000,0.340000,"2024-05-11",282.240000,0.597000
"ITM11361","Groceries",432,62,7,2,25.730000,8.970000,0.920000,"L19","D",155,2.210000,93.530000,0.570000,2,0.830000,145,2.950000,0.680000,"2024-02-25",232.130000,0.644000
"ITM11362","Pharma",314,42,5,3,44.390000,3.500000,0.620000,"L32","A",99,1.210000,11.170000,0.530000,7,0.890000,473,4.540000,0.540000,"2024-01-01",166.530000,0.554000
"ITM11363","Groceries",147,80,11,4,44.440000,2.550000,0.530000,"L68","C",83,2.090000,54.950000,0.200000,1,0.890000,907,2.730000,0.270000,"2024-01-25",148.250000,0.628000
"ITM11364","Automotive",363,65,3,8,2.180000,6.140000,0.200000,"L53","A",134,1.180000,50.620000,0.470000,3,0.880000,131,6.970000,0.780000,"2024-07-16",55.740000,0.718000
"ITM11365","Apparel",301,81,6,4,19.760000,1.140000,0.860000,"L73","C",60,4.080000,76.360000,0.810000,8,0.790000,838,6.420000,0.260000,"2024-08-12",120.000000,0.455000
"ITM11366","Electronics",36,60,12,2,26.790000,7.290000,0.770000,"L88","A",41,0.860000,43.150000,0.870000,0,0.980000,364,10.080000,0.760000,"2024-08-02",118.060000,0.795000
"ITM11367","Pharma",90,83,12,7,34.240000,7.180000,0.150000,"L24","D",97,1.350000,22.880000,0.690000,1,0.820000,778,14.940000,0.420000,"2024-03-26",198.020000,0.758000
"ITM11368","Pharma",288,52,6,6,15.020000,3.870000,0.290000,"L22","B",145,3.610000,47.360000,1.080000,1,0.770000,965,13.490000,0.650000,"2024-07-30",183.680000,0.736000
"ITM11369","Groceries",344,24,3,9,13.350000,8.980000,0.600000,"L23","B",167,4.560000,172.300000,0.820000,8,0.870000,329,13.330000,0.330000,"2024-09-09",27.320000,0.576000
"ITM11370","Pharma",301,47,4,9,19.680000,5.270000,0.720000,"L11","B",35,4.840000,161.440000,1.940000,9,0.920000,692,10.040000,0.500000,"2024-07-12",256.060000,0.444000
"ITM11371","Automotive",324,24,13,5,25.550000,6.630000,0.220000,"L79","A",161,4.260000,94.000000,1.630000,4,0.700000,135,4.790000,0.280000,"2024-06-28",281.890000,0.417000
"ITM11372","Automotive",470,14,3,5,47.610000,2.490000,0.320000,"L49","C",164,1.450000,176.780000,1.870000,3,0.780000,889,6.380000,0.570000,"2024-10-06",236.260000,0.508000
"ITM11373","Groceries",26,92,8,4,38.340000,4.460000,0.270000,"L80","D",176,1.790000,54.210000,1.160000,9,0.950000,415,4.500000,0.370000,"2024-07-11",61.730000,0.428000
"ITM11374","Automotive",333,63,5,3,22.040000,8.690000,0.300000,"L88","D",75,4.420000,121.000000,1.390000,9,0.850000,874,2.890000,0.350000,"2024-02-21",59.930000,0.360000
"ITM11375","Apparel",324,60,9,8,3.660000,2.520000,0.930000,"L31","A",82,4.500000,37.160000,0.420000,3,0.820000,415,7.100000,0.290000,"2024-09-02",220.570000,0.615000
"ITM11376","Groceries",122,19,7,3,9.260000,4.210000,0.740000,"L64","B",59,3.380000,168.350000,1.530000,6,0.980000,142,13.570000,0.810000,"2024-10-22",137.850000,0.666000
"ITM11377","Apparel",328,21,11,7,23.340000,3.520000,0.760000,"L75","A",54,1.910000,34.810000,0.550000,2,0.730000,120,11.410000,0.710000,"2024-11-29",235.850000,0.745000
"ITM11378","Electronics",212,13,9,6,40.880000,1.940000,0.810000,"L19","C",96,1.510000,16.050000,0.380000,8,0.880000,375,14.790000,0.330000,"2024-12-17",31.890000,0.641000
"ITM11379","Apparel",260,27,6,9,19.650000,3.250000,0.420000,"L30","B",42,4.340000,61.950000,0.180000,4,0.800000,556,3.730000,0.580000,"2024-04-25",217.770000,0.628000
"ITM11380","Electronics",81,89,7,3,27.390000,2.710000,0.790000,"L60","A",28,1.420000,181.180000,1.000000,8,0.720000,375,8.010000,0.730000,"2024-03-24",132.990000,0.537000
"ITM11381","Electronics",36,45,7,9,44.700000,9.270000,0.980000,"L82","C",150,3.480000,34.600000,0.640000,0,0.760000,893,12.100000,0.900000,"2024-08-19",18.990000,0.829000
"ITM11382","Apparel",190,34,13,5,45.780000,7.540000,0.730000,"L33","B",122,4.860000,72.830000,1.970000,9,0.890000,240,7.450000,0.250000,"2024-02-07",168.100000,0.350000
"ITM11383","Groceries",44,96,7,9,11.570000,3.500000,0.480000,"L59","D",31,3.670000,70.120000,0.570000,7,0.710000,263,5.970000,0.490000,"2024-01-18",212.720000,0.523000
"ITM11384","Automotive",270,85,12,8,3.140000,7.750000,0.740000,"L33","C",157,1.660000,162.310000,1.750000,1,0.880000,96,12.420000,0.690000,"2024-05-30",163.190000,0.685000
"ITM11385","Automotive",272,45,11,9,15.970000,0.710000,0.910000,"L86","D",106,1.770000,90.090000,0.700000,7,0.990000,779,7.020000,0.210000,"2024-01-11",45.640000,0.524000
"ITM11386","Electronics",406,76,12,3,35.090000,5.500000,0.220000,"L2","C",14,0.920000,126.200000,1.520000,3,0.940000,138,13.780000,0.390000,"2024-06-12",246.610000,0.638000
"ITM11387","Electronics",226,18,5,8,47.600000,2.880000,0.340000,"L60","B",135,3.590000,86.830000,1.350000,1,0.800000,836,4.760000,0.800000,"2024-05-13",101.950000,0.628000
"ITM11388","Groceries",48,70,8,9,4.770000,1.590000,0.930000,"L37","A",87,2.830000,114.780000,1.170000,1,0.740000,276,13.550000,0.480000,"2024-02-23",277.220000,0.688000
"ITM11389","Pharma",136,62,10,6,2.400000,8.900000,0.950000,"L87","A",169,1.430000,21.860000,0.890000,5,0.840000,446,4.900000,0.270000,"2024-02-07",272.990000,0.498000
"ITM11390","Apparel",435,27,13,5,44.320000,2.390000,0.540000,"L70","A",39,1.520000,81.070000,1.380000,2,0.820000,266,5.050000,0.700000,"2024-06-24",68.110000,0.593000
"ITM11391","Electronics",301,52,11,9,37.660000,8.310000,0.440000,"L21","A",100,0.540000,172.470000,0.870000,9,0.990000,801,6.890000,0.400000,"2024-03-28",148.150000,0.503000
"ITM11392","Automotive",399,44,9,8,49.620000,4.430000,0.350000,"L10","C",163,4.900000,141.300000,1.140000,2,1.000000,350,8.220000,0.760000,"2024-07-11",49.840000,0.708000
"ITM11393","Groceries",163,72,14,3,20.440000,0.640000,0.550000,"L57","A",91,4.230000,196.550000,1.220000,8,0.820000,465,6.860000,0.920000,"2024-03-23",206.550000,0.557000
"ITM11394","Apparel",44,87,5,5,21.390000,7.460000,0.940000,"L45","A",97,2.270000,159.700000,0.610000,4,0.740000,975,13.070000,0.620000,"2024-02-08",257.060000,0.705000
"ITM11395","Groceries",329,13,3,4,9.440000,6.170000,0.230000,"L76","C",141,4.760000,95.790000,0.750000,6,0.970000,902,12.140000,0.680000,"2024-10-07",198.030000,0.697000
"ITM11396","Apparel",175,50,6,4,6.680000,3.770000,0.480000,"L39","C",114,3.550000,138.490000,0.130000,4,0.940000,943,5.340000,0.610000,"2024-02-17",85.540000,0.688000
"ITM11397","Apparel",92,54,8,7,29.360000,3.170000,0.920000,"L82","B",76,3.880000,157.420000,1.720000,1,0.850000,219,8.160000,0.850000,"2024-06-22",32.130000,0.657000
"ITM11398","Electronics",139,59,5,4,18.850000,1.200000,0.410000,"L55","C",127,3.560000,61.240000,1.540000,7,0.810000,414,7.030000,0.390000,"2024-10-31",30.090000,0.440000
"ITM11399","Groceries",331,88,3,3,4.940000,9.440000,0.790000,"L89","D",39,3.910000,21.400000,0.450000,8,0.830000,281,1.780000,0.520000,"2024-11-10",187.170000,0.489000
"ITM11400","Groceries",340,37,8,6,44.460000,5.190000,0.450000,"L33","B",120,1.270000,87.110000,0.790000,1,0.970000,669,11.470000,0.920000,"2024-09-04",286.470000,0.832000
"ITM11401","Automotive",112,51,3,5,10.720000,1.310000,0.820000,"L59","B",153,3.030000,37.490000,0.900000,1,0.760000,377,3.540000,0.780000,"2024-12-26",211.630000,0.645000
"ITM11402","Automotive",105,89,11,8,37.680000,8.750000,0.980000,"L39","A",48,4.320000,62.680000,0.740000,3,0.940000,282,14.080000,0.460000,"2024-01-16",221.880000,0.734000
"ITM11403","Electronics",355,85,13,2,14.830000,3.150000,0.450000,"L26","A",95,0.590000,189.900000,1.620000,7,0.710000,731,6.570000,0.870000,"2024-08-08",105.500000,0.502000
"ITM11404","Electronics",444,78,14,4,40.830000,2.430000,0.860000,"L50","D",50,1.060000,170.950000,1.480000,4,0.980000,696,9.710000,0.390000,"2024-11-30",179.950000,0.575000
"ITM11405","Pharma",383,10,3,4,6.800000,3.170000,0.990000,"L62","A",40,1.610000,122.570000,1.560000,4,0.850000,692,12.460000,0.710000,"2024-03-25",101.810000,0.642000
"ITM11406","Automotive",454,48,8,2,38.050000,5.860000,0.990000,"L14","C",150,1.830000,86.240000,1.820000,6,0.770000,86,3.520000,0.970000,"2024-11-06",271.480000,0.493000
"ITM11407","Apparel",137,99,3,8,5.810000,1.200000,0.490000,"L31","C",178,1.320000,60.220000,1.230000,3,0.700000,820,8.580000,0.660000,"2024-08-10",48.430000,0.603000
"ITM11408","Groceries",252,26,14,8,22.900000,5.080000,0.540000,"L49","A",165,3.310000,118.580000,1.270000,8,0.870000,451,4.320000,0.840000,"2024-03-21",193.290000,0.513000
"ITM11409","Electronics",218,97,9,2,36.970000,9.010000,0.370000,"L74","A",136,1.820000,111.300000,1.470000,3,0.770000,685,8.140000,0.790000,"2024-01-28",221.950000,0.614000
"ITM11410","Groceries",225,44,5,8,9.490000,2.290000,0.380000,"L46","C",73,1.210000,158.350000,1.390000,7,0.890000,475,9.110000,0.890000,"2024-02-21",212.560000,0.598000
"ITM11411","Groceries",432,55,8,3,15.000000,3.650000,0.540000,"L74","B",126,4.580000,186.320000,1.750000,2,0.780000,954,3.370000,0.980000,"2024-06-18",84.620000,0.582000
"ITM11412","Pharma",358,51,9,8,43.370000,4.260000,0.280000,"L38","D",28,3.630000,72.500000,1.560000,5,0.730000,457,9.130000,0.220000,"2024-04-15",150.950000,0.456000
"ITM11413","Automotive",166,48,3,5,44.370000,6.070000,0.740000,"L90","D",120,1.610000,49.200000,0.330000,0,0.850000,824,7.370000,0.220000,"2024-04-07",202.370000,0.679000
"ITM11414","Electronics",469,99,3,8,3.200000,9.230000,0.580000,"L38","B",123,2.120000,86.530000,1.860000,6,0.870000,914,8.310000,0.680000,"2024-07-28",279.970000,0.515000
"ITM11415","Groceries",444,58,7,9,9.240000,4.250000,0.910000,"L3","D",34,3.830000,93.130000,1.400000,6,0.840000,266,13.670000,0.960000,"2024-12-22",154.900000,0.682000
"ITM11416","Electronics",448,71,8,9,6.760000,1.160000,0.830000,"L85","A",175,4.060000,17.580000,0.340000,1,0.840000,219,7.770000,0.590000,"2024-10-10",97.150000,0.736000
"ITM11417","Apparel",290,47,11,4,9.800000,3.810000,0.390000,"L51","A",130,1.290000,173.720000,1.570000,4,0.880000,659,7.670000,0.870000,"2024-10-03",122.090000,0.615000
"ITM11418","Pharma",406,32,3,6,48.540000,2.310000,0.560000,"L36","A",108,4.710000,199.160000,0.780000,3,0.860000,407,7.590000,0.810000,"2024-05-15",166.980000,0.697000
"ITM11419","Apparel",158,31,6,3,28.030000,6.690000,0.780000,"L2","D",99,4.030000,185.410000,1.630000,9,0.740000,235,9.720000,0.600000,"2024-12-04",293.140000,0.455000
"ITM11420","Electronics",200,13,12,3,23.940000,0.780000,0.270000,"L73","B",12,4.360000,173.530000,1.920000,8,0.760000,774,6.150000,0.610000,"2024-05-24",192.220000,0.404000
"ITM11421","Electronics",449,58,10,8,49.240000,3.270000,0.130000,"L88","A",139,1.150000,198.590000,0.580000,1,0.740000,919,12.220000,0.550000,"2024-06-01",54.870000,0.743000
"ITM11422","Automotive",49,68,12,6,28.290000,5.680000,0.870000,"L100","B",14,1.150000,182.480000,1.730000,2,0.910000,873,5.000000,0.400000,"2024-05-01",254.510000,0.516000
"ITM11423","Groceries",76,82,11,6,33.390000,3.130000,0.220000,"L96","C",29,1.870000,140.790000,1.570000,0,0.860000,793,5.190000,0.890000,"2024-02-19",62.620000,0.662000
"ITM11424","Groceries",251,77,5,7,17.310000,5.730000,0.900000,"L7","C",47,0.790000,41.680000,1.380000,9,0.830000,963,9.240000,0.370000,"2024-01-26",21.240000,0.445000
"ITM11425","Apparel",165,80,13,6,19.720000,1.590000,0.920000,"L78","C",110,0.910000,39.710000,0.830000,4,0.940000,728,4.640000,0.930000,"2024-07-20",39.060000,0.673000
"ITM11426","Pharma",454,96,4,8,30.130000,9.460000,0.510000,"L96","D",137,1.140000,19.270000,0.310000,2,0.800000,867,2.260000,0.490000,"2024-10-19",237.980000,0.617000
"ITM11427","Groceries",403,11,6,8,4.420000,3.260000,0.830000,"L64","D",111,3.710000,88.250000,1.020000,3,0.870000,210,3.880000,0.220000,"2024-10-08",271.550000,0.508000
"ITM11428","Automotive",67,58,4,2,13.540000,9.270000,0.430000,"L37","A",45,0.640000,163.680000,0.300000,3,0.720000,333,13.790000,0.330000,"2024-09-08",87.780000,0.704000
"ITM11429","Apparel",213,97,3,4,10.640000,3.600000,0.870000,"L100","C",108,0.870000,103.160000,1.050000,5,0.920000,233,1.150000,0.910000,"2024-03-19",154.450000,0.576000
"ITM11430","Apparel",243,40,14,9,1.780000,7.930000,0.840000,"L30","B",122,4.750000,79.600000,1.660000,9,0.910000,586,2.870000,0.300000,"2024-01-28",183.190000,0.334000
"ITM11431","Automotive",155,49,5,7,27.310000,2.840000,0.170000,"L78","D",46,0.880000,30.750000,2.000000,6,0.940000,191,11.610000,0.790000,"2024-07-03",131.420000,0.581000
"ITM11432","Pharma",41,57,9,8,28.490000,6.860000,0.620000,"L46","B",63,2.920000,19.830000,0.480000,6,0.970000,744,14.720000,0.350000,"2024-01-02",28.940000,0.692000
"ITM11433","Automotive",25,60,3,2,19.810000,3.580000,0.680000,"L29","B",158,3.390000,85.840000,0.490000,7,0.930000,645,10.630000,0.600000,"2024-08-06",26.430000,0.659000
"ITM11434","Pharma",223,52,4,7,14.170000,5.340000,0.100000,"L82","A",158,4.810000,28.990000,1.640000,2,0.950000,280,13.910000,0.360000,"2024-02-14",137.700000,0.643000
"ITM11435","Automotive",258,64,3,4,32.950000,6.900000,0.980000,"L25","A",101,4.550000,29.670000,0.990000,4,0.800000,517,12.970000,0.470000,"2024-05-30",241.380000,0.648000
"ITM11436","Automotive",204,97,10,7,7.600000,6.090000,0.470000,"L80","B",79,2.480000,85.120000,1.840000,9,0.800000,952,7.720000,0.300000,"2024-12-04",34.540000,0.359000
"ITM11437","Electronics",379,58,7,2,26.410000,5.970000,0.570000,"L33","B",93,4.740000,105.540000,1.560000,5,0.980000,437,5.670000,0.640000,"2024-11-16",69.650000,0.544000
"ITM11438","Apparel",311,99,10,5,38.640000,1.120000,0.280000,"L87","B",173,2.450000,45.470000,1.500000,5,0.970000,784,9.850000,0.490000,"2024-11-03",88.230000,0.573000
"ITM11439","Automotive",354,89,5,9,9.050000,2.870000,0.650000,"L97","B",20,3.510000,140.080000,0.290000,7,0.860000,207,8.470000,0.490000,"2024-09-02",172.150000,0.614000
"ITM11440","Automotive",239,66,14,8,37.910000,5.930000,0.830000,"L93","C",97,1.670000,89.550000,0.170000,4,0.810000,367,1.360000,0.230000,"2024-04-12",22.530000,0.529000
"ITM11441","Groceries",135,86,9,9,38.280000,0.670000,0.630000,"L99","B",96,3.360000,27.470000,0.700000,4,0.960000,234,14.400000,0.310000,"2024-02-19",259.410000,0.696000
"ITM11442","Apparel",332,24,10,4,3.940000,2.880000,0.810000,"L85","D",40,2.920000,131.040000,0.510000,0,0.800000,470,8.980000,0.770000,"2024-01-14",146.510000,0.783000
"ITM11443","Groceries",68,36,8,3,1.920000,2.680000,0.760000,"L88","A",110,3.230000,77.820000,1.450000,0,0.750000,232,13.240000,0.430000,"2024-04-15",150.720000,0.668000
"ITM11444","Apparel",192,77,9,4,48.720000,2.870000,0.310000,"L18","D",174,3.570000,19.940000,0.960000,5,0.890000,646,11.280000,0.550000,"2024-03-28",104.690000,0.642000
"ITM11445","Groceries",101,89,14,4,10.480000,5.590000,0.490000,"L81","A",69,1.280000,190.120000,1.090000,9,0.710000,626,5.770000,0.810000,"2024-11-22",71.480000,0.492000
"ITM11446","Automotive",341,73,4,4,41.280000,6.030000,0.230000,"L13","A",70,1.860000,118.530000,1.650000,9,0.810000,101,13.620000,0.560000,"2024-05-29",115.460000,0.511000
"ITM11447","Automotive",352,39,10,5,28.530000,9.140000,0.140000,"L81","A",76,3.810000,100.770000,1.010000,4,0.940000,52,12.070000,0.380000,"2024-02-11",274.890000,0.644000
"ITM11448","Electronics",64,45,7,8,13.960000,4.170000,0.160000,"L83","D",166,1.240000,173.240000,1.140000,9,0.790000,126,7.020000,0.640000,"2024-08-30",37.330000,0.486000
"ITM11449","Groceries",354,76,9,2,7.370000,9.300000,0.950000,"L6","A",88,2.050000,187.980000,1.700000,5,0.980000,696,12.770000,0.840000,"2024-02-29",27.610000,0.664000
"ITM11450","Pharma",39,95,3,8,25.340000,6.690000,0.990000,"L40","B",80,3.500000,51.860000,0.920000,8,0.990000,887,4.800000,0.680000,"2024-06-06",43.190000,0.546000
"ITM11451","Electronics",467,95,7,3,20.960000,9.170000,0.190000,"L57","B",76,4.720000,163.930000,0.260000,7,0.940000,631,10.390000,0.540000,"2024-07-22",235.320000,0.669000
"ITM11452","Groceries",240,58,3,2,35.250000,8.420000,0.400000,"L5","C",137,0.840000,167.910000,1.090000,6,1.000000,723,2.600000,0.300000,"2024-08-29",24.040000,0.466000
"ITM11453","Groceries",142,85,14,7,45.300000,7.030000,0.200000,"L75","C",120,2.820000,20.340000,1.200000,6,0.860000,657,13.120000,0.400000,"2024-09-07",106.620000,0.587000
"ITM11454","Electronics",253,64,10,7,40.460000,3.880000,0.850000,"L47","C",25,0.870000,145.270000,1.070000,5,0.870000,65,11.210000,0.960000,"2024-12-04",133.210000,0.708000
"ITM11455","Automotive",240,94,6,7,14.450000,2.790000,0.550000,"L94","B",54,2.210000,21.960000,0.590000,5,0.950000,279,3.140000,0.820000,"2024-05-15",157.060000,0.637000
"ITM11456","Groceries",342,65,6,2,44.070000,2.610000,0.660000,"L17","D",43,1.290000,122.990000,0.530000,0,0.850000,953,1.300000,0.270000,"2024-02-16",10.930000,0.588000
"ITM11457","Automotive",358,77,4,6,41.840000,9.550000,0.590000,"L12","C",53,3.420000,137.150000,0.800000,6,0.820000,966,6.460000,0.200000,"2024-11-24",151.160000,0.490000
"ITM11458","Electronics",22,53,7,5,46.530000,9.610000,0.740000,"L38","B",126,3.910000,79.740000,0.420000,4,0.880000,938,10.450000,0.340000,"2024-10-05",66.530000,0.661000
"ITM11459","Automotive",201,40,3,6,23.470000,7.390000,0.390000,"L42","A",134,1.610000,177.350000,1.370000,6,0.900000,316,4.960000,0.960000,"2024-07-17",38.380000,0.581000
"ITM11460","Apparel",225,67,11,8,38.660000,8.900000,0.220000,"L96","D",112,3.710000,162.100000,1.270000,5,0.930000,355,14.630000,0.660000,"2024-04-04",164.660000,0.686000
"ITM11461","Pharma",339,96,7,7,29.990000,9.230000,0.120000,"L54","D",129,2.510000,185.930000,1.300000,7,0.900000,904,14.090000,0.870000,"2024-07-08",225.800000,0.672000
"ITM11462","Groceries",59,62,8,5,16.210000,5.360000,0.500000,"L23","B",179,1.780000,69.830000,0.530000,2,0.920000,55,9.370000,0.570000,"2024-07-14",281.080000,0.730000
"ITM11463","Pharma",78,93,4,2,49.730000,6.480000,0.920000,"L26","B",44,2.860000,14.090000,0.570000,7,0.900000,159,5.420000,0.860000,"2024-07-08",274.670000,0.627000
"ITM11464","Automotive",458,88,12,7,2.880000,4.480000,0.370000,"L17","A",135,2.210000,164.180000,1.600000,6,0.840000,192,13.550000,0.230000,"2024-04-05",125.710000,0.515000
"ITM11465","Groceries",81,32,12,2,8.950000,4.480000,0.280000,"L70","A",84,1.530000,52.370000,1.410000,0,0.740000,956,12.250000,0.540000,"2024-08-16",214.180000,0.678000
"ITM11466","Automotive",151,37,3,5,44.730000,0.870000,0.930000,"L47","A",93,3.910000,98.760000,1.760000,2,0.940000,716,2.210000,0.500000,"2024-01-23",211.730000,0.501000
"ITM11467","Apparel",79,25,6,2,3.970000,4.620000,0.190000,"L68","D",167,4.090000,165.290000,0.870000,9,0.710000,256,7.670000,0.990000,"2024-05-14",129.510000,0.575000
"ITM11468","Electronics",391,46,9,2,44.450000,6.900000,0.150000,"L65","D",62,4.100000,51.070000,1.140000,3,1.000000,478,14.740000,0.440000,"2024-08-13",38.480000,0.711000
"ITM11469","Groceries",350,30,8,3,36.050000,4.510000,0.890000,"L35","C",67,2.220000,69.260000,1.500000,8,0.950000,215,7.350000,0.530000,"2024-08-26",120.780000,0.484000
"ITM11470","Apparel",141,88,12,8,2.800000,8.790000,0.730000,"L22","C",165,1.260000,93.430000,1.950000,5,0.900000,309,14.060000,0.810000,"2024-05-14",297.780000,0.634000
"ITM11471","Apparel",498,26,3,6,22.040000,3.660000,0.480000,"L33","C",152,4.280000,61.650000,1.980000,6,0.990000,734,14.680000,0.900000,"2024-04-25",170.960000,0.656000
"ITM11472","Groceries",126,46,3,9,37.970000,1.760000,0.780000,"L62","D",175,1.980000,97.650000,2.000000,4,0.880000,443,6.420000,0.900000,"2024-05-17",109.000000,0.562000
"ITM11473","Automotive",115,86,10,6,29.570000,8.210000,0.770000,"L38","A",59,3.870000,11.820000,1.790000,2,0.720000,170,14.500000,0.520000,"2024-10-15",225.710000,0.622000
"ITM11474","Apparel",366,28,6,6,46.860000,6.900000,0.140000,"L96","C",150,4.180000,50.320000,1.320000,4,0.870000,999,2.930000,0.960000,"2024-02-01",209.030000,0.593000
"ITM11475","Pharma",433,39,7,4,43.510000,2.800000,0.710000,"L44","A",120,3.960000,168.190000,0.110000,6,0.780000,462,3.240000,0.720000,"2024-03-18",177.850000,0.612000
"ITM11476","Apparel",254,54,9,3,17.300000,5.600000,0.680000,"L15","A",172,2.250000,88.560000,1.430000,8,0.810000,189,4.870000,0.880000,"2024-12-22",194.860000,0.500000
"ITM11477","Automotive",405,27,10,9,5.150000,4.320000,0.970000,"L60","A",120,4.720000,130.920000,0.550000,8,0.840000,217,7.550000,0.940000,"2024-12-07",179.630000,0.642000
"ITM11478","Automotive",81,87,12,7,47.270000,9.420000,0.970000,"L10","C",161,3.470000,54.130000,0.210000,7,0.930000,133,3.530000,0.390000,"2024-02-19",287.320000,0.550000
"ITM11479","Pharma",275,71,9,7,26.350000,6.270000,0.440000,"L19","C",129,3.090000,133.480000,1.420000,4,0.850000,470,5.760000,0.600000,"2024-02-13",157.650000,0.545000
"ITM11480","Apparel",68,45,4,7,4.650000,2.000000,0.630000,"L97","A",74,3.640000,200.000000,1.540000,6,0.840000,755,2.450000,0.670000,"2024-12-08",181.160000,0.461000
"ITM11481","Automotive",412,93,6,6,41.010000,5.270000,0.230000,"L29","C",115,0.700000,123.100000,1.350000,3,0.790000,837,7.020000,0.840000,"2024-06-25",146.780000,0.625000
"ITM11482","Groceries",367,61,12,8,43.560000,8.690000,0.160000,"L87","B",100,2.260000,129.390000,0.790000,9,0.860000,317,12.580000,0.520000,"2024-10-04",184.060000,0.585000
"ITM11483","Electronics",178,28,14,6,32.330000,6.880000,0.490000,"L93","C",155,4.470000,31.190000,1.070000,4,0.770000,87,9.330000,0.370000,"2024-07-30",268.340000,0.565000
"ITM11484","Electronics",143,53,3,9,22.930000,8.500000,0.720000,"L87","A",35,1.220000,86.640000,1.880000,3,0.780000,975,12.340000,0.790000,"2024-10-28",108.530000,0.631000
"ITM11485","Electronics",336,16,12,8,33.450000,2.880000,0.610000,"L51","A",166,2.360000,173.540000,1.490000,2,0.930000,352,2.900000,0.670000,"2024-04-26",153.810000,0.570000
"ITM11486","Apparel",226,53,11,3,35.630000,8.940000,0.490000,"L72","D",81,2.320000,168.510000,1.060000,0,0.800000,387,6.590000,0.920000,"2024-10-10",140.100000,0.726000
"ITM11487","Pharma",67,77,5,8,44.760000,7.680000,0.840000,"L47","D",53,2.100000,109.260000,1.230000,4,0.720000,803,1.550000,0.720000,"2024-02-01",125.410000,0.506000
"ITM11488","Automotive",428,43,14,9,47.840000,7.420000,0.810000,"L12","A",99,3.030000,181.660000,1.860000,1,0.800000,379,6.180000,0.210000,"2024-07-17",248.100000,0.478000
"ITM11489","Groceries",439,75,5,2,26.200000,3.790000,0.760000,"L51","B",142,4.980000,37.160000,0.850000,5,0.890000,248,9.600000,0.970000,"2024-09-24",77.260000,0.715000
"ITM11490","Groceries",155,78,12,6,40.130000,8.930000,0.170000,"L2","D",170,1.650000,135.060000,0.290000,4,0.940000,859,8.960000,0.670000,"2024-08-02",154.980000,0.732000
"ITM11491","Apparel",220,64,11,7,48.260000,6.560000,0.820000,"L34","A",133,3.670000,57.290000,0.720000,1,0.990000,54,1.840000,0.680000,"2024-10-01",278.140000,0.667000
"ITM11492","Electronics",269,19,12,2,8.410000,8.590000,0.930000,"L69","D",14,3.910000,132.660000,0.890000,7,0.920000,481,1.870000,0.930000,"2024-12-17",56.760000,0.566000
"ITM11493","Apparel",333,51,5,6,1.900000,3.930000,0.150000,"L16","D",136,3.130000,26.610000,0.620000,4,0.830000,420,5.270000,0.730000,"2024-08-31",11.350000,0.640000
"ITM11494","Pharma",376,50,10,5,43.580000,1.880000,0.460000,"L59","A",122,0.940000,189.290000,1.110000,1,0.790000,944,11.800000,0.580000,"2024-10-20",86.910000,0.700000
"ITM11495","Pharma",387,86,4,4,10.570000,3.660000,0.990000,"L48","C",120,3.080000,159.400000,0.680000,0,0.740000,916,1.290000,0.290000,"2024-04-30",277.470000,0.555000
"ITM11496","Automotive",448,78,5,6,3.080000,4.830000,0.640000,"L87","B",173,4.790000,48.180000,0.300000,1,0.890000,152,9.620000,0.970000,"2024-08-31",35.410000,0.850000
"ITM11497","Automotive",337,19,4,5,8.840000,5.570000,0.560000,"L96","C",86,2.040000,131.080000,0.460000,0,0.850000,484,3.570000,0.260000,"2024-06-02",49.750000,0.624000
"ITM11498","Pharma",314,19,3,9,19.820000,5.350000,0.260000,"L87","A",22,3.380000,154.240000,1.840000,9,0.900000,957,14.220000,0.340000,"2024-02-10",102.900000,0.474000
"ITM11499","Pharma",499,69,4,3,11.740000,5.690000,0.610000,"L34","A",162,4.820000,49.790000,1.300000,9,0.770000,699,7.020000,0.860000,"2024-07-21",233.210000,0.510000
"ITM11500","Pharma",333,60,10,5,15.960000,8.500000,0.500000,"L75","B",67,4.090000,27.730000,0.700000,2,0.800000,854,1.670000,0.590000,"2024-01-18",227.870000,0.590000
"ITM11501","Apparel",228,30,11,3,48.790000,2.120000,0.210000,"L49","A",139,3.600000,76.840000,0.800000,2,0.790000,430,10.990000,0.340000,"2024-09-14",35.250000,0.653000
"ITM11502","Pharma",374,17,4,6,35.520000,3.500000,0.520000,"L82","D",97,4.870000,35.790000,1.040000,9,0.940000,115,7.780000,0.430000,"2024-10-19",280.810000,0.494000
"ITM11503","Groceries",230,74,9,3,35.900000,8.940000,0.250000,"L48","B",45,1.270000,117.490000,1.380000,0,0.750000,628,13.340000,1.000000,"2024-09-21",79.260000,0.790000
"ITM11504","Electronics",211,87,7,5,5.640000,5.820000,0.760000,"L14","C",34,3.980000,90.580000,1.210000,6,0.880000,319,10.130000,0.670000,"2024-10-19",91.380000,0.604000
"ITM11505","Pharma",63,94,5,8,36.870000,6.040000,0.980000,"L87","B",43,2.330000,97.860000,1.870000,9,0.720000,96,10.700000,0.520000,"2024-12-12",122.060000,0.424000
"ITM11506","Electronics",48,39,11,4,37.230000,5.040000,0.520000,"L30","C",149,2.120000,113.140000,1.290000,6,0.860000,965,11.740000,0.900000,"2024-11-13",194.000000,0.660000
"ITM11507","Apparel",78,94,8,2,33.330000,5.720000,0.670000,"L61","A",28,2.840000,196.590000,1.830000,8,0.720000,414,6.880000,0.580000,"2024-03-16",161.180000,0.409000
"ITM11508","Electronics",90,58,13,2,12.190000,2.380000,0.490000,"L4","C",123,0.650000,160.600000,0.110000,4,0.750000,930,12.100000,0.450000,"2024-03-02",279.300000,0.710000
"ITM11509","Apparel",111,18,3,4,21.730000,5.700000,0.220000,"L80","C",115,1.910000,129.600000,1.790000,3,0.730000,229,1.710000,0.330000,"2024-08-17",173.740000,0.396000
"ITM11510","Groceries",284,26,7,7,42.470000,9.970000,0.970000,"L72","C",46,1.250000,79.100000,1.470000,4,0.800000,117,11.720000,0.800000,"2024-03-29",258.540000,0.649000
"ITM11511","Apparel",402,78,9,2,33.840000,5.880000,0.220000,"L42","B",116,1.120000,15.140000,0.430000,7,0.800000,164,9.910000,0.680000,"2024-03-26",32.680000,0.645000
"ITM11512","Apparel",239,67,6,9,36.910000,0.920000,0.200000,"L79","D",138,2.020000,32.140000,0.600000,7,0.950000,75,8.930000,0.270000,"2024-04-18",258.210000,0.563000
"ITM11513","Automotive",409,66,10,6,29.780000,8.070000,0.510000,"L29","C",69,4.110000,148.860000,1.130000,3,0.770000,608,5.450000,0.670000,"2024-04-08",67.340000,0.588000
"ITM11514","Pharma",432,71,12,7,23.030000,4.270000,0.690000,"L83","B",76,1.400000,80.150000,0.340000,7,0.730000,256,2.600000,0.330000,"2024-03-05",115.140000,0.473000
"ITM11515","Pharma",461,61,7,6,38.190000,1.960000,0.420000,"L9","B",88,2.890000,73.540000,1.590000,3,0.880000,122,10.060000,0.990000,"2024-01-22",102.770000,0.689000
"ITM11516","Groceries",420,70,11,5,4.330000,8.690000,0.270000,"L82","D",120,3.870000,178.910000,1.600000,3,0.910000,308,7.600000,0.410000,"2024-08-04",107.810000,0.545000
"ITM11517","Groceries",419,49,11,9,33.980000,2.380000,0.840000,"L60","B",57,1.580000,102.060000,0.670000,7,0.790000,435,4.050000,0.760000,"2024-02-10",276.420000,0.557000
"ITM11518","Pharma",234,47,11,5,49.860000,9.250000,0.430000,"L90","A",156,4.660000,180.920000,0.230000,1,0.880000,986,1.610000,0.720000,"2024-12-15",138.060000,0.698000
"ITM11519","Automotive",498,52,3,7,39.230000,4.700000,0.270000,"L39","A",97,4.400000,178.460000,1.980000,3,0.930000,79,8.540000,0.750000,"2024-08-10",87.710000,0.592000
"ITM11520","Pharma",406,72,4,7,15.240000,7.560000,0.430000,"L84","A",49,1.630000,25.230000,0.580000,0,0.800000,470,2.770000,0.540000,"2024-04-13",95.380000,0.647000
"ITM11521","Automotive",296,28,5,9,14.610000,5.700000,0.290000,"L53","D",143,4.950000,189.620000,0.230000,0,0.860000,52,14.010000,0.260000,"2024-11-17",242.970000,0.788000
"ITM11522","Groceries",83,59,6,9,33.690000,2.940000,0.570000,"L15","B",105,3.510000,24.620000,0.730000,7,0.740000,570,3.110000,0.980000,"2024-03-16",166.340000,0.572000
"ITM11523","Electronics",365,42,12,7,44.900000,6.880000,0.700000,"L18","A",172,1.790000,193.070000,1.940000,3,0.710000,569,1.450000,0.350000,"2024-10-31",140.350000,0.377000
"ITM11524","Groceries",311,22,11,7,29.320000,9.600000,0.820000,"L6","C",70,3.560000,96.000000,1.610000,5,0.990000,570,4.670000,0.820000,"2024-05-12",278.780000,0.563000
"ITM11525","Groceries",264,87,12,3,26.840000,7.810000,0.300000,"L5","B",14,3.500000,154.560000,1.010000,4,0.790000,937,3.450000,0.310000,"2024-06-12",279.700000,0.485000
"ITM11526","Apparel",489,71,8,8,8.860000,6.240000,0.250000,"L39","A",46,3.230000,144.170000,0.680000,9,0.780000,450,12.080000,0.420000,"2024-02-04",229.270000,0.553000
"ITM11527","Apparel",81,52,3,7,36.060000,9.910000,0.120000,"L64","B",148,3.700000,108.510000,0.900000,5,0.990000,713,5.050000,0.650000,"2024-02-14",160.220000,0.605000
"ITM11528","Apparel",445,58,14,9,35.410000,3.020000,0.310000,"L15","A",115,1.710000,127.700000,0.130000,3,0.920000,703,4.430000,0.530000,"2024-07-17",43.820000,0.676000
"ITM11529","Apparel",351,45,11,8,48.380000,1.090000,0.120000,"L13","C",108,4.910000,190.480000,1.460000,3,0.880000,999,14.930000,0.970000,"2024-10-11",215.310000,0.763000
"ITM11530","Automotive",189,19,8,7,15.710000,0.810000,0.410000,"L31","B",177,4.360000,186.200000,0.290000,6,0.910000,897,3.100000,0.880000,"2024-07-22",246.380000,0.650000
"ITM11531","Pharma",464,15,6,5,38.070000,7.250000,0.230000,"L69","A",17,3.860000,134.320000,1.090000,0,0.910000,323,2.190000,0.940000,"2024-10-09",257.090000,0.690000
"ITM11532","Electronics",288,66,6,6,22.270000,8.390000,0.620000,"L18","A",96,0.620000,134.970000,1.180000,8,0.930000,521,5.280000,0.710000,"2024-06-15",178.740000,0.520000
"ITM11533","Groceries",286,10,5,8,28.370000,6.530000,0.450000,"L50","C",93,3.160000,56.920000,0.100000,9,0.720000,984,6.670000,0.380000,"2024-05-21",188.880000,0.519000
"ITM11534","Automotive",73,80,9,5,41.010000,9.100000,0.180000,"L59","C",20,3.680000,167.440000,1.960000,2,0.820000,421,11.650000,0.610000,"2024-09-23",215.690000,0.605000
"ITM11535","Electronics",35,67,5,2,11.880000,7.130000,0.460000,"L48","A",80,4.340000,130.190000,0.670000,3,0.790000,480,14.380000,0.810000,"2024-08-22",263.440000,0.785000
"ITM11536","Automotive",27,30,4,9,17.800000,4.020000,0.290000,"L86","A",103,4.760000,166.990000,0.250000,8,0.720000,588,11.690000,0.250000,"2024-01-07",23.170000,0.565000
"ITM11537","Automotive",123,89,12,3,38.890000,2.220000,0.710000,"L96","D",132,4.620000,134.990000,1.720000,4,0.820000,397,11.170000,0.890000,"2024-12-24",173.330000,0.639000
"ITM11538","Groceries",78,65,10,3,28.950000,9.280000,0.430000,"L90","D",150,2.330000,66.870000,0.390000,3,0.880000,120,14.880000,0.710000,"2024-11-15",117.040000,0.817000
"ITM11539","Pharma",332,96,6,6,5.530000,1.480000,0.230000,"L70","B",115,4.530000,46.000000,0.150000,5,0.750000,531,11.720000,0.780000,"2024-10-27",251.620000,0.747000
"ITM11540","Apparel",59,29,10,7,22.080000,5.660000,0.410000,"L54","B",58,0.500000,24.620000,1.040000,0,0.790000,780,2.950000,0.760000,"2024-09-24",48.810000,0.645000
"ITM11541","Pharma",256,63,3,5,29.750000,3.480000,0.300000,"L76","D",16,2.080000,121.340000,0.350000,9,0.890000,851,7.460000,0.880000,"2024-08-02",273.810000,0.638000
"ITM11542","Groceries",462,34,7,2,45.570000,3.080000,0.820000,"L96","A",110,1.010000,63.970000,1.970000,0,0.870000,305,8.050000,0.270000,"2024-02-27",45.960000,0.538000
"ITM11543","Groceries",405,37,11,5,10.240000,6.640000,0.990000,"L94","C",162,4.470000,129.800000,0.120000,4,0.960000,152,5.270000,0.500000,"2024-07-31",35.900000,0.670000
"ITM11544","Groceries",113,14,3,9,40.490000,2.700000,0.120000,"L20","B",160,4.680000,21.140000,0.200000,4,0.940000,196,3.300000,0.600000,"2024-03-17",110.480000,0.652000
"ITM11545","Electronics",241,30,13,9,7.400000,9.210000,0.720000,"L54","A",60,1.650000,81.380000,1.680000,8,0.990000,951,10.960000,0.640000,"2024-03-16",298.470000,0.544000
"ITM11546","Pharma",223,27,6,7,12.870000,4.360000,0.340000,"L84","C",14,2.150000,59.510000,0.560000,0,0.880000,719,4.880000,0.950000,"2024-10-17",193.800000,0.775000
"ITM11547","Pharma",157,56,8,7,12.920000,6.940000,0.160000,"L13","C",22,4.930000,80.360000,1.830000,2,0.910000,909,9.750000,0.230000,"2024-10-28",17.670000,0.535000
"ITM11548","Automotive",319,79,12,9,44.000000,7.410000,0.110000,"L63","A",51,3.050000,20.310000,0.690000,2,0.960000,189,5.520000,0.890000,"2024-10-25",82.290000,0.735000
"ITM11549","Automotive",414,66,10,4,10.750000,6.990000,0.890000,"L79","A",134,2.740000,147.590000,0.230000,3,0.950000,704,8.090000,0.640000,"2024-02-21",53.260000,0.743000
"ITM11550","Automotive",226,28,5,9,39.560000,9.080000,0.420000,"L53","B",142,2.750000,32.170000,0.120000,6,0.920000,670,5.720000,0.640000,"2024-02-24",10.290000,0.656000
"ITM11551","Groceries",355,74,7,5,23.630000,2.700000,1.000000,"L36","D",160,3.630000,12.740000,0.640000,6,0.850000,472,6.760000,0.460000,"2024-10-15",159.330000,0.568000
"ITM11552","Pharma",100,12,9,6,49.960000,1.320000,0.500000,"L5","A",71,4.800000,189.790000,1.000000,9,0.780000,920,11.250000,0.710000,"2024-02-21",120.520000,0.568000
"ITM11553","Groceries",237,51,3,5,42.120000,1.030000,0.270000,"L89","D",138,2.150000,46.650000,0.100000,4,0.960000,881,13.370000,0.720000,"2024-05-26",187.850000,0.824000
"ITM11554","Electronics",21,30,9,3,37.250000,8.840000,0.800000,"L48","B",83,1.280000,167.330000,1.200000,8,0.930000,113,8.120000,0.350000,"2024-10-01",72.750000,0.484000
"ITM11555","Automotive",197,49,14,2,43.670000,9.750000,0.930000,"L28","D",123,1.330000,193.250000,0.730000,6,0.950000,320,9.540000,0.740000,"2024-06-25",251.010000,0.672000
"ITM11556","Groceries",415,76,13,8,32.070000,3.370000,0.830000,"L57","D",63,0.590000,111.480000,0.840000,1,0.740000,747,13.100000,0.410000,"2024-07-29",121.120000,0.701000
"ITM11557","Groceries",390,34,10,6,42.340000,7.090000,0.770000,"L57","C",125,3.000000,109.960000,0.600000,2,0.790000,917,3.010000,0.750000,"2024-05-15",150.040000,0.648000
"ITM11558","Electronics",365,64,10,4,13.800000,0.580000,0.400000,"L31","B",140,4.680000,79.810000,1.110000,6,0.830000,884,3.270000,0.690000,"2024-07-15",222.420000,0.517000
"ITM11559","Apparel",298,93,11,2,5.790000,2.290000,0.160000,"L47","A",92,3.710000,90.860000,0.540000,4,0.950000,562,6.030000,0.770000,"2024-12-01",58.190000,0.690000
"ITM11560","Pharma",165,61,8,2,31.180000,7.050000,0.280000,"L13","D",139,4.970000,101.590000,0.360000,6,0.970000,56,5.330000,0.220000,"2024-09-05",86.080000,0.553000
"ITM11561","Apparel",337,53,14,8,22.300000,1.130000,0.500000,"L88","B",58,4.590000,38.900000,1.790000,8,0.790000,442,14.810000,0.300000,"2024-10-19",54.880000,0.476000
"ITM11562","Automotive",243,94,8,3,21.900000,4.950000,0.960000,"L48","C",40,2.710000,79.300000,0.840000,8,0.910000,50,8.900000,0.870000,"2024-11-07",232.740000,0.631000
"ITM11563","Groceries",388,65,4,3,26.810000,6.790000,0.750000,"L70","C",83,2.690000,165.060000,0.250000,2,0.720000,310,8.330000,0.500000,"2024-08-30",38.280000,0.690000
"ITM11564","Electronics",403,64,5,3,18.710000,7.780000,0.850000,"L83","D",126,3.330000,44.660000,0.540000,7,0.820000,96,9.100000,0.870000,"2024-01-20",151.810000,0.665000
"ITM11565","Electronics",81,96,6,6,31.680000,4.810000,0.350000,"L46","D",12,1.000000,148.670000,0.690000,5,0.850000,917,13.250000,0.250000,"2024-03-29",227.470000,0.628000
"ITM11566","Pharma",313,79,6,5,2.500000,6.490000,0.720000,"L8","A",133,3.230000,133.800000,1.560000,3,0.930000,827,4.410000,0.820000,"2024-05-21",157.250000,0.593000
"ITM11567","Apparel",258,86,10,2,48.520000,5.630000,0.880000,"L51","B",172,2.590000,20.890000,0.140000,3,0.970000,51,8.150000,0.270000,"2024-07-25",157.520000,0.683000
"ITM11568","Pharma",214,96,3,5,46.310000,1.000000,0.530000,"L36","A",94,3.390000,14.260000,1.010000,3,0.800000,584,4.790000,0.570000,"2024-03-14",28.470000,0.577000
"ITM11569","Groceries",185,82,12,5,46.830000,7.560000,0.490000,"L25","A",173,3.040000,76.980000,0.870000,6,0.860000,408,11.930000,0.950000,"2024-11-12",237.030000,0.714000
"ITM11570","Pharma",470,90,6,3,18.890000,2.140000,0.750000,"L16","C",73,1.900000,141.510000,1.940000,5,0.890000,526,11.880000,0.260000,"2024-11-07",185.160000,0.494000
"ITM11571","Electronics",241,75,13,5,27.060000,0.800000,0.600000,"L59","B",169,3.230000,72.780000,0.440000,1,0.800000,964,14.400000,0.480000,"2024-12-14",203.580000,0.784000
"ITM11572","Electronics",80,28,14,2,47.750000,4.790000,0.990000,"L12","A",27,2.150000,136.870000,1.290000,4,1.000000,471,7.260000,0.610000,"2024-12-21",232.080000,0.610000
"ITM11573","Automotive",148,92,13,2,45.210000,8.720000,0.480000,"L85","C",43,1.380000,136.440000,0.480000,4,0.960000,864,3.220000,0.920000,"2024-07-24",172.580000,0.691000
"ITM11574","Automotive",497,16,13,7,39.720000,1.930000,0.260000,"L28","D",65,3.540000,163.250000,1.140000,5,0.790000,645,13.550000,0.470000,"2024-01-20",157.500000,0.619000
"ITM11575","Groceries",192,72,6,4,20.960000,0.620000,0.520000,"L83","A",76,1.880000,28.900000,1.150000,6,0.850000,253,13.470000,0.850000,"2024-07-21",202.320000,0.685000
"ITM11576","Apparel",499,51,3,6,28.650000,1.540000,0.310000,"L82","D",100,4.500000,119.650000,0.240000,7,0.770000,276,4.290000,0.770000,"2024-06-18",271.000000,0.601000
"ITM11577","Pharma",175,51,5,5,39.850000,3.950000,0.610000,"L77","B",76,1.400000,21.870000,0.970000,9,0.850000,997,4.870000,0.450000,"2024-12-19",195.160000,0.448000
"ITM11578","Groceries",424,68,7,6,14.380000,6.010000,0.210000,"L3","A",119,3.200000,43.430000,0.980000,7,0.900000,813,5.390000,0.470000,"2024-05-01",238.610000,0.508000
"ITM11579","Automotive",397,29,8,6,31.700000,2.330000,0.950000,"L7","D",176,3.070000,71.850000,0.710000,4,0.730000,866,7.320000,0.350000,"2024-01-26",149.280000,0.563000
"ITM11580","Pharma",129,82,11,6,41.570000,8.120000,0.870000,"L43","D",175,1.390000,144.400000,0.630000,1,0.960000,200,12.610000,0.750000,"2024-08-31",180.980000,0.827000
"ITM11581","Automotive",288,26,11,8,35.670000,7.660000,0.240000,"L32","B",49,2.480000,195.040000,0.530000,9,0.880000,296,3.020000,0.650000,"2024-05-17",62.240000,0.513000
"ITM11582","Pharma",430,36,11,9,24.490000,7.110000,0.260000,"L17","C",156,3.540000,75.080000,0.110000,7,1.000000,867,10.810000,0.320000,"2024-07-09",151.670000,0.657000
"ITM11583","Apparel",375,56,13,7,29.650000,5.130000,0.560000,"L73","C",142,1.930000,109.020000,0.100000,5,0.710000,66,5.940000,0.700000,"2024-01-11",53.180000,0.651000
"ITM11584","Groceries",410,11,3,6,49.450000,3.970000,0.800000,"L27","A",151,1.010000,59.220000,1.220000,2,0.950000,353,3.740000,0.600000,"2024-06-21",145.440000,0.598000
"ITM11585","Pharma",297,72,14,9,30.500000,4.070000,0.300000,"L9","D",100,3.270000,138.340000,0.650000,3,0.940000,938,5.740000,0.270000,"2024-06-04",28.840000,0.594000
"ITM11586","Electronics",93,71,11,9,39.500000,5.280000,0.150000,"L98","C",58,1.510000,79.650000,0.420000,0,0.740000,563,8.470000,0.960000,"2024-06-08",177.100000,0.811000
"ITM11587","Electronics",456,28,10,7,36.600000,1.230000,0.590000,"L71","A",73,3.570000,101.500000,1.400000,2,0.800000,246,13.900000,0.870000,"2024-05-23",93.150000,0.739000
"ITM11588","Pharma",482,26,4,2,35.370000,6.980000,0.720000,"L27","D",121,4.280000,117.880000,1.100000,3,0.970000,495,9.800000,0.260000,"2024-09-08",254.080000,0.607000
"ITM11589","Pharma",226,78,13,8,36.100000,3.840000,0.320000,"L76","A",109,1.060000,140.390000,1.840000,1,0.860000,390,9.500000,0.950000,"2024-12-22",119.120000,0.685000
"ITM11590","Pharma",407,48,3,5,23.270000,2.640000,0.770000,"L28","B",113,2.470000,21.410000,1.680000,5,0.820000,830,2.520000,0.930000,"2024-12-16",276.150000,0.516000
"ITM11591","Electronics",499,91,3,7,24.230000,3.140000,0.960000,"L30","A",172,2.500000,115.430000,1.480000,7,0.970000,110,2.120000,0.230000,"2024-02-20",147.140000,0.380000
"ITM11592","Electronics",298,80,14,4,23.930000,2.210000,0.220000,"L43","B",14,3.350000,91.920000,0.340000,5,0.730000,316,2.810000,0.360000,"2024-04-26",256.170000,0.521000
"ITM11593","Pharma",394,90,8,9,2.630000,9.060000,0.560000,"L100","D",128,2.000000,35.420000,1.370000,9,0.840000,146,2.340000,0.760000,"2024-03-09",96.210000,0.434000
"ITM11594","Automotive",345,48,11,6,12.810000,2.110000,0.150000,"L19","D",97,2.380000,49.530000,1.420000,2,0.900000,332,9.070000,0.950000,"2024-06-02",140.960000,0.709000
"ITM11595","Automotive",491,45,9,9,8.570000,8.890000,0.290000,"L77","D",176,0.550000,177.940000,1.550000,8,0.880000,296,7.340000,0.860000,"2024-08-14",193.760000,0.531000
"ITM11596","Apparel",359,49,7,8,44.440000,5.940000,0.180000,"L1","A",136,1.050000,175.640000,0.600000,3,0.780000,84,1.070000,0.430000,"2024-06-13",85.010000,0.536000
"ITM11597","Groceries",376,54,13,4,14.470000,8.740000,0.460000,"L36","D",33,3.060000,16.330000,1.320000,5,0.870000,835,5.910000,0.230000,"2024-05-17",200.630000,0.467000
"ITM11598","Automotive",359,13,4,2,7.780000,5.000000,0.840000,"L19","D",177,1.470000,140.990000,1.270000,3,0.910000,518,2.780000,0.580000,"2024-08-01",93.690000,0.548000
"ITM11599","Electronics",223,34,3,2,6.870000,9.310000,0.620000,"L17","B",116,1.150000,115.300000,0.830000,3,0.880000,117,14.830000,0.270000,"2024-11-05",150.440000,0.685000
"ITM11600","Automotive",180,78,4,3,35.300000,2.510000,0.300000,"L70","D",59,1.960000,188.570000,1.360000,1,0.910000,238,7.440000,0.400000,"2024-11-26",16.780000,0.605000
"ITM11601","Apparel",47,39,3,6,1.300000,5.770000,0.140000,"L33","D",67,1.240000,182.520000,0.260000,9,0.780000,90,6.970000,0.710000,"2024-02-15",32.670000,0.585000
"ITM11602","Apparel",411,85,5,3,24.090000,1.700000,0.600000,"L23","D",10,0.770000,120.120000,1.320000,1,0.950000,657,10.020000,0.600000,"2024-04-06",75.860000,0.692000
"ITM11603","Groceries",276,77,8,8,6.820000,4.750000,0.220000,"L15","C",176,1.780000,36.400000,1.250000,1,0.830000,732,6.000000,0.500000,"2024-08-14",243.880000,0.601000
"ITM11604","Automotive",184,97,10,4,42.630000,5.910000,0.410000,"L85","D",147,1.240000,97.360000,0.500000,1,1.000000,994,11.020000,0.940000,"2024-04-18",201.510000,0.865000
"ITM11605","Electronics",82,38,5,9,47.960000,6.250000,0.560000,"L4","A",11,4.100000,147.780000,1.650000,7,0.710000,956,13.670000,0.350000,"2024-07-27",269.100000,0.489000
"ITM11606","Electronics",41,82,12,5,47.980000,3.970000,0.910000,"L17","B",72,0.780000,190.830000,1.760000,9,0.810000,116,7.980000,0.590000,"2024-09-05",272.370000,0.430000
"ITM11607","Pharma",89,77,11,3,22.660000,1.230000,0.170000,"L2","D",25,3.860000,79.130000,0.500000,3,0.750000,996,6.360000,0.660000,"2024-09-21",118.650000,0.657000
"ITM11608","Electronics",400,60,12,2,32.580000,6.730000,0.700000,"L46","A",46,2.220000,159.090000,0.240000,3,0.870000,357,8.310000,0.460000,"2024-07-10",116.580000,0.693000
"ITM11609","Groceries",424,33,7,6,30.390000,5.140000,0.110000,"L31","B",25,3.540000,139.830000,1.250000,9,0.770000,168,9.450000,0.760000,"2024-01-29",252.370000,0.527000
"ITM11610","Groceries",115,23,9,9,18.150000,1.800000,0.670000,"L76","B",96,0.740000,24.880000,1.010000,9,0.920000,902,12.870000,0.890000,"2024-09-20",133.670000,0.653000
"ITM11611","Electronics",182,78,10,4,22.760000,9.390000,0.600000,"L42","A",99,4.640000,116.020000,0.910000,2,0.960000,732,6.520000,0.630000,"2024-03-22",258.590000,0.674000
"ITM11612","Electronics",98,27,5,7,4.150000,9.580000,0.830000,"L3","A",89,3.950000,44.870000,1.550000,4,0.760000,235,1.720000,0.830000,"2024-02-03",156.720000,0.506000
"ITM11613","Pharma",24,51,4,8,39.990000,8.640000,0.580000,"L23","C",36,1.130000,139.870000,1.940000,3,0.750000,119,9.830000,0.250000,"2024-06-08",133.170000,0.477000
"ITM11614","Electronics",335,66,4,8,12.800000,8.520000,0.420000,"L34","C",120,1.480000,125.920000,1.010000,6,0.960000,806,14.820000,0.320000,"2024-12-29",90.930000,0.633000
"ITM11615","Pharma",139,92,7,2,23.570000,1.440000,0.320000,"L7","D",73,3.400000,194.880000,0.110000,9,0.810000,974,12.960000,0.570000,"2024-09-16",46.680000,0.658000
"ITM11616","Pharma",321,21,3,7,24.550000,9.940000,0.180000,"L17","C",106,4.650000,187.720000,1.230000,6,0.830000,720,11.620000,0.940000,"2024-07-25",162.510000,0.666000
"ITM11617","Electronics",197,91,4,8,28.470000,4.300000,0.580000,"L95","A",169,2.510000,11.780000,1.340000,5,0.770000,333,3.470000,0.630000,"2024-03-10",104.320000,0.492000
"ITM11618","Apparel",195,26,11,5,41.080000,2.050000,0.900000,"L54","C",146,2.690000,25.210000,1.670000,6,0.830000,668,11.480000,0.550000,"2024-09-25",82.340000,0.542000
"ITM11619","Apparel",409,39,9,9,34.900000,8.210000,0.560000,"L68","B",20,1.570000,156.140000,0.480000,6,0.770000,995,2.140000,0.680000,"2024-10-18",59.200000,0.551000
"ITM11620","Pharma",236,97,8,6,33.490000,2.640000,0.770000,"L15","A",79,2.220000,140.270000,1.100000,7,0.900000,597,7.910000,0.300000,"2024-01-15",122.700000,0.495000
"ITM11621","Electronics",75,84,11,9,26.810000,5.500000,0.370000,"L96","D",167,1.790000,162.180000,0.950000,0,0.850000,397,6.190000,0.720000,"2024-03-29",171.200000,0.702000
"ITM11622","Apparel",385,32,9,5,5.700000,1.720000,0.500000,"L9","B",152,2.080000,60.690000,1.360000,2,0.940000,964,13.670000,0.280000,"2024-04-08",252.740000,0.650000
"ITM11623","Electronics",206,90,13,8,20.700000,5.010000,0.390000,"L61","B",57,0.590000,171.370000,0.220000,2,0.790000,244,3.240000,0.660000,"2024-04-12",247.860000,0.671000
"ITM11624","Electronics",251,10,7,5,47.910000,5.800000,0.200000,"L58","B",103,0.680000,94.060000,1.780000,4,0.850000,829,12.040000,0.770000,"2024-01-30",257.970000,0.627000
"ITM11625","Electronics",274,88,11,9,49.780000,4.740000,0.480000,"L100","A",85,3.560000,59.760000,1.070000,9,0.780000,533,1.680000,0.530000,"2024-05-07",177.110000,0.397000
"ITM11626","Automotive",432,41,8,8,36.790000,1.160000,0.790000,"L47","A",69,3.570000,12.020000,1.770000,6,0.980000,637,10.820000,0.930000,"2024-01-17",172.270000,0.629000
"ITM11627","Electronics",474,18,8,6,12.150000,5.110000,0.460000,"L66","D",77,1.990000,175.560000,0.750000,9,0.860000,329,5.110000,0.320000,"2024-08-21",272.490000,0.449000
"ITM11628","Automotive",123,24,13,6,5.990000,4.950000,0.690000,"L76","C",66,4.480000,111.720000,1.340000,5,0.750000,882,14.660000,0.340000,"2024-01-26",93.680000,0.579000
"ITM11629","Pharma",96,37,6,7,21.320000,2.990000,0.780000,"L14","C",73,1.700000,195.320000,1.920000,3,0.780000,397,10.400000,0.610000,"2024-07-03",52.180000,0.565000
"ITM11630","Apparel",249,33,14,5,42.970000,9.260000,0.390000,"L58","C",89,2.280000,145.790000,1.890000,5,0.720000,641,5.320000,0.950000,"2024-12-26",34.000000,0.516000
"ITM11631","Apparel",421,69,3,4,36.370000,4.470000,0.820000,"L65","C",96,3.790000,25.280000,1.890000,6,0.710000,966,4.300000,0.510000,"2024-04-11",265.500000,0.392000
"ITM11632","Apparel",277,44,7,7,44.310000,8.710000,0.410000,"L29","B",176,3.850000,121.760000,0.180000,3,0.860000,527,9.950000,0.940000,"2024-05-20",117.810000,0.815000
"ITM11633","Apparel",283,95,13,6,31.170000,1.540000,0.330000,"L79","A",129,4.380000,13.250000,0.870000,7,0.800000,147,4.820000,0.750000,"2024-07-07",154.630000,0.547000
"ITM11634","Apparel",350,36,11,2,7.390000,3.530000,0.300000,"L6","C",152,0.630000,115.980000,0.220000,4,0.990000,331,3.620000,0.830000,"2024-08-25",242.890000,0.710000
"ITM11635","Apparel",201,92,10,8,6.630000,2.180000,0.280000,"L94","B",88,1.330000,76.540000,0.690000,2,0.750000,679,10.070000,0.950000,"2024-09-15",118.220000,0.765000
"ITM11636","Apparel",400,85,10,7,3.350000,4.380000,0.760000,"L85","A",165,3.380000,132.230000,0.430000,1,0.940000,468,11.140000,0.660000,"2024-07-22",261.710000,0.806000
"ITM11637","Pharma",275,29,7,3,28.790000,1.560000,0.900000,"L67","A",45,2.020000,112.900000,1.280000,0,0.790000,272,4.330000,0.710000,"2024-11-21",103.290000,0.630000
"ITM11638","Electronics",57,74,14,4,12.900000,4.690000,0.310000,"L39","A",63,0.700000,59.660000,1.580000,3,0.770000,301,8.500000,0.660000,"2024-03-04",222.390000,0.581000
"ITM11639","Groceries",195,94,11,8,36.980000,3.860000,0.180000,"L59","B",154,3.140000,40.850000,1.080000,1,0.990000,129,10.290000,0.830000,"2024-12-14",203.540000,0.773000
"ITM11640","Automotive",46,58,5,7,34.630000,2.620000,0.380000,"L83","C",109,2.270000,86.900000,1.610000,2,0.940000,875,14.190000,0.420000,"2024-01-16",68.390000,0.660000
"ITM11641","Groceries",295,10,5,6,16.590000,6.600000,0.690000,"L4","A",95,2.140000,197.500000,0.120000,0,0.890000,731,12.250000,0.830000,"2024-05-03",46.100000,0.895000
"ITM11642","Groceries",159,19,3,9,9.660000,9.530000,0.430000,"L8","B",31,1.690000,92.780000,1.660000,5,0.910000,462,6.890000,0.770000,"2024-07-09",42.350000,0.562000
"ITM11643","Electronics",318,56,11,6,6.020000,2.470000,0.590000,"L62","A",84,0.530000,152.270000,0.440000,3,1.000000,718,12.820000,0.680000,"2024-09-07",198.770000,0.803000
"ITM11644","Electronics",464,68,8,4,37.130000,7.260000,0.770000,"L52","D",45,1.320000,20.820000,0.980000,4,0.880000,442,7.180000,0.230000,"2024-10-31",13.750000,0.540000
"ITM11645","Electronics",306,71,4,3,23.070000,7.550000,0.470000,"L55","D",38,2.630000,81.980000,0.940000,7,0.730000,383,2.820000,0.820000,"2024-08-16",201.600000,0.514000
"ITM11646","Apparel",110,95,10,7,16.850000,5.230000,1.000000,"L88","B",179,1.740000,120.260000,1.760000,3,0.720000,938,5.780000,0.310000,"2024-03-31",236.770000,0.447000
"ITM11647","Pharma",499,27,14,9,42.980000,9.030000,0.370000,"L14","C",169,4.430000,152.730000,1.940000,5,0.900000,377,12.270000,0.970000,"2024-08-30",97.730000,0.644000
"ITM11648","Apparel",80,55,11,7,30.090000,9.680000,0.980000,"L63","C",151,1.140000,110.390000,0.580000,2,0.900000,51,14.380000,0.270000,"2024-10-27",226.250000,0.728000
"ITM11649","Pharma",477,41,11,5,26.380000,3.940000,0.280000,"L92","A",27,4.440000,107.910000,0.230000,7,0.920000,252,14.770000,0.780000,"2024-10-09",57.960000,0.774000
"ITM11650","Pharma",470,36,4,2,37.430000,6.680000,0.200000,"L57","C",47,2.320000,155.140000,1.340000,2,0.730000,307,9.950000,0.490000,"2024-06-28",288.540000,0.603000
"ITM11651","Groceries",384,27,4,6,40.960000,6.790000,0.780000,"L10","C",110,1.740000,69.520000,1.060000,6,0.980000,812,7.700000,0.790000,"2024-06-25",77.300000,0.631000
"ITM11652","Groceries",366,48,9,7,34.620000,4.330000,0.730000,"L11","D",43,1.870000,27.220000,1.170000,6,0.870000,416,3.270000,0.620000,"2024-03-24",151.630000,0.505000
"ITM11653","Pharma",182,58,13,7,22.560000,3.510000,0.830000,"L42","B",130,1.990000,75.960000,0.190000,2,0.890000,195,2.440000,0.700000,"2024-05-12",294.340000,0.692000
"ITM11654","Pharma",370,91,6,8,19.590000,9.370000,0.410000,"L78","D",96,2.780000,40.210000,1.570000,2,0.710000,886,8.260000,0.260000,"2024-12-18",273.070000,0.507000
"ITM11655","Apparel",162,53,3,8,38.810000,8.000000,0.940000,"L19","B",169,2.090000,193.530000,0.540000,9,0.990000,427,11.190000,0.970000,"2024-02-16",201.240000,0.707000
"ITM11656","Apparel",419,81,10,7,26.380000,1.590000,0.210000,"L9","A",119,3.410000,119.730000,0.740000,9,0.870000,490,5.530000,0.200000,"2024-05-25",117.070000,0.434000
"ITM11657","Groceries",272,63,4,3,35.510000,1.640000,0.130000,"L17","D",76,2.410000,94.850000,0.530000,7,0.870000,504,10.450000,0.950000,"2024-01-15",213.030000,0.710000
"ITM11658","Electronics",288,43,5,2,44.630000,9.260000,0.370000,"L36","B",52,3.520000,183.290000,1.900000,2,0.980000,456,8.990000,0.650000,"2024-07-16",143.480000,0.616000
"ITM11659","Pharma",388,80,7,7,45.880000,1.270000,0.820000,"L80","C",132,3.220000,181.070000,0.420000,1,0.980000,836,14.170000,0.410000,"2024-01-26",41.560000,0.805000
"ITM11660","Apparel",310,45,5,4,14.610000,7.040000,0.710000,"L82","B",31,1.600000,88.980000,1.490000,4,0.770000,68,3.930000,0.710000,"2024-03-24",240.830000,0.519000
"ITM11661","Groceries",478,27,9,6,10.210000,2.650000,0.490000,"L75","C",96,4.160000,176.200000,0.570000,6,0.980000,929,9.270000,0.740000,"2024-10-19",262.770000,0.691000
"ITM11662","Apparel",206,47,9,5,13.800000,0.830000,0.330000,"L71","A",86,4.100000,22.160000,0.910000,7,0.920000,482,6.790000,0.780000,"2024-04-19",128.210000,0.600000
"ITM11663","Pharma",424,68,4,8,37.820000,1.070000,0.150000,"L92","C",134,4.950000,178.290000,1.990000,0,0.710000,478,4.660000,0.210000,"2024-04-23",203.060000,0.447000
"ITM11664","Pharma",457,18,9,4,19.130000,4.050000,0.400000,"L42","B",105,1.290000,69.010000,0.290000,1,0.770000,301,6.000000,0.990000,"2024-11-27",18.810000,0.783000
"ITM11665","Automotive",478,82,13,6,9.500000,1.240000,0.510000,"L49","D",131,4.320000,117.370000,1.770000,6,0.820000,845,5.120000,0.690000,"2024-04-25",67.200000,0.473000
"ITM11666","Electronics",433,81,8,9,5.820000,6.170000,0.720000,"L77","B",166,4.420000,61.240000,1.900000,8,0.870000,892,8.390000,0.500000,"2024-12-12",175.380000,0.436000
"ITM11667","Automotive",323,60,12,8,17.040000,6.650000,0.680000,"L68","D",49,3.390000,197.110000,1.430000,2,0.910000,611,8.810000,0.660000,"2024-04-15",89.480000,0.648000
"ITM11668","Groceries",310,44,11,3,7.670000,4.050000,0.950000,"L38","B",113,2.780000,23.640000,0.120000,7,0.760000,956,13.120000,0.340000,"2024-05-17",283.870000,0.643000
"ITM11669","Apparel",105,91,11,8,8.660000,7.560000,0.190000,"L59","B",128,4.810000,94.920000,1.660000,9,0.950000,872,11.940000,0.400000,"2024-11-29",252.740000,0.483000
"ITM11670","Groceries",185,14,4,2,34.510000,5.160000,0.400000,"L65","A",147,4.880000,127.990000,1.780000,2,0.950000,698,5.240000,0.270000,"2024-07-28",199.950000,0.496000
"ITM11671","Pharma",434,23,9,2,1.970000,4.590000,0.530000,"L78","C",129,3.390000,126.970000,1.960000,3,0.890000,959,14.040000,0.900000,"2024-09-19",299.660000,0.689000
"ITM11672","Automotive",481,39,7,6,6.760000,4.370000,0.700000,"L56","B",26,2.120000,150.360000,1.690000,1,0.980000,787,13.160000,0.400000,"2024-01-11",80.540000,0.662000
"ITM11673","Automotive",427,13,8,4,42.370000,4.600000,0.550000,"L13","D",111,4.180000,147.640000,0.950000,8,0.940000,270,9.760000,0.790000,"2024-12-15",276.550000,0.621000
"ITM11674","Automotive",133,48,3,5,42.400000,9.690000,0.920000,"L90","C",139,0.900000,160.700000,1.410000,4,0.770000,162,1.260000,0.420000,"2024-01-05",98.330000,0.434000
"ITM11675","Groceries",452,93,9,3,17.130000,6.970000,0.650000,"L15","A",154,1.810000,54.510000,1.020000,4,0.940000,198,3.930000,0.320000,"2024-08-30",183.010000,0.522000
"ITM11676","Pharma",499,73,8,6,5.310000,3.490000,0.140000,"L84","C",117,4.930000,80.400000,0.770000,3,0.990000,609,12.050000,0.290000,"2024-03-08",135.970000,0.680000
"ITM11677","Apparel",375,34,6,9,35.540000,7.470000,0.200000,"L84","B",99,4.160000,82.590000,1.290000,4,0.740000,107,7.350000,0.890000,"2024-11-27",138.530000,0.615000
"ITM11678","Apparel",435,37,3,3,18.650000,3.640000,0.780000,"L99","D",128,4.730000,191.610000,1.560000,0,0.990000,246,2.760000,0.300000,"2024-03-29",231.130000,0.539000
"ITM11679","Groceries",202,85,11,2,3.230000,1.690000,0.740000,"L71","D",175,3.180000,87.770000,1.310000,9,0.710000,786,6.720000,0.270000,"2024-11-03",110.790000,0.375000
"ITM11680","Automotive",226,75,6,7,8.730000,5.020000,0.240000,"L93","C",174,2.330000,52.160000,1.670000,9,0.860000,698,3.970000,0.210000,"2024-01-05",157.180000,0.320000
"ITM11681","Electronics",275,87,4,7,7.720000,7.630000,0.150000,"L28","D",72,4.910000,130.150000,0.440000,5,0.930000,756,13.500000,0.490000,"2024-04-24",71.400000,0.720000
"ITM11682","Groceries",254,31,10,5,29.870000,4.090000,0.620000,"L56","B",14,1.890000,91.180000,0.810000,3,0.940000,767,13.450000,0.950000,"2024-05-09",231.410000,0.816000
"ITM11683","Groceries",461,40,4,3,45.010000,8.760000,0.670000,"L58","D",34,3.910000,57.520000,0.690000,3,0.920000,67,6.420000,0.930000,"2024-11-07",170.060000,0.727000
"ITM11684","Pharma",374,32,7,6,39.860000,4.180000,0.220000,"L30","D",82,3.010000,145.880000,0.470000,4,0.860000,829,2.920000,0.290000,"2024-06-05",83.970000,0.542000
"ITM11685","Apparel",22,57,13,5,27.780000,3.820000,0.530000,"L53","D",133,1.530000,46.470000,0.940000,0,0.900000,264,6.020000,0.210000,"2024-12-30",87.120000,0.608000
"ITM11686","Groceries",227,29,8,8,21.690000,9.980000,0.380000,"L44","B",31,0.580000,130.340000,1.900000,3,0.910000,767,2.800000,0.800000,"2024-12-29",95.130000,0.529000
"ITM11687","Groceries",216,47,13,8,31.320000,5.080000,0.940000,"L59","A",102,2.230000,91.800000,1.120000,9,0.850000,685,5.260000,0.450000,"2024-11-25",212.790000,0.438000
"ITM11688","Automotive",360,64,10,9,22.750000,8.150000,0.300000,"L52","D",44,2.960000,70.640000,0.640000,2,0.880000,65,11.800000,0.870000,"2024-05-20",182.580000,0.803000
"ITM11689","Automotive",144,77,13,4,13.060000,8.150000,0.760000,"L54","A",64,1.320000,189.740000,0.770000,4,0.950000,726,5.090000,0.370000,"2024-08-04",248.450000,0.575000
"ITM11690","Electronics",157,88,3,7,34.280000,9.300000,0.570000,"L94","C",137,2.370000,71.640000,1.260000,9,0.790000,709,8.620000,0.590000,"2024-07-11",175.740000,0.485000
"ITM11691","Pharma",358,97,3,6,43.790000,1.310000,0.110000,"L13","C",29,3.270000,76.030000,0.770000,4,0.860000,837,2.660000,0.230000,"2024-06-27",98.930000,0.496000
"ITM11692","Electronics",44,98,14,3,19.270000,3.080000,0.570000,"L41","B",14,3.720000,175.420000,1.120000,7,0.700000,448,5.870000,0.920000,"2024-08-23",289.230000,0.550000
"ITM11693","Automotive",87,10,6,5,42.240000,7.790000,0.190000,"L55","B",176,0.740000,34.520000,0.620000,0,0.910000,282,1.550000,0.340000,"2024-05-09",266.970000,0.609000
"ITM11694","Apparel",80,16,7,6,22.120000,5.840000,0.690000,"L41","B",72,3.490000,30.530000,0.760000,2,0.760000,74,8.670000,0.440000,"2024-04-21",90.860000,0.640000
"ITM11695","Automotive",48,66,11,5,20.670000,5.820000,0.610000,"L86","B",41,0.760000,63.710000,1.440000,4,0.840000,450,5.870000,0.580000,"2024-08-26",274.680000,0.538000
"ITM11696","Pharma",402,21,13,5,2.390000,2.080000,0.110000,"L33","A",83,0.630000,122.410000,1.210000,2,0.760000,829,13.210000,0.420000,"2024-06-03",218.840000,0.651000
"ITM11697","Automotive",38,14,9,5,35.070000,3.170000,0.280000,"L48","B",177,1.190000,83.020000,0.280000,5,0.710000,414,6.500000,0.230000,"2024-12-12",130.260000,0.547000
"ITM11698","Pharma",190,59,9,3,40.570000,5.450000,0.800000,"L20","A",154,3.440000,125.630000,1.950000,9,0.840000,987,8.810000,0.220000,"2024-09-23",145.390000,0.354000
"ITM11699","Pharma",469,51,10,6,33.510000,3.130000,0.350000,"L88","D",110,0.740000,40.350000,0.190000,2,0.830000,344,14.670000,0.960000,"2024-11-15",139.450000,0.895000
"ITM11700","Pharma",93,21,7,2,8.420000,2.500000,0.550000,"L61","D",88,0.590000,59.680000,0.260000,5,0.830000,486,10.000000,0.460000,"2024-07-22",241.090000,0.665000
"ITM11701","Pharma",80,27,7,2,6.060000,1.330000,0.380000,"L9","C",169,1.030000,117.380000,1.430000,7,0.760000,120,8.010000,0.470000,"2024-10-26",60.900000,0.470000
"ITM11702","Pharma",446,75,3,3,29.070000,1.980000,0.930000,"L12","C",32,4.770000,51.260000,1.450000,3,0.980000,761,2.370000,0.940000,"2024-02-22",27.010000,0.611000
"ITM11703","Apparel",172,83,11,8,20.670000,7.800000,0.580000,"L11","A",65,4.580000,90.330000,0.140000,7,0.700000,608,12.490000,0.870000,"2024-01-04",154.550000,0.727000
"ITM11704","Electronics",295,88,8,3,22.030000,7.330000,0.730000,"L12","B",146,0.890000,118.800000,1.320000,6,0.970000,74,9.990000,0.750000,"2024-09-18",94.220000,0.625000
"ITM11705","Groceries",67,26,11,7,48.420000,0.940000,0.180000,"L56","C",115,1.870000,194.990000,0.160000,3,0.920000,774,2.520000,0.730000,"2024-12-05",173.540000,0.688000
"ITM11706","Electronics",230,77,5,5,36.470000,2.430000,0.140000,"L13","A",78,4.760000,25.180000,1.930000,2,0.750000,995,4.440000,0.840000,"2024-07-10",293.680000,0.544000
"ITM11707","Pharma",362,80,7,6,21.180000,5.820000,0.330000,"L96","C",31,0.940000,97.480000,1.420000,4,0.840000,423,8.530000,0.340000,"2024-10-14",204.720000,0.528000
"ITM11708","Apparel",427,71,4,6,1.940000,3.560000,0.380000,"L95","B",41,0.930000,85.290000,0.450000,4,1.000000,594,1.630000,0.730000,"2024-11-27",288.170000,0.643000
"ITM11709","Automotive",158,50,12,4,2.670000,8.320000,0.720000,"L48","A",11,0.890000,166.610000,0.400000,6,0.890000,507,11.060000,0.280000,"2024-10-31",222.300000,0.621000
"ITM11710","Apparel",129,43,7,4,34.560000,7.960000,0.610000,"L17","C",132,4.890000,181.060000,1.180000,0,0.740000,263,4.190000,0.300000,"2024-11-07",32.020000,0.546000
"ITM11711","Pharma",202,79,10,9,42.050000,8.970000,0.440000,"L72","B",94,3.840000,182.330000,1.300000,8,0.840000,260,7.860000,0.390000,"2024-05-24",267.900000,0.461000
"ITM11712","Apparel",47,54,13,2,35.680000,5.850000,0.690000,"L8","A",23,1.470000,81.280000,1.680000,1,0.840000,590,4.380000,0.770000,"2024-06-01",67.690000,0.592000
"ITM11713","Apparel",216,67,4,4,20.890000,3.840000,0.250000,"L76","A",46,0.710000,67.880000,1.820000,8,0.940000,820,7.850000,0.910000,"2024-12-16",260.790000,0.533000
"ITM11714","Pharma",210,60,10,4,2.530000,6.260000,0.160000,"L72","A",36,4.840000,95.340000,0.850000,8,0.970000,88,3.660000,0.750000,"2024-02-25",227.230000,0.548000
"ITM11715","Apparel",334,43,6,2,48.400000,1.350000,0.870000,"L72","D",161,2.410000,75.360000,1.700000,2,0.720000,309,9.310000,0.530000,"2024-09-03",253.200000,0.564000
"ITM11716","Groceries",408,53,12,7,49.330000,0.590000,0.610000,"L43","A",73,3.190000,146.580000,1.130000,6,0.790000,726,13.750000,0.610000,"2024-02-02",83.540000,0.630000
"ITM11717","Groceries",70,24,12,8,27.920000,0.660000,0.680000,"L86","C",79,1.760000,50.580000,0.990000,2,0.790000,144,12.300000,0.770000,"2024-06-21",244.150000,0.737000
"ITM11718","Apparel",168,87,3,2,4.460000,4.370000,0.380000,"L16","A",163,3.910000,135.150000,1.430000,7,1.000000,439,4.380000,0.690000,"2024-05-21",187.000000,0.513000
"ITM11719","Automotive",287,79,7,8,27.510000,2.670000,0.430000,"L53","A",24,1.390000,186.130000,0.300000,7,0.870000,269,7.970000,0.620000,"2024-11-23",33.740000,0.634000
"ITM11720","Pharma",69,59,3,9,44.720000,1.990000,0.170000,"L46","A",38,4.040000,63.180000,0.600000,2,0.960000,955,6.920000,0.390000,"2024-06-15",267.850000,0.662000
"ITM11721","Groceries",407,41,9,4,34.320000,6.350000,0.870000,"L86","A",83,1.540000,138.610000,1.650000,4,0.830000,317,14.520000,0.690000,"2024-05-21",264.280000,0.653000
"ITM11722","Automotive",265,76,10,6,36.280000,9.950000,0.630000,"L97","A",37,0.940000,37.280000,1.060000,6,0.920000,543,12.180000,0.210000,"2024-05-13",175.880000,0.562000
"ITM11723","Apparel",132,12,5,4,5.160000,2.190000,0.180000,"L55","D",68,2.650000,33.060000,1.830000,0,0.790000,679,2.500000,0.650000,"2024-12-01",141.260000,0.538000
"ITM11724","Automotive",189,95,5,5,6.220000,5.690000,0.820000,"L93","B",82,4.160000,31.970000,0.270000,2,0.970000,115,3.360000,0.860000,"2024-12-30",126.160000,0.744000
"ITM11725","Electronics",487,95,9,9,7.240000,1.640000,0.500000,"L7","D",158,2.230000,36.320000,0.700000,0,0.840000,436,10.830000,0.340000,"2024-11-29",184.790000,0.710000
"ITM11726","Groceries",185,83,6,8,45.310000,9.380000,0.790000,"L37","C",19,0.630000,51.070000,0.780000,1,0.940000,242,3.240000,0.290000,"2024-06-01",254.090000,0.591000
"ITM11727","Apparel",428,60,5,8,26.770000,3.270000,0.110000,"L77","B",141,2.990000,116.940000,0.900000,6,0.780000,369,14.310000,0.980000,"2024-04-06",174.120000,0.733000
"ITM11728","Pharma",33,76,10,5,39.790000,8.840000,0.130000,"L40","C",71,3.560000,155.730000,1.970000,6,0.910000,596,14.900000,0.870000,"2024-03-17",47.600000,0.638000
"ITM11729","Apparel",222,85,5,5,6.650000,3.190000,0.250000,"L46","A",141,3.830000,34.100000,0.690000,2,0.820000,969,11.900000,0.440000,"2024-09-21",98.790000,0.702000
"ITM11730","Pharma",307,57,9,7,46.450000,8.160000,0.290000,"L14","C",136,2.310000,175.300000,1.090000,5,0.710000,224,1.380000,0.370000,"2024-05-03",203.790000,0.425000
"ITM11731","Apparel",414,26,4,3,41.240000,2.490000,0.790000,"L74","D",15,0.940000,170.120000,1.120000,5,0.820000,161,7.760000,0.470000,"2024-01-30",197.580000,0.549000
"ITM11732","Automotive",208,16,13,5,12.010000,3.280000,0.740000,"L65","D",89,3.130000,148.200000,1.560000,1,0.870000,357,6.690000,0.540000,"2024-11-03",160.480000,0.595000
"ITM11733","Automotive",421,22,13,8,43.830000,2.330000,0.650000,"L28","A",81,1.980000,90.930000,1.080000,8,0.750000,851,12.190000,0.860000,"2024-07-25",79.740000,0.617000
"ITM11734","Automotive",174,75,3,6,13.910000,3.010000,0.900000,"L20","A",25,4.760000,10.300000,1.250000,7,0.760000,389,5.020000,0.390000,"2024-12-04",88.470000,0.432000
"ITM11735","Electronics",74,13,14,8,11.060000,8.430000,0.320000,"L85","B",47,2.760000,149.610000,1.530000,1,0.840000,129,6.410000,0.780000,"2024-06-12",150.430000,0.636000
"ITM11736","Pharma",201,19,8,8,13.950000,6.570000,0.910000,"L62","D",74,2.630000,177.010000,0.290000,3,0.800000,527,2.310000,0.940000,"2024-12-14",124.400000,0.690000
"ITM11737","Automotive",229,97,10,7,45.590000,4.360000,0.920000,"L29","D",135,1.890000,73.700000,1.930000,8,0.830000,160,5.800000,0.500000,"2024-03-12",101.620000,0.390000
"ITM11738","Electronics",395,26,3,3,45.860000,9.730000,0.490000,"L14","B",92,2.020000,146.420000,1.710000,3,0.840000,536,14.630000,0.220000,"2024-01-14",250.540000,0.576000
"ITM11739","Pharma",490,61,12,3,17.120000,4.920000,0.180000,"L45","D",26,2.810000,21.790000,0.840000,6,0.740000,970,14.190000,0.860000,"2024-12-01",156.170000,0.705000
"ITM11740","Apparel",94,15,14,5,35.570000,9.710000,0.750000,"L72","B",122,1.880000,144.800000,1.480000,4,0.750000,502,11.500000,0.770000,"2024-09-11",155.890000,0.629000
"ITM11741","Electronics",296,92,11,9,34.110000,2.370000,0.400000,"L48","D",165,4.520000,22.980000,1.550000,9,0.950000,462,13.700000,0.320000,"2024-05-31",134.140000,0.502000
"ITM11742","Groceries",447,78,5,4,40.520000,9.090000,0.820000,"L15","C",149,2.480000,121.570000,1.720000,5,0.750000,653,3.960000,0.680000,"2024-05-12",207.460000,0.467000
"ITM11743","Electronics",152,83,5,8,15.530000,0.630000,0.250000,"L98","C",79,1.810000,123.540000,0.460000,0,0.900000,998,9.710000,0.860000,"2024-08-02",60.940000,0.835000
"ITM11744","Electronics",362,18,6,2,26.000000,5.680000,0.590000,"L36","B",80,1.200000,67.410000,1.440000,3,0.830000,235,8.000000,0.340000,"2024-07-26",283.640000,0.537000
"ITM11745","Pharma",444,86,13,4,33.720000,4.520000,0.560000,"L74","B",140,3.530000,25.030000,0.160000,4,0.990000,602,6.920000,0.380000,"2024-07-17",40.340000,0.670000
"ITM11746","Apparel",78,92,3,4,2.290000,5.490000,0.190000,"L29","A",58,0.620000,190.370000,0.320000,5,0.720000,136,5.550000,0.360000,"2024-01-19",215.990000,0.558000
"ITM11747","Groceries",364,30,11,3,19.460000,5.760000,0.430000,"L55","D",30,2.520000,111.760000,1.570000,5,0.950000,273,13.130000,1.000000,"2024-10-25",214.250000,0.708000
"ITM11748","Automotive",201,33,13,3,35.100000,4.200000,0.180000,"L72","C",145,2.980000,120.150000,1.640000,4,0.850000,100,7.780000,0.380000,"2024-12-28",43.040000,0.506000
"ITM11749","Automotive",477,13,5,7,13.380000,9.980000,0.520000,"L99","A",73,2.030000,126.850000,1.230000,2,0.700000,175,11.140000,0.410000,"2024-10-19",297.980000,0.608000
"ITM11750","Electronics",425,33,12,7,47.930000,9.780000,0.860000,"L80","D",167,3.870000,179.300000,1.210000,1,0.780000,195,10.880000,0.240000,"2024-04-07",19.950000,0.608000
"ITM11751","Pharma",358,68,6,3,2.480000,9.640000,0.340000,"L79","C",41,3.540000,21.450000,1.520000,6,0.820000,90,2.900000,0.990000,"2024-06-24",115.760000,0.529000
"ITM11752","Pharma",340,12,3,6,47.950000,9.800000,0.790000,"L87","D",29,4.870000,179.720000,1.820000,0,0.790000,404,1.690000,0.400000,"2024-04-23",133.180000,0.479000
"ITM11753","Automotive",83,77,6,6,11.620000,8.030000,0.270000,"L83","B",25,2.790000,55.540000,0.900000,4,0.810000,494,12.760000,0.780000,"2024-12-17",242.810000,0.718000
"ITM11754","Groceries",346,49,3,2,3.390000,9.890000,0.710000,"L72","C",162,2.920000,24.810000,0.320000,3,0.980000,412,7.860000,0.220000,"2024-09-30",18.650000,0.653000
"ITM11755","Apparel",279,57,7,3,15.330000,8.980000,0.920000,"L4","C",69,1.610000,134.880000,1.690000,6,0.810000,585,12.340000,0.830000,"2024-11-22",171.540000,0.604000
"ITM11756","Groceries",212,63,7,5,39.530000,4.450000,0.390000,"L78","A",146,2.230000,195.630000,0.750000,1,0.830000,864,5.160000,0.800000,"2024-08-31",69.160000,0.700000
"ITM11757","Apparel",162,44,13,7,37.870000,7.960000,0.910000,"L85","D",112,0.620000,20.880000,0.350000,7,0.930000,333,13.070000,0.270000,"2024-12-09",176.050000,0.639000
"ITM11758","Automotive",123,65,9,3,11.230000,9.160000,0.550000,"L89","B",70,3.600000,90.960000,1.270000,8,0.940000,85,12.630000,0.300000,"2024-07-02",197.440000,0.529000
"ITM11759","Apparel",479,98,10,6,10.640000,7.270000,0.390000,"L35","B",177,1.900000,110.660000,1.200000,9,0.730000,326,6.340000,0.440000,"2024-09-16",19.900000,0.419000
"ITM11760","Pharma",425,49,6,3,32.490000,4.520000,0.910000,"L4","D",113,2.930000,57.900000,1.000000,0,0.910000,745,6.760000,0.480000,"2024-06-02",29.560000,0.668000
"ITM11761","Electronics",233,86,9,6,23.450000,1.130000,0.130000,"L24","D",70,1.650000,196.750000,1.730000,4,0.840000,374,5.910000,0.830000,"2024-03-28",34.720000,0.560000
"ITM11762","Electronics",261,77,6,3,39.820000,8.190000,0.130000,"L35","B",85,3.290000,131.780000,0.620000,3,0.740000,715,1.490000,0.250000,"2024-12-02",257.160000,0.496000
"ITM11763","Automotive",450,55,5,8,2.180000,9.550000,0.640000,"L90","D",24,2.510000,170.430000,0.130000,4,0.780000,231,10.630000,0.720000,"2024-10-12",278.730000,0.749000
"ITM11764","Pharma",228,87,8,5,30.910000,3.940000,0.820000,"L98","A",141,2.670000,89.000000,0.710000,8,0.710000,520,4.820000,0.380000,"2024-04-02",136.940000,0.451000
"ITM11765","Groceries",112,22,6,9,36.800000,1.940000,0.780000,"L40","D",160,4.740000,77.250000,0.120000,2,0.810000,861,13.380000,0.510000,"2024-05-30",263.690000,0.790000
"ITM11766","Pharma",449,36,5,2,49.680000,3.600000,0.170000,"L44","A",164,3.680000,115.100000,1.130000,0,0.780000,466,13.560000,0.200000,"2024-02-19",148.100000,0.664000
"ITM11767","Electronics",161,15,11,8,34.260000,6.030000,0.960000,"L45","A",112,1.680000,92.700000,0.820000,2,0.810000,715,11.120000,0.430000,"2024-08-29",126.330000,0.674000
"ITM11768","Electronics",453,26,7,5,12.360000,3.510000,0.730000,"L1","D",174,2.770000,145.840000,1.650000,3,0.870000,938,3.540000,0.340000,"2024-03-06",164.060000,0.464000
"ITM11769","Pharma",423,45,9,6,6.300000,6.300000,0.950000,"L24","C",174,2.600000,60.510000,1.620000,1,0.920000,199,2.250000,0.600000,"2024-05-12",239.150000,0.552000
"ITM11770","Pharma",453,90,14,7,32.400000,9.690000,0.400000,"L19","C",166,4.080000,95.420000,0.930000,0,0.880000,453,12.430000,0.330000,"2024-10-13",74.890000,0.715000
"ITM11771","Electronics",131,11,8,7,26.640000,6.870000,0.720000,"L73","A",166,4.250000,180.080000,0.510000,0,0.900000,563,13.500000,0.870000,"2024-04-03",97.500000,0.883000
"ITM11772","Groceries",436,86,12,4,45.060000,3.950000,0.870000,"L85","D",84,1.780000,153.660000,0.900000,7,0.960000,858,5.930000,0.910000,"2024-12-14",256.170000,0.623000
"ITM11773","Automotive",394,61,7,5,36.600000,9.390000,0.440000,"L52","A",37,4.200000,41.930000,1.320000,3,0.960000,615,5.940000,0.880000,"2024-06-20",275.630000,0.655000
"ITM11774","Automotive",78,75,9,3,25.980000,5.870000,0.970000,"L9","D",83,1.310000,178.500000,0.460000,1,0.960000,490,6.460000,0.990000,"2024-12-01",45.670000,0.810000
"ITM11775","Pharma",62,61,13,2,20.780000,1.720000,0.340000,"L19","D",142,3.930000,121.910000,1.570000,9,0.750000,963,12.590000,0.930000,"2024-02-15",214.430000,0.567000
"ITM11776","Automotive",226,52,8,3,20.810000,5.240000,0.380000,"L95","B",134,1.620000,139.060000,0.730000,2,0.780000,950,10.900000,0.420000,"2024-04-23",12.790000,0.672000
"ITM11777","Electronics",287,99,12,3,12.090000,6.710000,0.930000,"L82","C",65,1.840000,65.910000,1.870000,7,0.850000,295,2.710000,0.450000,"2024-06-30",81.390000,0.369000
"ITM11778","Electronics",315,31,4,5,1.850000,8.460000,0.970000,"L4","C",73,4.340000,93.890000,1.070000,5,0.810000,95,9.890000,0.630000,"2024-04-24",29.900000,0.613000
"ITM11779","Pharma",137,64,5,9,29.170000,9.400000,0.360000,"L12","B",136,2.390000,163.290000,1.710000,7,0.740000,124,1.140000,0.510000,"2024-06-06",159.460000,0.354000
"ITM11780","Pharma",39,76,4,2,11.410000,3.520000,0.220000,"L96","B",130,4.960000,72.830000,1.270000,9,0.790000,198,10.950000,0.980000,"2024-08-03",109.580000,0.593000
"ITM11781","Pharma",241,69,14,4,11.210000,1.980000,0.780000,"L68","B",98,1.180000,41.360000,1.150000,4,0.990000,455,11.700000,0.470000,"2024-06-18",49.900000,0.653000
"ITM11782","Groceries",185,67,5,8,7.140000,1.200000,0.940000,"L28","A",26,2.590000,81.880000,1.400000,2,0.800000,52,12.410000,0.790000,"2024-07-09",10.090000,0.703000
"ITM11783","Automotive",150,21,3,3,10.290000,7.510000,0.640000,"L49","A",106,3.800000,23.150000,1.640000,5,0.830000,58,9.760000,0.660000,"2024-05-13",122.630000,0.564000
"ITM11784","Pharma",175,97,10,2,2.560000,8.050000,0.670000,"L54","A",64,0.520000,146.390000,1.320000,9,0.700000,563,3.530000,0.970000,"2024-10-26",95.400000,0.469000
"ITM11785","Apparel",203,78,8,4,34.040000,4.390000,0.790000,"L59","A",146,1.180000,38.070000,1.610000,7,0.920000,287,12.110000,0.800000,"2024-05-30",23.540000,0.604000
"ITM11786","Apparel",109,93,4,8,20.670000,4.260000,0.240000,"L44","A",119,0.590000,64.170000,0.460000,4,0.820000,589,13.600000,0.440000,"2024-08-25",257.010000,0.707000
"ITM11787","Electronics",113,48,10,3,28.510000,9.570000,0.980000,"L21","C",25,4.970000,177.410000,0.630000,4,0.730000,339,9.870000,0.360000,"2024-03-01",129.130000,0.607000
"ITM11788","Automotive",32,22,8,2,32.210000,9.210000,0.430000,"L48","C",153,3.920000,112.690000,0.540000,2,0.990000,230,4.850000,0.880000,"2024-08-28",234.690000,0.745000
"ITM11789","Pharma",480,50,9,8,48.650000,2.720000,0.670000,"L40","D",22,2.180000,71.050000,1.620000,2,0.930000,364,3.510000,0.930000,"2024-01-28",132.390000,0.617000
"ITM11790","Apparel",341,66,13,5,4.350000,7.920000,0.520000,"L93","C",87,1.200000,114.060000,0.260000,7,0.920000,315,4.240000,0.860000,"2024-11-20",29.580000,0.647000
"ITM11791","Automotive",312,62,3,9,21.480000,6.420000,0.520000,"L42","B",94,0.910000,51.470000,1.610000,0,0.990000,132,1.240000,0.790000,"2024-10-25",124.340000,0.612000
"ITM11792","Electronics",452,21,9,7,13.050000,1.970000,0.730000,"L100","C",82,2.890000,14.780000,0.840000,3,0.820000,910,1.140000,0.460000,"2024-10-24",266.980000,0.527000
"ITM11793","Groceries",249,22,5,7,24.360000,3.890000,1.000000,"L73","B",128,4.890000,124.710000,0.250000,8,0.920000,814,5.160000,0.600000,"2024-11-13",12.250000,0.588000
"ITM11794","Automotive",341,83,13,3,46.100000,2.190000,0.690000,"L77","C",178,3.540000,145.680000,0.910000,5,0.760000,307,13.920000,0.930000,"2024-02-06",269.640000,0.733000
"ITM11795","Automotive",311,66,14,3,36.480000,3.300000,0.810000,"L11","A",77,2.140000,177.160000,0.670000,5,0.910000,609,9.700000,0.310000,"2024-08-29",200.450000,0.606000
"ITM11796","Groceries",457,49,10,8,33.440000,6.350000,0.120000,"L7","C",83,2.750000,156.660000,1.220000,9,0.700000,695,6.410000,0.600000,"2024-04-09",298.730000,0.443000
"ITM11797","Automotive",45,89,8,2,22.620000,4.070000,0.830000,"L20","D",108,5.000000,186.070000,1.000000,6,0.740000,861,1.150000,0.480000,"2024-09-13",275.670000,0.439000
"ITM11798","Electronics",94,54,6,7,33.880000,4.240000,0.370000,"L21","A",126,2.830000,197.330000,0.660000,6,0.830000,999,14.860000,0.740000,"2024-03-02",262.000000,0.726000
"ITM11799","Electronics",475,44,13,3,2.590000,5.630000,0.210000,"L97","A",146,4.840000,151.540000,1.740000,5,0.700000,248,7.380000,0.710000,"2024-12-14",20.880000,0.506000
"ITM11800","Groceries",383,12,10,4,29.730000,1.330000,0.200000,"L80","D",155,0.570000,174.910000,0.870000,8,0.840000,341,14.880000,0.650000,"2024-07-14",91.270000,0.649000
"ITM11801","Pharma",443,14,11,3,28.140000,7.520000,0.710000,"L7","C",147,3.740000,138.010000,0.990000,7,0.860000,697,11.080000,0.420000,"2024-09-28",118.680000,0.565000
"ITM11802","Apparel",318,99,12,7,17.990000,4.320000,1.000000,"L87","C",124,3.320000,42.480000,1.710000,7,0.890000,132,1.720000,0.330000,"2024-06-01",212.950000,0.356000
"ITM11803","Pharma",169,20,4,6,10.870000,5.060000,0.700000,"L11","D",63,3.580000,44.520000,0.270000,1,0.730000,315,13.030000,0.830000,"2024-07-30",198.110000,0.839000
"ITM11804","Automotive",167,80,8,9,40.570000,9.760000,0.340000,"L35","A",88,3.070000,30.950000,0.840000,6,0.750000,466,8.430000,0.990000,"2024-01-28",59.790000,0.656000
"ITM11805","Apparel",27,65,7,7,3.640000,3.770000,0.280000,"L57","D",24,0.700000,189.170000,0.870000,0,0.880000,919,7.340000,0.340000,"2024-03-18",223.680000,0.655000
"ITM11806","Groceries",48,19,7,4,4.410000,6.660000,0.570000,"L85","B",148,1.170000,137.820000,1.040000,9,0.900000,780,11.610000,0.260000,"2024-03-11",55.130000,0.503000
"ITM11807","Groceries",315,43,12,2,22.590000,4.230000,0.160000,"L55","B",177,4.650000,160.080000,0.300000,7,0.710000,910,11.850000,0.800000,"2024-04-12",142.370000,0.690000
"ITM11808","Apparel",493,76,13,4,13.380000,9.000000,0.460000,"L63","C",127,1.550000,72.920000,0.300000,2,0.860000,68,12.150000,0.480000,"2024-06-24",177.830000,0.760000
"ITM11809","Electronics",433,81,5,6,37.530000,8.540000,0.700000,"L78","A",121,4.970000,97.480000,0.890000,8,0.940000,579,11.650000,0.370000,"2024-07-28",262.500000,0.568000
"ITM11810","Apparel",228,40,14,6,32.080000,2.800000,0.970000,"L57","B",115,3.560000,17.560000,0.160000,4,0.720000,420,9.980000,0.620000,"2024-10-18",193.080000,0.705000
"ITM11811","Automotive",147,84,10,3,38.850000,7.070000,0.480000,"L54","D",114,2.500000,178.910000,0.580000,6,0.820000,740,10.460000,0.740000,"2024-08-22",286.900000,0.673000
"ITM11812","Electronics",359,80,10,3,16.910000,1.120000,0.280000,"L35","C",56,4.640000,172.070000,0.480000,6,0.800000,72,13.020000,0.370000,"2024-03-14",298.400000,0.640000
"ITM11813","Groceries",135,75,14,7,37.290000,9.650000,0.840000,"L28","C",127,4.080000,159.110000,1.030000,8,0.970000,434,10.670000,1.000000,"2024-06-10",157.560000,0.673000
"ITM11814","Apparel",458,79,7,5,43.250000,3.820000,0.770000,"L97","A",135,2.430000,21.080000,0.120000,1,0.760000,876,2.420000,0.460000,"2024-04-02",24.930000,0.644000
"ITM11815","Pharma",163,50,10,9,17.920000,8.400000,0.870000,"L66","B",157,0.810000,43.110000,1.380000,3,0.800000,805,10.040000,0.450000,"2024-02-11",18.210000,0.586000
"ITM11816","Pharma",449,72,12,4,17.650000,3.530000,0.290000,"L15","C",107,4.410000,73.490000,1.730000,7,0.970000,668,3.380000,0.540000,"2024-09-06",258.140000,0.434000
"ITM11817","Automotive",337,41,10,7,45.100000,6.510000,0.460000,"L45","D",159,3.940000,59.980000,1.440000,4,0.800000,692,1.200000,0.800000,"2024-06-19",154.960000,0.512000
"ITM11818","Pharma",254,29,5,5,3.440000,9.840000,0.980000,"L56","B",57,4.060000,169.310000,1.650000,4,0.860000,571,4.000000,0.900000,"2024-11-19",116.370000,0.560000
"ITM11819","Apparel",26,66,4,7,18.160000,8.830000,0.240000,"L15","C",91,3.850000,47.020000,1.320000,2,0.710000,428,3.160000,0.460000,"2024-03-31",92.490000,0.504000
"ITM11820","Apparel",483,59,11,9,6.810000,2.020000,0.700000,"L37","C",25,1.740000,111.100000,1.060000,4,1.000000,760,2.430000,0.290000,"2024-06-09",91.720000,0.504000
"ITM11821","Pharma",64,89,4,9,2.420000,5.700000,0.310000,"L87","B",142,4.360000,118.560000,0.520000,6,0.950000,866,4.010000,0.400000,"2024-11-20",31.120000,0.551000
"ITM11822","Apparel",462,34,11,6,6.530000,3.810000,0.550000,"L87","B",83,0.510000,90.750000,0.630000,3,0.890000,873,8.890000,0.270000,"2024-01-30",97.870000,0.628000
"ITM11823","Automotive",258,21,6,3,22.130000,4.630000,0.820000,"L76","A",30,1.570000,55.730000,0.700000,7,0.720000,139,3.120000,0.700000,"2024-01-03",196.990000,0.516000
"ITM11824","Electronics",459,80,14,3,34.660000,3.680000,0.540000,"L63","D",70,0.710000,192.460000,0.170000,5,0.720000,193,4.910000,0.790000,"2024-08-19",121.710000,0.650000
"ITM11825","Automotive",451,48,4,9,15.170000,3.690000,0.820000,"L68","A",33,1.000000,88.550000,1.830000,5,0.860000,856,12.890000,0.540000,"2024-05-20",284.870000,0.569000
"ITM11826","Automotive",174,26,12,7,42.630000,5.650000,0.480000,"L86","A",32,2.900000,148.190000,1.810000,5,0.790000,670,13.430000,0.960000,"2024-04-17",203.770000,0.648000
"ITM11827","Apparel",200,54,3,9,22.440000,2.320000,1.000000,"L40","D",96,0.670000,44.970000,0.300000,3,0.890000,913,5.660000,0.780000,"2024-03-27",260.550000,0.719000
"ITM11828","Electronics",234,20,6,3,48.440000,5.610000,0.490000,"L6","D",148,1.320000,166.330000,1.160000,2,0.880000,253,13.590000,0.500000,"2024-10-22",43.110000,0.701000
"ITM11829","Apparel",107,79,11,2,47.750000,3.150000,0.230000,"L29","A",11,1.550000,51.020000,0.990000,9,0.950000,605,9.200000,0.280000,"2024-03-22",140.650000,0.490000
"ITM11830","Groceries",275,32,14,7,38.890000,3.250000,0.460000,"L51","B",62,3.450000,138.310000,1.400000,5,0.780000,569,4.170000,0.590000,"2024-09-07",22.020000,0.490000
"ITM11831","Apparel",92,79,11,6,46.690000,7.520000,0.770000,"L77","D",148,2.610000,106.230000,1.250000,5,0.870000,441,11.560000,0.600000,"2024-02-15",269.550000,0.623000
"ITM11832","Apparel",438,47,6,8,35.650000,0.780000,0.860000,"L8","A",24,2.560000,37.850000,0.340000,1,0.930000,350,13.910000,0.640000,"2024-03-07",52.590000,0.845000
"ITM11833","Apparel",198,11,11,7,44.880000,4.120000,0.510000,"L1","B",149,3.960000,14.740000,1.350000,9,0.850000,956,10.230000,0.750000,"2024-11-10",243.570000,0.541000
"ITM11834","Electronics",231,95,14,7,12.590000,4.370000,0.640000,"L27","C",131,2.560000,186.840000,1.260000,8,0.950000,554,3.820000,0.410000,"2024-08-10",277.910000,0.437000
"ITM11835","Apparel",312,93,8,3,17.930000,5.110000,0.860000,"L39","B",132,2.070000,33.880000,1.110000,3,0.740000,914,2.200000,0.200000,"2024-11-20",138.150000,0.446000
"ITM11836","Electronics",253,98,3,6,37.890000,6.860000,0.830000,"L28","A",173,4.830000,143.940000,0.860000,3,0.920000,202,4.210000,0.850000,"2024-08-07",122.910000,0.664000
"ITM11837","Pharma",484,88,12,7,21.800000,4.010000,0.690000,"L99","D",101,0.540000,134.010000,1.910000,9,0.980000,578,5.740000,0.860000,"2024-07-25",184.030000,0.474000
"ITM11838","Groceries",258,81,8,3,42.030000,2.520000,0.830000,"L18","B",32,1.870000,74.930000,1.710000,7,0.800000,388,5.670000,0.930000,"2024-08-07",224.700000,0.511000
"ITM11839","Electronics",242,46,11,9,44.000000,8.910000,0.620000,"L98","B",164,3.240000,45.220000,1.210000,2,0.810000,798,7.980000,0.980000,"2024-09-01",197.230000,0.703000
"ITM11840","Pharma",138,58,4,4,15.690000,9.820000,0.100000,"L33","B",97,4.020000,43.880000,0.110000,9,0.730000,561,8.070000,0.330000,"2024-07-15",10.330000,0.529000
"ITM11841","Electronics",332,61,8,6,41.350000,0.690000,0.140000,"L38","D",151,4.170000,121.210000,0.920000,6,0.890000,384,7.600000,0.480000,"2024-01-03",237.920000,0.563000
"ITM11842","Electronics",283,42,4,5,8.560000,5.690000,0.980000,"L42","D",108,0.710000,113.920000,1.430000,6,0.870000,558,5.810000,0.880000,"2024-01-20",52.740000,0.564000
"ITM11843","Groceries",226,31,6,2,17.380000,3.750000,0.230000,"L16","B",36,3.690000,176.430000,0.320000,1,0.710000,105,2.500000,0.950000,"2024-09-30",140.410000,0.713000
"ITM11844","Automotive",114,14,10,5,26.380000,3.130000,0.460000,"L1","B",30,3.740000,131.600000,0.870000,2,0.930000,605,6.860000,0.210000,"2024-04-12",91.880000,0.592000
"ITM11845","Automotive",392,27,9,8,12.100000,3.690000,0.940000,"L64","A",58,1.460000,165.660000,0.460000,3,0.950000,870,14.800000,0.510000,"2024-07-10",279.090000,0.783000
"ITM11846","Electronics",241,47,13,9,29.380000,6.570000,0.280000,"L96","D",53,1.010000,16.160000,0.740000,1,0.970000,802,10.150000,0.290000,"2024-01-08",155.610000,0.693000
"ITM11847","Apparel",385,46,14,6,29.360000,2.310000,0.860000,"L56","B",53,3.870000,137.490000,0.150000,8,0.860000,980,7.160000,0.830000,"2024-06-13",161.430000,0.658000
"ITM11848","Pharma",295,73,11,7,11.140000,9.170000,0.840000,"L23","D",137,1.620000,54.400000,0.340000,9,0.840000,600,2.170000,0.800000,"2024-09-28",32.080000,0.543000
"ITM11849","Apparel",399,19,9,3,39.990000,4.930000,0.990000,"L17","D",179,0.510000,58.040000,0.960000,5,0.960000,179,3.990000,0.800000,"2024-04-07",270.230000,0.609000
"ITM11850","Apparel",250,88,3,8,31.950000,3.590000,0.350000,"L49","D",32,1.510000,146.910000,1.810000,0,0.820000,147,9.050000,0.510000,"2024-01-10",79.320000,0.606000
"ITM11851","Electronics",328,51,4,6,16.570000,7.770000,0.380000,"L69","A",138,0.640000,160.750000,1.030000,0,0.900000,842,7.970000,0.520000,"2024-12-12",130.050000,0.687000
"ITM11852","Electronics",138,57,8,2,12.380000,0.660000,0.910000,"L91","C",134,1.620000,80.630000,0.960000,7,0.880000,471,1.270000,0.410000,"2024-01-03",295.740000,0.439000
"ITM11853","Electronics",287,53,9,6,44.060000,4.600000,0.310000,"L30","D",45,2.010000,160.110000,1.600000,5,0.810000,129,2.210000,0.490000,"2024-11-16",43.030000,0.429000
"ITM11854","Electronics",452,91,5,8,41.950000,3.880000,0.590000,"L65","D",64,1.720000,94.310000,0.610000,9,0.730000,337,5.980000,0.990000,"2024-05-07",218.370000,0.583000
"ITM11855","Automotive",292,96,11,3,12.260000,3.710000,0.740000,"L72","B",119,4.640000,172.950000,0.280000,6,0.710000,896,2.970000,0.240000,"2024-04-25",85.440000,0.482000
"ITM11856","Electronics",83,25,9,5,2.740000,3.700000,0.340000,"L86","D",25,1.550000,14.730000,0.500000,5,0.830000,795,14.410000,0.460000,"2024-12-21",131.740000,0.700000
"ITM11857","Automotive",317,63,8,4,40.420000,0.800000,0.940000,"L46","C",98,2.600000,25.860000,1.600000,1,0.840000,895,1.480000,0.830000,"2024-06-25",131.280000,0.574000
"ITM11858","Automotive",369,44,8,5,31.160000,1.950000,0.700000,"L10","D",27,4.810000,157.510000,1.390000,2,0.950000,218,14.640000,0.510000,"2024-06-08",280.350000,0.708000
"ITM11859","Electronics",432,37,3,3,5.940000,1.850000,0.140000,"L51","A",47,4.460000,128.580000,0.270000,7,0.820000,128,10.190000,0.960000,"2024-03-07",13.010000,0.725000
"ITM11860","Groceries",422,11,7,8,29.780000,9.890000,0.220000,"L95","B",29,1.890000,116.210000,1.370000,3,0.780000,120,6.700000,0.470000,"2024-02-22",116.490000,0.542000
"ITM11861","Pharma",30,22,12,3,23.160000,0.710000,0.270000,"L6","C",28,1.970000,126.660000,1.870000,7,0.840000,312,8.550000,0.880000,"2024-07-15",257.200000,0.531000
"ITM11862","Apparel",117,50,5,9,38.950000,2.090000,0.320000,"L56","A",22,3.170000,186.740000,0.190000,2,0.770000,761,6.740000,0.850000,"2024-09-14",274.050000,0.755000
"ITM11863","Automotive",453,89,9,2,11.250000,9.750000,0.760000,"L3","C",26,4.630000,134.550000,1.270000,1,0.730000,772,9.020000,0.210000,"2024-10-28",100.280000,0.561000
"ITM11864","Pharma",90,68,12,6,23.200000,6.470000,0.180000,"L59","B",39,0.540000,133.020000,0.820000,6,0.730000,579,3.130000,0.520000,"2024-06-05",80.170000,0.490000
"ITM11865","Groceries",383,78,5,9,8.660000,4.780000,0.420000,"L10","D",52,2.270000,154.300000,1.050000,0,0.800000,834,2.680000,0.420000,"2024-03-26",143.770000,0.575000
"ITM11866","Apparel",77,62,7,6,47.920000,1.250000,0.920000,"L41","B",57,4.320000,174.660000,1.100000,2,0.700000,259,8.400000,0.580000,"2024-02-03",226.290000,0.618000
"ITM11867","Apparel",309,54,9,5,39.160000,6.860000,0.600000,"L74","B",52,2.350000,59.760000,1.560000,1,0.770000,166,2.000000,0.570000,"2024-01-24",54.670000,0.519000
"ITM11868","Automotive",270,29,5,8,37.100000,1.810000,0.340000,"L55","D",102,3.740000,127.180000,1.160000,4,0.940000,665,5.090000,0.920000,"2024-06-01",237.500000,0.644000
"ITM11869","Electronics",295,33,12,4,34.820000,6.880000,0.960000,"L74","A",123,3.610000,120.960000,1.230000,1,0.770000,126,13.980000,0.350000,"2024-05-28",158.680000,0.667000
"ITM11870","Groceries",69,70,4,4,21.740000,9.800000,0.320000,"L52","C",75,1.420000,35.620000,0.730000,9,0.730000,364,13.270000,0.350000,"2024-08-21",50.830000,0.540000
"ITM11871","Automotive",377,67,8,2,46.240000,5.550000,0.910000,"L91","A",128,2.520000,108.860000,0.340000,4,0.980000,60,12.640000,0.290000,"2024-09-23",204.810000,0.709000
"ITM11872","Groceries",235,36,10,3,4.570000,2.530000,0.750000,"L82","D",62,3.050000,23.210000,1.400000,2,0.890000,942,8.100000,0.790000,"2024-11-01",192.180000,0.664000
"ITM11873","Electronics",413,35,6,2,40.360000,6.440000,0.770000,"L54","C",81,3.720000,45.140000,0.100000,8,0.720000,100,1.390000,0.930000,"2024-09-25",190.490000,0.579000
"ITM11874","Electronics",435,16,11,6,11.550000,5.370000,0.790000,"L38","D",87,4.200000,183.460000,0.720000,9,0.720000,56,2.700000,0.490000,"2024-06-21",228.890000,0.426000
"ITM11875","Automotive",71,51,14,7,16.880000,5.560000,0.560000,"L15","A",171,3.920000,32.660000,0.510000,8,0.880000,972,13.870000,0.250000,"2024-08-10",62.550000,0.600000
"ITM11876","Electronics",290,56,14,7,26.450000,5.040000,0.830000,"L52","B",83,0.630000,119.990000,0.840000,7,0.860000,598,12.710000,0.320000,"2024-12-17",212.270000,0.581000
"ITM11877","Pharma",103,62,10,7,39.350000,6.900000,0.850000,"L3","C",81,3.520000,71.460000,0.690000,4,0.720000,310,6.270000,0.280000,"2024-03-09",267.320000,0.535000
"ITM11878","Apparel",406,68,9,3,42.090000,5.930000,0.420000,"L42","D",22,2.740000,115.510000,1.440000,9,0.770000,623,11.210000,0.670000,"2024-06-24",163.790000,0.513000
"ITM11879","Automotive",312,47,9,2,29.600000,9.880000,0.460000,"L22","C",68,3.080000,54.640000,0.590000,6,0.980000,561,12.960000,0.430000,"2024-09-07",150.950000,0.676000
"ITM11880","Groceries",145,78,5,9,20.750000,8.350000,0.900000,"L80","C",41,2.180000,94.430000,1.170000,1,0.870000,249,9.680000,0.920000,"2024-07-02",241.360000,0.750000
"ITM11881","Pharma",315,96,8,8,47.380000,3.010000,0.570000,"L59","A",92,3.710000,174.790000,0.970000,2,0.830000,379,12.950000,0.330000,"2024-04-06",52.410000,0.668000
"ITM11882","Automotive",91,62,7,5,13.080000,7.390000,0.880000,"L89","B",129,3.530000,81.480000,1.620000,1,0.780000,139,4.430000,0.940000,"2024-03-25",108.850000,0.621000
"ITM11883","Electronics",315,24,3,6,40.350000,2.540000,0.660000,"L47","C",63,3.110000,77.080000,0.910000,9,0.740000,640,7.470000,0.470000,"2024-07-25",257.600000,0.471000
"ITM11884","Electronics",255,35,13,7,30.990000,7.930000,0.630000,"L12","A",11,4.380000,94.760000,1.740000,0,0.820000,104,9.110000,0.890000,"2024-01-10",154.930000,0.689000
"ITM11885","Electronics",75,57,5,8,19.470000,1.900000,0.130000,"L56","C",127,0.960000,29.090000,0.100000,2,0.980000,961,9.840000,0.960000,"2024-04-26",253.730000,0.869000
"ITM11886","Electronics",426,28,14,4,1.070000,5.000000,0.350000,"L14","B",46,1.850000,83.600000,1.250000,3,0.710000,270,14.820000,0.990000,"2024-04-24",83.040000,0.753000
"ITM11887","Groceries",379,18,3,9,22.880000,8.010000,0.550000,"L32","C",106,2.730000,11.310000,0.120000,8,1.000000,141,12.840000,0.840000,"2024-03-08",122.980000,0.767000
"ITM11888","Pharma",414,73,6,2,14.560000,3.160000,0.630000,"L56","B",112,4.810000,105.650000,1.460000,1,0.760000,635,1.770000,0.280000,"2024-04-18",248.850000,0.466000
"ITM11889","Apparel",129,63,12,6,6.110000,8.450000,0.670000,"L76","A",123,0.820000,171.110000,0.550000,8,0.820000,105,3.370000,0.240000,"2024-01-12",57.410000,0.442000
"ITM11890","Groceries",211,60,5,6,4.680000,6.620000,0.740000,"L52","A",170,2.020000,114.890000,0.820000,0,0.710000,793,10.200000,0.790000,"2024-10-28",269.490000,0.754000
"ITM11891","Groceries",411,48,13,4,18.030000,4.280000,0.690000,"L68","B",10,4.670000,125.470000,0.820000,8,0.880000,228,4.370000,0.920000,"2024-09-15",99.860000,0.576000
"ITM11892","Apparel",112,13,6,9,31.120000,4.520000,0.860000,"L11","B",137,4.540000,15.810000,1.710000,5,0.850000,991,3.230000,0.330000,"2024-03-27",292.080000,0.408000
"ITM11893","Apparel",369,12,11,4,42.040000,9.300000,0.370000,"L51","A",112,4.390000,173.310000,0.290000,7,0.900000,110,10.330000,0.950000,"2024-03-04",250.040000,0.739000
"ITM11894","Electronics",75,73,5,4,9.990000,2.570000,0.680000,"L40","B",165,1.890000,83.150000,1.370000,2,0.860000,921,8.510000,0.690000,"2024-07-06",142.120000,0.646000
"ITM11895","Groceries",79,38,14,7,21.810000,7.090000,0.150000,"L96","B",154,4.310000,195.220000,1.960000,7,0.820000,166,12.270000,0.300000,"2024-12-30",225.250000,0.452000
"ITM11896","Automotive",157,20,8,9,20.210000,7.220000,0.530000,"L44","D",66,2.770000,32.890000,0.140000,8,0.920000,639,5.470000,0.330000,"2024-11-29",171.030000,0.549000
"ITM11897","Apparel",58,67,8,7,26.160000,9.260000,0.340000,"L29","C",79,3.290000,189.490000,1.940000,6,0.710000,285,5.620000,0.250000,"2024-01-20",257.440000,0.353000
"ITM11898","Apparel",47,84,9,2,40.670000,7.280000,0.440000,"L43","A",53,1.570000,130.520000,0.130000,3,0.860000,82,3.110000,0.310000,"2024-07-11",160.250000,0.602000
"ITM11899","Pharma",68,36,11,4,28.130000,6.050000,0.420000,"L100","A",150,3.680000,19.940000,1.700000,5,0.730000,616,10.130000,0.790000,"2024-11-23",296.520000,0.569000
"ITM11900","Automotive",439,30,14,5,42.490000,9.070000,0.150000,"L22","D",85,1.970000,194.620000,1.930000,5,0.830000,292,10.920000,0.380000,"2024-05-10",48.720000,0.495000
"ITM11901","Automotive",144,48,9,6,26.410000,8.380000,0.520000,"L10","B",167,2.050000,12.640000,1.990000,1,0.940000,835,2.940000,0.650000,"2024-09-30",206.180000,0.538000
"ITM11902","Apparel",32,55,3,9,30.590000,7.310000,1.000000,"L66","B",94,3.370000,148.830000,0.970000,1,0.740000,957,4.560000,0.780000,"2024-11-15",81.240000,0.648000
"ITM11903","Electronics",499,75,10,4,22.430000,0.810000,0.370000,"L82","B",75,1.580000,179.010000,1.750000,4,0.980000,123,3.160000,0.920000,"2024-01-25",65.460000,0.567000
"ITM11904","Pharma",55,45,7,9,41.330000,4.050000,0.760000,"L15","A",62,1.510000,43.400000,0.330000,0,0.970000,70,11.470000,0.670000,"2024-10-31",128.390000,0.848000
"ITM11905","Automotive",120,84,11,6,46.270000,6.500000,0.590000,"L68","D",27,2.160000,75.240000,0.910000,4,0.820000,914,3.930000,0.660000,"2024-01-25",116.560000,0.577000
"ITM11906","Apparel",301,91,12,3,32.320000,5.460000,0.390000,"L66","C",37,4.000000,116.630000,0.690000,9,0.700000,762,3.130000,0.930000,"2024-12-04",23.440000,0.519000
"ITM11907","Automotive",105,74,14,8,41.220000,3.530000,0.180000,"L25","D",141,1.510000,139.160000,0.850000,2,0.940000,203,1.980000,0.440000,"2024-02-25",134.040000,0.577000
"ITM11908","Pharma",23,72,7,3,3.890000,1.870000,0.290000,"L100","A",51,4.040000,175.660000,1.430000,2,0.960000,303,12.640000,0.360000,"2024-11-30",286.060000,0.650000
"ITM11909","Pharma",242,44,7,4,45.400000,5.750000,0.800000,"L45","C",135,3.630000,154.600000,0.270000,7,0.750000,256,2.740000,0.900000,"2024-01-11",145.390000,0.600000
"ITM11910","Groceries",357,40,14,6,10.260000,3.220000,0.350000,"L45","B",126,3.560000,79.030000,2.000000,2,0.970000,198,1.420000,0.260000,"2024-01-25",97.530000,0.425000
"ITM11911","Apparel",467,37,14,8,13.570000,2.710000,0.230000,"L94","D",143,2.640000,166.130000,1.310000,2,0.970000,967,1.900000,0.350000,"2024-12-19",285.230000,0.518000
"ITM11912","Pharma",185,10,4,3,3.610000,4.290000,0.400000,"L83","D",111,3.860000,193.550000,1.760000,0,0.840000,744,6.140000,0.530000,"2024-02-29",156.660000,0.580000
"ITM11913","Groceries",402,34,14,4,48.300000,7.960000,0.630000,"L19","A",146,0.560000,53.130000,1.680000,7,0.940000,351,9.350000,0.490000,"2024-08-01",93.260000,0.503000
"ITM11914","Groceries",363,52,13,6,42.750000,5.130000,0.730000,"L31","D",157,1.880000,24.080000,1.560000,9,0.830000,346,6.570000,0.760000,"2024-08-15",237.070000,0.470000
"ITM11915","Automotive",402,93,5,4,45.750000,2.560000,0.450000,"L14","C",47,3.560000,91.060000,0.170000,9,0.870000,540,7.380000,0.270000,"2024-07-13",74.850000,0.529000
"ITM11916","Automotive",395,76,12,7,42.510000,1.610000,0.550000,"L19","D",59,4.940000,177.470000,1.080000,5,0.800000,822,13.870000,0.580000,"2024-03-04",81.850000,0.653000
"ITM11917","Groceries",490,72,11,6,24.500000,5.240000,0.510000,"L33","A",69,0.510000,38.560000,0.720000,7,0.750000,93,11.620000,0.850000,"2024-10-07",104.060000,0.663000
"ITM11918","Automotive",297,60,9,3,46.280000,8.050000,0.110000,"L26","D",150,2.790000,178.300000,0.310000,2,0.920000,193,5.770000,0.750000,"2024-05-09",124.480000,0.740000
"ITM11919","Pharma",149,11,3,4,48.500000,6.700000,0.460000,"L23","C",128,4.660000,198.520000,0.750000,5,0.700000,293,3.160000,0.710000,"2024-08-30",179.030000,0.549000
"ITM11920","Electronics",50,91,5,9,25.630000,2.710000,0.630000,"L78","C",108,4.390000,20.260000,1.330000,1,0.870000,468,11.490000,0.390000,"2024-12-25",159.430000,0.652000
"ITM11921","Pharma",394,73,14,3,9.610000,4.650000,0.610000,"L20","A",103,0.600000,104.100000,0.540000,2,0.960000,566,9.030000,0.510000,"2024-03-19",225.680000,0.720000
"ITM11922","Groceries",30,83,4,4,33.270000,8.620000,0.770000,"L98","B",179,2.880000,72.490000,0.940000,3,0.770000,111,14.470000,0.340000,"2024-04-15",217.980000,0.661000
"ITM11923","Groceries",495,78,3,9,48.800000,2.190000,0.700000,"L98","A",77,0.520000,84.800000,0.870000,8,0.800000,907,13.720000,0.610000,"2024-12-21",23.210000,0.618000
"ITM11924","Pharma",321,18,11,9,43.740000,5.550000,0.350000,"L84","B",162,4.050000,95.810000,0.200000,3,0.880000,587,8.890000,0.670000,"2024-12-17",48.830000,0.749000
"ITM11925","Automotive",115,11,10,2,43.230000,3.880000,0.330000,"L10","C",168,1.890000,150.540000,1.290000,6,0.770000,366,1.980000,0.700000,"2024-11-18",72.410000,0.471000
"ITM11926","Automotive",209,43,7,9,46.760000,1.680000,0.520000,"L23","D",149,3.950000,122.350000,1.280000,7,0.950000,484,1.430000,0.900000,"2024-01-05",183.320000,0.521000
"ITM11927","Groceries",472,69,13,3,44.800000,0.970000,0.760000,"L99","D",73,4.750000,192.630000,1.940000,4,0.810000,886,12.730000,0.250000,"2024-06-03",269.630000,0.508000
"ITM11928","Apparel",211,70,14,3,39.040000,5.780000,0.180000,"L81","C",88,4.890000,73.230000,0.670000,1,0.870000,745,10.770000,0.510000,"2024-08-03",104.220000,0.733000
"ITM11929","Automotive",285,40,4,5,36.200000,0.700000,0.950000,"L64","A",62,4.520000,112.890000,0.900000,7,0.770000,867,8.840000,0.670000,"2024-12-04",289.490000,0.576000
"ITM11930","Pharma",443,19,3,8,13.970000,1.480000,0.590000,"L60","D",35,1.420000,164.530000,0.870000,4,0.710000,430,10.640000,0.660000,"2024-02-21",60.130000,0.649000
"ITM11931","Automotive",147,85,9,7,31.450000,3.800000,0.380000,"L97","A",147,1.380000,80.880000,1.850000,4,0.750000,85,8.560000,0.220000,"2024-12-05",278.170000,0.443000
"ITM11932","Pharma",257,45,13,3,26.550000,0.910000,0.720000,"L73","D",149,3.320000,98.410000,0.880000,6,0.710000,969,9.100000,0.350000,"2024-09-23",242.290000,0.525000
"ITM11933","Groceries",427,94,13,6,43.240000,4.300000,0.140000,"L98","B",159,2.950000,140.150000,0.940000,5,0.840000,591,4.160000,0.880000,"2024-05-18",122.820000,0.605000
"ITM11934","Automotive",374,58,4,8,25.090000,1.740000,0.540000,"L75","D",30,0.540000,173.540000,0.580000,2,0.880000,630,7.380000,0.610000,"2024-11-14",69.830000,0.698000
"ITM11935","Pharma",447,79,3,9,7.260000,3.820000,0.540000,"L58","B",172,2.260000,88.980000,0.100000,6,0.710000,281,1.160000,0.530000,"2024-11-06",123.470000,0.533000
"ITM11936","Groceries",131,58,4,4,1.240000,8.020000,0.250000,"L88","D",80,4.580000,111.070000,0.310000,0,0.730000,737,10.360000,0.920000,"2024-12-24",71.980000,0.837000
"ITM11937","Apparel",335,12,9,2,34.220000,6.450000,0.850000,"L73","D",91,4.540000,195.270000,1.440000,3,0.850000,839,5.650000,0.260000,"2024-03-11",172.730000,0.493000
"ITM11938","Pharma",465,83,9,6,27.950000,4.730000,0.820000,"L83","D",164,1.420000,18.070000,1.400000,3,0.940000,82,10.190000,0.940000,"2024-08-02",176.700000,0.712000
"ITM11939","Apparel",362,14,12,8,17.220000,1.370000,0.240000,"L82","D",69,2.220000,95.160000,0.710000,5,0.890000,630,13.970000,0.220000,"2024-02-23",232.770000,0.637000
"ITM11940","Apparel",164,99,8,6,9.280000,6.380000,0.430000,"L80","D",108,3.020000,130.840000,1.000000,5,0.730000,401,9.280000,0.650000,"2024-09-18",163.080000,0.600000
"ITM11941","Electronics",84,70,7,6,23.870000,2.060000,0.190000,"L42","A",56,4.340000,11.600000,0.670000,9,0.970000,304,5.590000,0.640000,"2024-11-12",110.090000,0.550000
"ITM11942","Automotive",266,94,5,6,5.910000,1.230000,0.860000,"L81","B",152,2.890000,123.390000,1.490000,7,0.980000,99,3.900000,0.710000,"2024-03-01",274.360000,0.501000
"ITM11943","Pharma",242,99,14,8,17.470000,6.810000,0.390000,"L41","B",33,4.860000,20.680000,1.700000,0,0.800000,72,4.520000,0.220000,"2024-05-24",32.620000,0.494000
"ITM11944","Apparel",498,35,5,2,19.580000,9.160000,0.500000,"L20","D",19,4.100000,172.940000,1.810000,6,0.880000,303,14.820000,0.620000,"2024-02-28",244.550000,0.597000
"ITM11945","Electronics",332,81,13,9,23.820000,4.880000,0.390000,"L57","A",129,4.790000,163.350000,0.430000,3,0.850000,443,9.620000,0.290000,"2024-02-24",128.780000,0.653000
"ITM11946","Groceries",458,14,14,5,23.860000,0.890000,0.380000,"L9","A",161,3.790000,16.130000,1.420000,5,0.980000,725,7.170000,0.320000,"2024-09-11",62.520000,0.514000
"ITM11947","Pharma",125,24,11,7,13.590000,8.860000,0.770000,"L61","C",97,4.450000,19.270000,1.930000,9,0.850000,931,4.230000,0.370000,"2024-04-11",44.900000,0.327000
"ITM11948","Apparel",200,25,6,9,42.660000,1.140000,0.770000,"L57","C",113,4.240000,153.190000,1.340000,8,0.990000,322,11.820000,0.690000,"2024-11-07",74.020000,0.600000
"ITM11949","Automotive",203,10,11,3,18.420000,8.740000,0.570000,"L81","A",133,1.640000,80.210000,0.770000,2,0.760000,742,6.420000,0.510000,"2024-04-12",45.370000,0.623000
"ITM11950","Electronics",245,25,6,8,12.250000,4.220000,0.690000,"L39","C",43,1.530000,119.250000,1.310000,7,0.800000,908,5.220000,0.270000,"2024-05-14",143.090000,0.413000
"ITM11951","Apparel",284,46,4,6,9.610000,3.970000,0.560000,"L36","B",50,4.390000,61.360000,1.410000,2,0.930000,299,4.110000,0.430000,"2024-09-24",111.410000,0.546000
"ITM11952","Automotive",297,12,6,9,16.810000,5.660000,0.130000,"L76","A",177,0.880000,42.860000,0.850000,5,0.940000,286,3.600000,0.260000,"2024-04-13",113.410000,0.503000
"ITM11953","Apparel",416,61,8,3,4.310000,9.590000,0.160000,"L8","C",20,2.340000,66.250000,0.300000,1,0.920000,953,4.830000,0.730000,"2024-07-02",55.490000,0.744000
"ITM11954","Pharma",108,56,8,8,2.610000,9.040000,0.450000,"L46","A",10,4.190000,56.880000,1.250000,8,0.960000,281,9.780000,0.650000,"2024-12-26",201.330000,0.567000
"ITM11955","Pharma",195,22,7,3,30.650000,4.970000,0.770000,"L65","C",167,4.160000,95.180000,1.620000,1,0.910000,477,4.360000,0.530000,"2024-07-28",186.260000,0.564000
"ITM11956","Pharma",37,89,3,6,31.340000,7.110000,0.920000,"L10","A",91,1.120000,151.870000,2.000000,4,0.890000,683,1.850000,0.940000,"2024-05-31",294.860000,0.511000
"ITM11957","Electronics",390,64,5,5,26.950000,6.010000,0.130000,"L40","D",35,2.690000,115.280000,0.520000,5,0.840000,291,6.030000,0.610000,"2024-03-23",58.620000,0.618000
"ITM11958","Pharma",479,30,7,8,38.350000,7.090000,0.430000,"L60","B",62,2.660000,125.740000,1.430000,3,0.840000,183,9.190000,0.910000,"2024-01-21",251.860000,0.670000
"ITM11959","Automotive",443,75,8,3,2.920000,8.380000,0.300000,"L58","C",134,1.960000,99.310000,0.150000,6,0.820000,120,1.840000,0.660000,"2024-10-07",19.820000,0.586000
"ITM11960","Apparel",420,63,3,4,46.860000,0.830000,0.830000,"L5","D",18,4.630000,71.700000,1.940000,6,0.890000,907,7.340000,0.500000,"2024-09-11",31.260000,0.462000
"ITM11961","Groceries",418,36,11,3,5.660000,3.590000,0.860000,"L8","A",18,3.440000,37.270000,0.120000,6,0.820000,514,1.730000,0.630000,"2024-04-16",197.930000,0.581000
"ITM11962","Automotive",125,47,5,7,34.030000,9.610000,0.290000,"L48","D",138,4.910000,77.370000,0.780000,6,0.740000,470,11.750000,0.320000,"2024-12-18",127.880000,0.571000
"ITM11963","Automotive",290,99,12,6,7.540000,9.520000,0.740000,"L37","B",68,0.800000,136.390000,0.250000,9,0.730000,359,13.210000,0.740000,"2024-09-03",76.850000,0.665000
"ITM11964","Pharma",482,67,5,2,44.120000,0.610000,0.760000,"L10","C",115,2.270000,149.420000,1.280000,9,0.980000,328,14.490000,0.990000,"2024-06-18",10.800000,0.679000
"ITM11965","Electronics",338,71,13,3,26.020000,2.410000,0.260000,"L83","C",134,4.260000,99.140000,0.750000,8,0.710000,268,10.680000,0.400000,"2024-04-30",202.310000,0.529000
"ITM11966","Apparel",186,55,4,5,5.030000,9.940000,0.490000,"L12","A",25,2.400000,132.550000,1.490000,1,0.730000,746,9.850000,0.460000,"2024-01-02",137.850000,0.600000
"ITM11967","Electronics",32,98,10,4,31.220000,5.180000,0.660000,"L79","B",47,1.680000,50.000000,1.020000,4,0.830000,356,10.720000,0.520000,"2024-01-07",59.530000,0.631000
"ITM11968","Apparel",356,20,5,4,1.450000,5.940000,0.120000,"L77","D",148,4.990000,173.410000,0.900000,9,0.780000,363,12.970000,0.590000,"2024-12-09",291.940000,0.577000
"ITM11969","Apparel",51,81,8,2,39.030000,2.080000,0.460000,"L65","A",162,4.430000,174.530000,0.760000,8,0.820000,452,12.300000,0.780000,"2024-02-15",111.740000,0.648000
"ITM11970","Electronics",412,17,4,9,32.880000,9.000000,0.240000,"L50","C",68,2.960000,70.860000,0.260000,1,0.740000,972,7.140000,0.310000,"2024-02-26",97.890000,0.659000
"ITM11971","Automotive",59,80,9,7,11.420000,2.700000,0.590000,"L60","D",38,3.030000,114.070000,0.490000,2,0.740000,778,10.120000,0.440000,"2024-10-20",157.990000,0.682000
"ITM11972","Apparel",167,73,6,2,19.360000,2.300000,0.860000,"L75","A",177,0.530000,125.270000,1.310000,6,0.940000,537,3.270000,0.630000,"2024-12-08",90.390000,0.507000
"ITM11973","Electronics",237,30,11,7,1.380000,2.670000,0.570000,"L71","D",17,4.910000,99.760000,1.040000,8,0.930000,842,10.730000,0.670000,"2024-09-09",89.100000,0.599000
"ITM11974","Apparel",238,81,12,3,34.990000,9.240000,0.130000,"L95","D",107,4.130000,183.120000,0.230000,2,0.730000,454,11.230000,0.630000,"2024-03-17",290.220000,0.759000
"ITM11975","Groceries",488,72,11,6,16.810000,7.180000,0.130000,"L6","A",143,0.670000,150.550000,1.130000,9,0.900000,428,12.220000,0.550000,"2024-02-16",85.730000,0.560000
"ITM11976","Automotive",101,94,9,5,29.010000,7.800000,0.640000,"L58","D",118,1.290000,137.780000,0.200000,7,0.880000,330,12.450000,0.770000,"2024-09-18",185.590000,0.736000
"ITM11977","Pharma",352,73,14,4,47.880000,4.080000,0.400000,"L74","D",117,4.190000,108.820000,1.070000,7,0.910000,686,7.160000,0.360000,"2024-02-08",20.860000,0.502000
"ITM11978","Apparel",227,29,10,2,15.670000,9.140000,0.620000,"L84","B",158,0.890000,26.120000,1.930000,3,0.840000,740,13.650000,0.430000,"2024-02-21",54.760000,0.583000
"ITM11979","Groceries",220,17,5,5,49.520000,8.000000,0.250000,"L25","B",66,4.740000,30.490000,0.680000,5,0.780000,376,14.730000,0.560000,"2024-05-11",16.400000,0.696000
"ITM11980","Pharma",466,67,13,7,32.000000,7.630000,0.800000,"L42","C",85,5.000000,66.810000,1.470000,7,0.900000,84,14.690000,0.760000,"2024-11-25",165.000000,0.641000
"ITM11981","Pharma",351,55,7,6,12.860000,9.720000,0.870000,"L78","B",122,4.490000,50.190000,1.520000,8,0.810000,119,9.200000,0.270000,"2024-04-28",152.570000,0.427000
"ITM11982","Apparel",447,40,4,4,22.400000,3.980000,0.900000,"L61","A",15,3.830000,190.980000,0.870000,1,0.770000,409,8.830000,0.290000,"2024-08-21",105.970000,0.623000
"ITM11983","Electronics",57,18,12,4,37.280000,6.300000,0.370000,"L65","D",133,2.690000,87.860000,1.230000,0,0.820000,739,7.400000,0.830000,"2024-05-31",213.080000,0.706000
"ITM11984","Apparel",230,24,9,7,22.880000,9.140000,0.690000,"L20","C",143,0.870000,176.560000,1.000000,4,0.930000,960,5.200000,0.410000,"2024-05-15",191.480000,0.557000
"ITM11985","Groceries",463,35,10,6,4.360000,8.010000,0.350000,"L8","B",62,3.790000,165.440000,0.640000,9,0.840000,457,5.670000,0.970000,"2024-08-25",184.100000,0.594000
"ITM11986","Pharma",346,19,11,4,9.260000,5.850000,0.790000,"L58","D",141,2.290000,164.390000,1.530000,2,0.790000,610,4.020000,0.970000,"2024-01-26",107.510000,0.613000
"ITM11987","Apparel",268,38,13,6,39.770000,1.220000,0.210000,"L14","A",18,3.070000,50.980000,1.440000,5,0.950000,629,14.380000,0.750000,"2024-02-21",104.870000,0.688000
"ITM11988","Electronics",246,89,13,4,32.770000,6.700000,0.790000,"L44","D",78,1.820000,94.990000,1.810000,0,0.960000,568,9.680000,0.770000,"2024-03-30",263.300000,0.694000
"ITM11989","Apparel",67,45,9,3,28.920000,5.500000,0.500000,"L92","A",83,1.590000,70.410000,1.270000,3,0.830000,655,14.080000,0.720000,"2024-01-21",167.750000,0.711000
"ITM11990","Automotive",37,93,12,7,9.210000,2.250000,0.870000,"L11","D",120,1.960000,194.380000,0.840000,5,0.810000,433,6.420000,0.340000,"2024-05-28",88.950000,0.532000
"ITM11991","Electronics",419,46,12,6,42.050000,8.880000,0.770000,"L65","C",96,4.160000,176.580000,1.460000,1,0.880000,130,5.170000,0.600000,"2024-07-03",167.530000,0.599000
"ITM11992","Groceries",458,95,10,5,48.080000,3.760000,0.440000,"L83","C",13,2.420000,57.490000,1.280000,7,0.720000,487,2.860000,0.830000,"2024-12-12",87.360000,0.480000
"ITM11993","Pharma",314,80,14,9,3.000000,4.180000,0.910000,"L23","B",46,1.900000,69.570000,1.270000,3,0.910000,299,5.200000,0.820000,"2024-06-09",63.740000,0.628000
"ITM11994","Apparel",215,32,11,3,4.820000,6.890000,0.360000,"L6","B",80,2.450000,110.490000,1.710000,1,0.930000,87,13.460000,0.920000,"2024-08-06",91.830000,0.758000
"ITM11995","Electronics",206,50,8,8,44.350000,5.140000,0.970000,"L32","D",15,0.650000,62.940000,1.830000,0,0.820000,911,9.150000,0.920000,"2024-02-29",192.380000,0.687000
"ITM11996","Automotive",364,89,14,5,40.960000,1.350000,0.790000,"L91","D",60,4.510000,166.660000,0.440000,7,0.750000,94,7.330000,0.410000,"2024-02-18",159.590000,0.546000
"ITM11997","Electronics",243,37,14,7,31.280000,4.180000,0.990000,"L57","B",108,2.980000,165.650000,0.700000,9,0.710000,408,8.960000,0.780000,"2024-01-24",57.710000,0.567000
"ITM11998","Automotive",337,57,12,4,47.300000,1.400000,0.150000,"L57","B",105,0.970000,147.620000,1.340000,0,0.890000,186,13.500000,0.720000,"2024-01-05",273.290000,0.768000
"ITM11999","Groceries",416,47,4,8,32.680000,2.310000,0.350000,"L68","D",151,1.800000,140.970000,1.160000,6,0.780000,872,3.700000,0.910000,"2024-03-11",154.510000,0.551000
"ITM12000","Pharma",384,40,4,5,11.580000,0.570000,0.770000,"L67","D",20,4.930000,113.990000,1.340000,6,0.840000,869,14.520000,0.350000,"2024-12-05",240.180000,0.578000
"ITM12001","Groceries",356,23,6,3,36.700000,2.220000,0.930000,"L79","D",19,3.170000,75.950000,0.920000,5,0.820000,510,10.330000,0.790000,"2024-11-27",105.900000,0.668000
"ITM12002","Apparel",248,82,11,8,32.640000,3.640000,0.130000,"L21","C",22,1.810000,169.020000,0.880000,7,0.750000,416,12.970000,0.540000,"2024-03-28",287.690000,0.603000
"ITM12003","Electronics",409,97,9,8,49.300000,5.610000,0.100000,"L47","A",130,2.420000,173.180000,0.320000,9,0.850000,354,8.360000,0.520000,"2024-06-17",228.110000,0.573000
"ITM12004","Automotive",486,86,4,6,11.480000,9.230000,0.330000,"L48","A",171,1.660000,19.410000,1.280000,0,0.840000,278,4.310000,0.230000,"2024-07-02",141.810000,0.543000
"ITM12005","Automotive",96,99,10,2,30.300000,5.630000,0.870000,"L37","B",69,0.640000,85.740000,0.430000,0,0.890000,232,8.940000,0.970000,"2024-08-12",271.660000,0.848000
"ITM12006","Electronics",207,38,13,5,39.230000,7.200000,0.790000,"L50","C",14,4.290000,15.060000,1.370000,0,0.780000,516,1.950000,0.740000,"2024-11-14",218.070000,0.593000
"ITM12007","Electronics",365,60,9,2,17.610000,3.900000,0.410000,"L53","D",169,1.820000,169.500000,1.940000,5,0.760000,887,12.930000,0.670000,"2024-05-17",134.850000,0.564000
"ITM12008","Apparel",289,58,11,7,19.600000,7.640000,0.100000,"L100","D",21,4.270000,43.650000,0.590000,6,0.940000,253,10.090000,0.400000,"2024-02-17",292.500000,0.624000
"ITM12009","Groceries",114,52,10,5,44.510000,6.390000,0.600000,"L44","B",150,2.650000,138.030000,0.370000,9,0.910000,672,4.960000,0.730000,"2024-07-09",96.580000,0.577000
"ITM12010","Automotive",329,81,5,5,20.810000,4.870000,0.310000,"L87","B",94,1.320000,77.900000,0.150000,8,0.930000,948,4.840000,0.960000,"2024-06-24",84.410000,0.668000
"ITM12011","Apparel",151,96,3,6,31.610000,2.340000,0.770000,"L77","C",126,4.110000,165.050000,0.820000,9,0.740000,117,13.640000,0.330000,"2024-04-03",269.450000,0.534000
"ITM12012","Groceries",58,14,4,4,44.570000,3.380000,0.500000,"L7","A",131,2.200000,106.840000,0.510000,4,0.770000,918,12.770000,0.990000,"2024-02-28",215.140000,0.791000
"ITM12013","Apparel",91,51,4,3,11.280000,6.400000,0.710000,"L81","A",50,3.680000,71.640000,1.030000,0,0.870000,599,11.680000,0.540000,"2024-07-24",110.200000,0.735000
"ITM12014","Automotive",300,16,6,3,49.110000,4.550000,0.870000,"L83","D",57,4.270000,71.540000,1.100000,8,0.960000,759,6.810000,0.980000,"2024-07-23",77.220000,0.609000
"ITM12015","Electronics",352,51,8,3,35.400000,8.950000,0.580000,"L43","B",60,4.830000,72.120000,0.760000,4,0.970000,354,13.220000,0.710000,"2024-08-21",61.630000,0.756000
"ITM12016","Electronics",179,45,6,9,25.310000,2.730000,0.400000,"L9","C",127,0.890000,159.830000,1.520000,5,0.950000,653,4.460000,0.460000,"2024-05-19",100.910000,0.489000
"ITM12017","Groceries",206,36,11,7,22.120000,1.190000,0.790000,"L43","D",105,0.540000,145.110000,1.820000,8,0.710000,825,1.340000,0.500000,"2024-07-16",46.410000,0.318000
"ITM12018","Pharma",210,67,6,8,47.760000,6.100000,0.340000,"L13","A",85,2.970000,70.650000,0.500000,1,0.950000,804,7.060000,0.430000,"2024-12-19",52.150000,0.700000
"ITM12019","Groceries",441,55,8,4,11.080000,8.920000,0.900000,"L72","A",55,1.690000,103.140000,1.690000,2,0.970000,677,13.870000,0.470000,"2024-09-01",235.220000,0.664000
"ITM12020","Pharma",139,75,8,2,16.270000,3.970000,0.160000,"L87","C",109,2.610000,24.470000,0.350000,6,0.720000,144,9.000000,0.720000,"2024-08-03",28.490000,0.653000
"ITM12021","Apparel",239,34,12,3,16.080000,6.650000,0.850000,"L50","D",47,0.830000,167.230000,0.530000,2,0.820000,774,4.210000,0.210000,"2024-11-28",137.390000,0.569000
"ITM12022","Apparel",72,82,13,9,15.160000,2.700000,0.180000,"L37","C",101,2.760000,60.530000,1.170000,1,0.860000,295,10.110000,0.970000,"2024-03-26",127.450000,0.764000
"ITM12023","Automotive",241,36,12,2,23.960000,5.810000,0.150000,"L33","D",150,1.060000,178.950000,0.680000,6,0.770000,734,11.430000,0.810000,"2024-02-27",288.460000,0.680000
"ITM12024","Pharma",470,10,3,4,49.470000,7.970000,0.430000,"L93","A",159,4.270000,123.390000,0.180000,7,0.860000,846,8.700000,0.950000,"2024-03-08",145.010000,0.720000
"ITM12025","Automotive",431,96,10,7,44.550000,8.740000,0.960000,"L85","B",139,3.920000,117.890000,0.660000,8,0.970000,128,12.800000,0.770000,"2024-12-22",56.650000,0.693000
"ITM12026","Electronics",150,83,14,4,17.070000,1.500000,0.990000,"L78","B",102,0.830000,40.920000,1.820000,1,0.960000,482,9.290000,0.580000,"2024-01-31",35.640000,0.630000
"ITM12027","Pharma",256,51,5,6,21.720000,3.890000,0.280000,"L20","A",86,4.260000,23.210000,0.430000,1,0.980000,329,2.340000,0.350000,"2024-03-22",222.410000,0.634000
"ITM12028","Groceries",265,61,8,8,33.800000,6.580000,0.230000,"L43","B",22,1.960000,115.000000,1.550000,6,0.850000,710,12.330000,0.610000,"2024-02-23",52.840000,0.581000
"ITM12029","Electronics",245,34,5,3,1.840000,0.830000,0.420000,"L11","B",66,2.090000,98.920000,1.470000,3,0.820000,418,3.050000,0.770000,"2024-08-01",282.020000,0.552000
"ITM12030","Electronics",227,63,13,7,41.190000,7.060000,0.400000,"L75","D",171,1.310000,32.740000,0.300000,4,0.900000,328,13.360000,0.880000,"2024-10-29",172.170000,0.824000
"ITM12031","Groceries",425,76,4,6,44.110000,5.520000,0.780000,"L85","C",156,4.260000,168.760000,0.730000,0,0.830000,400,8.310000,0.460000,"2024-09-04",126.490000,0.696000
"ITM12032","Electronics",115,15,7,3,43.000000,3.240000,0.500000,"L19","D",146,2.320000,89.280000,0.460000,5,0.710000,275,11.250000,0.610000,"2024-10-18",208.460000,0.668000
"ITM12033","Pharma",441,67,3,4,19.380000,8.240000,0.800000,"L45","C",125,0.720000,59.490000,0.140000,9,0.920000,973,14.610000,0.700000,"2024-12-13",67.690000,0.725000
"ITM12034","Automotive",219,79,11,4,23.640000,3.260000,0.770000,"L40","C",104,4.850000,159.770000,0.430000,7,0.780000,977,7.050000,0.670000,"2024-08-12",120.850000,0.601000
"ITM12035","Electronics",266,62,13,9,1.610000,9.920000,0.620000,"L84","B",170,1.650000,183.480000,0.480000,0,0.710000,455,7.440000,0.240000,"2024-04-02",19.690000,0.641000
"ITM12036","Pharma",91,75,9,5,20.570000,8.260000,0.850000,"L90","C",164,4.710000,68.130000,0.420000,1,0.710000,495,12.560000,0.590000,"2024-11-08",264.530000,0.765000
"ITM12037","Apparel",337,67,5,5,23.560000,7.230000,0.280000,"L85","C",139,1.860000,157.430000,0.270000,6,0.980000,372,2.540000,0.850000,"2024-07-13",133.320000,0.653000
"ITM12038","Pharma",204,91,6,4,45.440000,1.080000,0.250000,"L51","A",88,4.240000,133.980000,1.100000,1,0.780000,679,1.390000,0.840000,"2024-07-02",230.060000,0.613000
"ITM12039","Automotive",25,96,8,4,44.810000,9.090000,0.780000,"L17","C",66,3.490000,198.050000,0.710000,8,0.830000,122,9.460000,0.610000,"2024-11-09",275.890000,0.583000
"ITM12040","Pharma",225,11,5,2,48.340000,8.010000,0.320000,"L77","A",104,4.380000,48.760000,1.830000,5,0.990000,567,3.350000,0.960000,"2024-01-15",199.310000,0.552000
"ITM12041","Groceries",51,85,14,9,44.370000,2.680000,0.100000,"L91","D",66,4.890000,192.530000,0.460000,4,0.840000,370,4.580000,0.860000,"2024-12-16",118.970000,0.675000
"ITM12042","Automotive",118,31,9,8,1.400000,4.230000,0.920000,"L11","B",153,4.420000,69.900000,1.250000,6,0.720000,71,14.670000,0.790000,"2024-03-07",189.660000,0.653000
"ITM12043","Apparel",413,46,8,2,32.430000,3.050000,0.660000,"L40","C",116,2.320000,88.270000,1.810000,9,0.870000,228,10.140000,0.610000,"2024-09-04",114.500000,0.470000
"ITM12044","Groceries",406,29,11,8,4.340000,9.850000,0.500000,"L72","A",88,4.170000,78.180000,0.190000,7,0.730000,757,12.980000,0.670000,"2024-09-06",174.520000,0.694000
"ITM12045","Pharma",275,33,14,6,14.360000,8.610000,0.750000,"L49","D",143,3.700000,61.010000,1.080000,8,0.730000,158,13.570000,0.380000,"2024-02-27",135.330000,0.535000
"ITM12046","Automotive",206,93,7,5,29.340000,9.340000,0.400000,"L83","D",23,0.780000,141.710000,0.960000,5,0.960000,421,2.700000,0.630000,"2024-07-29",53.460000,0.558000
"ITM12047","Apparel",95,74,6,5,35.330000,7.990000,0.960000,"L43","D",36,4.680000,121.940000,1.860000,4,0.790000,746,13.990000,0.620000,"2024-08-13",236.230000,0.603000
"ITM12048","Groceries",196,74,5,9,33.080000,4.840000,0.160000,"L17","A",47,2.600000,68.080000,1.360000,6,0.900000,505,13.130000,0.360000,"2024-01-24",153.960000,0.571000
"ITM12049","Apparel",334,90,12,4,3.400000,2.450000,0.680000,"L86","A",156,1.110000,35.120000,0.760000,1,0.850000,616,1.630000,0.960000,"2024-02-02",65.140000,0.688000
"ITM12050","Pharma",306,10,3,4,6.080000,2.480000,0.800000,"L90","B",174,2.410000,70.300000,1.450000,7,0.770000,278,14.680000,0.400000,"2024-05-13",268.630000,0.545000
"ITM12051","Apparel",368,12,5,6,7.300000,1.940000,0.520000,"L95","C",136,3.210000,82.430000,1.210000,3,0.860000,987,7.420000,0.280000,"2024-12-01",257.430000,0.546000
"ITM12052","Electronics",274,55,5,7,5.480000,5.690000,0.780000,"L88","D",13,3.080000,82.320000,0.760000,0,0.720000,997,14.640000,0.570000,"2024-06-09",172.060000,0.777000
"ITM12053","Groceries",344,64,9,7,9.730000,9.240000,0.930000,"L68","B",67,3.090000,77.880000,1.590000,2,0.800000,580,12.530000,0.750000,"2024-01-07",291.390000,0.678000
"ITM12054","Apparel",209,84,9,9,34.740000,9.920000,0.770000,"L12","A",146,1.650000,19.260000,1.370000,8,0.860000,413,7.160000,0.360000,"2024-12-26",278.880000,0.442000
"ITM12055","Pharma",327,97,14,7,41.710000,3.230000,0.380000,"L83","B",122,3.350000,98.170000,0.110000,3,0.770000,946,8.160000,0.350000,"2024-12-13",270.130000,0.662000
"ITM12056","Pharma",364,95,3,5,21.030000,7.120000,0.610000,"L86","D",177,4.580000,168.880000,1.740000,9,0.900000,474,4.850000,0.410000,"2024-09-25",48.650000,0.373000
"ITM12057","Apparel",146,73,5,2,34.950000,6.170000,0.920000,"L55","D",152,2.250000,44.270000,0.850000,9,0.720000,265,7.820000,0.440000,"2024-10-22",95.440000,0.471000
"ITM12058","Pharma",444,54,10,7,10.800000,5.140000,0.500000,"L66","B",13,3.340000,37.670000,1.330000,2,0.850000,97,2.500000,0.400000,"2024-10-16",128.960000,0.510000
"ITM12059","Automotive",306,35,11,3,48.690000,6.820000,0.710000,"L47","D",61,1.600000,99.650000,0.850000,3,0.910000,514,13.720000,0.580000,"2024-04-24",251.250000,0.736000
"ITM12060","Automotive",273,86,9,9,18.150000,4.030000,0.520000,"L3","A",155,0.720000,80.410000,1.770000,2,0.830000,721,10.980000,0.210000,"2024-12-08",262.660000,0.537000
"ITM12061","Automotive",232,74,9,6,42.450000,9.470000,0.210000,"L47","D",108,3.140000,116.640000,1.340000,2,0.960000,995,12.270000,0.270000,"2024-06-22",227.930000,0.636000
"ITM12062","Electronics",269,33,14,7,47.320000,7.200000,0.150000,"L40","C",178,0.710000,189.940000,1.200000,1,0.890000,959,8.440000,0.780000,"2024-09-22",147.000000,0.707000
"ITM12063","Apparel",103,83,13,3,43.370000,7.660000,0.960000,"L24","C",102,3.760000,154.570000,1.960000,5,0.990000,322,2.760000,0.530000,"2024-09-24",56.950000,0.445000
"ITM12064","Electronics",402,44,10,7,4.290000,2.800000,0.650000,"L28","D",126,3.520000,140.540000,0.630000,9,0.790000,657,8.520000,0.490000,"2024-12-18",20.210000,0.527000
"ITM12065","Pharma",425,33,8,2,32.870000,2.100000,0.190000,"L44","B",13,2.160000,89.030000,0.220000,5,0.980000,79,5.610000,0.210000,"2024-12-24",212.800000,0.591000
"ITM12066","Electronics",407,37,13,2,6.880000,4.250000,0.870000,"L99","D",94,2.350000,64.600000,1.080000,9,0.880000,682,1.140000,0.440000,"2024-11-12",298.300000,0.391000
"ITM12067","Pharma",32,89,5,7,1.280000,7.780000,0.570000,"L63","C",176,4.630000,112.650000,0.910000,3,0.920000,928,9.610000,0.860000,"2024-02-18",110.190000,0.733000
"ITM12068","Pharma",64,25,3,9,3.540000,9.420000,0.790000,"L25","A",16,0.560000,178.230000,0.960000,7,0.970000,996,12.950000,0.470000,"2024-08-09",174.930000,0.625000
"ITM12069","Groceries",146,68,9,9,45.890000,4.560000,0.210000,"L29","C",134,3.030000,176.580000,1.280000,5,0.870000,915,10.950000,0.970000,"2024-12-04",245.070000,0.686000
"ITM12070","Automotive",445,90,3,3,45.510000,7.850000,0.920000,"L18","D",160,4.660000,94.650000,1.270000,7,0.960000,239,4.130000,0.510000,"2024-05-07",64.080000,0.482000
"ITM12071","Pharma",133,63,3,6,12.070000,4.970000,0.630000,"L20","D",94,4.610000,56.780000,0.850000,5,0.860000,201,12.470000,0.570000,"2024-09-03",250.570000,0.667000
"ITM12072","Groceries",452,88,11,3,27.810000,3.300000,0.760000,"L10","B",72,3.130000,52.820000,1.740000,8,0.880000,425,5.330000,0.840000,"2024-06-26",191.350000,0.481000
"ITM12073","Automotive",295,25,12,6,47.800000,7.520000,0.130000,"L38","D",132,2.220000,16.460000,1.340000,2,0.830000,304,4.060000,0.990000,"2024-12-05",175.260000,0.644000
"ITM12074","Pharma",224,24,9,7,25.340000,8.080000,0.380000,"L13","D",178,0.950000,170.110000,1.790000,2,0.740000,752,14.460000,0.500000,"2024-12-12",231.060000,0.622000
"ITM12075","Pharma",356,20,13,6,20.290000,2.430000,0.340000,"L65","A",98,1.280000,60.320000,1.830000,1,0.870000,703,1.230000,0.300000,"2024-11-24",79.880000,0.447000
"ITM12076","Electronics",457,74,6,4,24.680000,3.400000,0.950000,"L99","A",104,3.560000,78.210000,0.420000,9,0.990000,807,3.350000,0.620000,"2024-07-16",188.290000,0.545000
"ITM12077","Electronics",439,88,8,5,39.720000,5.200000,0.270000,"L70","A",128,0.570000,163.750000,1.390000,5,0.940000,83,7.540000,0.670000,"2024-03-17",79.710000,0.584000
"ITM12078","Automotive",404,99,3,8,24.390000,2.270000,0.740000,"L95","B",53,4.480000,32.800000,0.700000,6,0.920000,236,3.340000,0.970000,"2024-10-12",62.070000,0.633000
"ITM12079","Pharma",418,77,9,5,39.380000,9.320000,0.140000,"L68","B",111,3.150000,97.630000,1.690000,6,0.890000,928,3.340000,0.530000,"2024-11-09",190.770000,0.440000
"ITM12080","Apparel",480,52,14,2,22.150000,6.120000,0.280000,"L5","C",54,0.700000,33.240000,1.490000,4,0.800000,498,9.880000,0.270000,"2024-01-28",88.090000,0.517000
"ITM12081","Electronics",292,78,8,4,13.350000,1.650000,0.400000,"L85","B",126,1.580000,93.950000,0.480000,5,0.750000,135,12.470000,0.720000,"2024-01-06",217.170000,0.712000
"ITM12082","Automotive",427,22,6,5,17.000000,2.250000,0.820000,"L44","A",60,3.170000,18.960000,1.880000,6,0.770000,722,10.260000,0.220000,"2024-11-25",159.200000,0.427000
"ITM12083","Pharma",77,19,9,7,4.810000,9.570000,0.810000,"L99","B",74,0.660000,108.350000,1.400000,1,0.700000,925,2.420000,0.540000,"2024-03-21",211.540000,0.520000
"ITM12084","Pharma",347,84,5,6,25.370000,7.510000,0.960000,"L80","D",63,4.010000,161.180000,1.900000,9,0.900000,167,13.540000,0.530000,"2024-09-15",268.570000,0.497000
"ITM12085","Apparel",238,91,3,6,8.260000,7.480000,0.930000,"L17","B",81,4.640000,138.500000,0.480000,6,0.940000,672,13.920000,0.400000,"2024-08-28",50.090000,0.686000
"ITM12086","Automotive",128,50,6,3,40.770000,1.190000,0.170000,"L77","D",129,4.830000,106.740000,1.750000,0,0.780000,107,4.930000,0.970000,"2024-09-10",29.350000,0.641000
"ITM12087","Pharma",298,59,5,3,21.610000,9.010000,0.850000,"L49","C",177,3.800000,167.460000,1.370000,5,0.730000,67,8.740000,0.520000,"2024-03-25",125.980000,0.530000
"ITM12088","Electronics",193,96,3,9,38.490000,4.720000,0.510000,"L20","D",152,4.360000,53.280000,1.150000,7,0.800000,928,7.790000,0.920000,"2024-02-08",217.850000,0.593000
"ITM12089","Apparel",347,80,4,6,47.770000,6.770000,0.880000,"L21","A",28,3.250000,167.850000,1.660000,0,0.790000,920,10.360000,0.610000,"2024-09-08",266.980000,0.652000
"ITM12090","Automotive",283,68,13,9,42.620000,9.620000,0.180000,"L24","C",19,2.560000,62.510000,1.300000,0,0.840000,189,14.690000,0.860000,"2024-06-13",20.090000,0.806000
"ITM12091","Apparel",334,48,7,7,47.620000,1.450000,0.840000,"L89","C",25,3.710000,78.870000,1.370000,5,0.780000,507,14.810000,0.560000,"2024-05-03",239.960000,0.628000
"ITM12092","Electronics",493,12,10,6,28.830000,5.080000,0.240000,"L99","C",168,1.510000,34.400000,0.580000,4,0.800000,755,8.130000,0.990000,"2024-06-18",31.870000,0.728000
"ITM12093","Automotive",130,85,3,3,9.100000,0.970000,0.400000,"L80","A",117,0.990000,29.330000,1.650000,2,0.970000,691,2.290000,0.710000,"2024-05-22",178.370000,0.562000
"ITM12094","Apparel",206,16,6,5,46.830000,5.250000,0.130000,"L22","D",25,3.930000,187.100000,1.340000,9,0.800000,261,5.680000,0.320000,"2024-01-26",109.790000,0.386000
"ITM12095","Groceries",288,58,6,9,43.560000,2.900000,0.210000,"L93","C",89,4.810000,46.100000,1.700000,9,0.940000,535,6.790000,0.210000,"2024-09-16",15.120000,0.371000
"ITM12096","Electronics",442,35,7,9,43.360000,9.160000,0.500000,"L57","A",37,3.100000,73.330000,0.770000,6,0.890000,845,8.480000,0.940000,"2024-04-24",38.160000,0.682000
"ITM12097","Electronics",248,42,9,2,34.970000,4.290000,0.840000,"L6","C",157,2.670000,110.540000,0.730000,6,0.800000,169,14.450000,0.750000,"2024-10-08",112.580000,0.710000
"ITM12098","Electronics",175,57,14,3,31.620000,6.520000,0.800000,"L53","C",172,2.900000,76.090000,0.150000,6,0.950000,940,4.670000,0.290000,"2024-11-25",286.590000,0.575000
"ITM12099","Groceries",492,88,10,7,1.720000,8.670000,0.310000,"L47","A",18,2.650000,175.330000,1.560000,5,0.880000,603,8.510000,0.790000,"2024-07-12",54.900000,0.591000
"ITM12100","Groceries",208,11,8,9,37.650000,9.850000,0.240000,"L87","B",113,2.490000,181.140000,0.730000,3,0.700000,52,5.070000,0.380000,"2024-07-25",88.870000,0.551000
"ITM12101","Pharma",291,80,3,5,5.490000,5.290000,0.450000,"L93","C",147,4.760000,71.940000,0.720000,8,0.720000,993,13.870000,0.850000,"2024-04-30",298.300000,0.667000
"ITM12102","Apparel",394,41,9,5,13.730000,4.830000,0.890000,"L31","B",54,2.660000,27.490000,1.410000,8,0.930000,278,14.860000,0.690000,"2024-02-10",149.380000,0.621000
"ITM12103","Pharma",21,13,5,5,28.020000,1.220000,0.180000,"L57","C",118,0.860000,49.930000,0.580000,6,0.830000,278,13.190000,0.300000,"2024-08-23",86.050000,0.624000
"ITM12104","Apparel",265,29,8,4,23.130000,0.620000,0.590000,"L79","B",152,3.940000,100.130000,1.830000,6,0.820000,392,5.740000,0.260000,"2024-08-15",188.620000,0.390000
"ITM12105","Groceries",229,45,10,4,1.770000,6.280000,0.180000,"L37","D",39,2.260000,64.810000,1.120000,7,0.740000,190,4.890000,0.570000,"2024-10-20",136.450000,0.475000
"ITM12106","Groceries",420,41,9,8,41.380000,1.120000,0.520000,"L97","B",57,3.700000,96.160000,1.940000,4,0.750000,106,7.040000,0.950000,"2024-08-17",258.910000,0.560000
"ITM12107","Pharma",305,37,12,5,44.060000,4.110000,0.210000,"L96","B",177,3.110000,154.150000,0.250000,8,0.940000,265,11.470000,0.650000,"2024-02-15",12.310000,0.686000
"ITM12108","Automotive",378,86,8,9,34.410000,0.530000,0.170000,"L58","B",100,3.710000,89.920000,0.740000,5,0.950000,692,1.130000,0.810000,"2024-09-12",299.070000,0.593000
"ITM12109","Pharma",32,10,11,7,27.510000,6.340000,0.270000,"L30","B",100,0.780000,47.430000,0.820000,6,0.870000,163,14.930000,0.580000,"2024-08-16",29.230000,0.687000
"ITM12110","Apparel",115,69,11,6,48.080000,4.540000,0.330000,"L69","D",83,0.650000,78.010000,1.490000,6,0.790000,752,13.370000,0.510000,"2024-06-10",165.770000,0.569000
"ITM12111","Pharma",240,65,3,7,6.880000,1.710000,0.350000,"L31","A",53,2.200000,151.170000,0.500000,8,0.980000,804,1.330000,0.860000,"2024-03-01",212.250000,0.576000
"ITM12112","Electronics",257,44,3,4,37.160000,3.320000,0.680000,"L40","B",143,3.620000,90.570000,0.810000,6,0.890000,343,6.350000,0.570000,"2024-09-11",169.450000,0.576000
"ITM12113","Apparel",113,39,3,3,7.290000,5.910000,0.150000,"L61","A",126,1.510000,57.410000,1.830000,2,0.940000,876,10.630000,0.310000,"2024-11-30",97.220000,0.569000
"ITM12114","Apparel",357,63,10,9,19.710000,6.740000,0.170000,"L25","C",33,2.450000,91.210000,0.320000,5,0.700000,77,4.380000,0.420000,"2024-01-10",258.080000,0.550000
"ITM12115","Automotive",288,45,14,8,29.690000,4.890000,0.270000,"L48","A",16,4.910000,96.410000,1.520000,5,0.840000,587,3.000000,0.650000,"2024-02-22",134.820000,0.486000
"ITM12351","Automotive",59,57,9,8,28.580000,6.510000,0.950000,"L8","D",54,0.800000,95.330000,1.930000,1,0.770000,151,3.780000,0.640000,"2024-03-19",29.120000,0.519000
"ITM12116","Groceries",190,64,14,4,37.120000,8.140000,0.880000,"L87","B",15,1.470000,66.310000,1.430000,6,0.960000,645,9.810000,0.520000,"2024-07-25",97.200000,0.564000
"ITM12117","Apparel",488,98,12,6,1.180000,1.570000,0.670000,"L74","A",127,4.320000,199.180000,0.350000,5,0.800000,908,13.650000,0.490000,"2024-07-30",232.820000,0.705000
"ITM12118","Groceries",113,89,9,2,13.770000,1.300000,0.760000,"L57","D",170,4.210000,155.850000,1.410000,3,0.920000,370,14.380000,0.740000,"2024-01-19",52.300000,0.723000
"ITM12119","Pharma",168,67,5,8,27.370000,0.920000,0.430000,"L60","D",94,4.510000,141.570000,1.180000,5,0.900000,891,1.140000,0.710000,"2024-10-12",69.450000,0.519000
"ITM12120","Electronics",131,92,4,4,27.110000,5.590000,0.290000,"L99","B",119,4.620000,172.420000,0.650000,2,0.750000,763,13.240000,0.450000,"2024-10-08",83.300000,0.712000
"ITM12121","Automotive",74,74,6,7,32.240000,7.210000,0.130000,"L37","A",175,2.780000,136.620000,0.690000,0,0.930000,622,8.850000,0.490000,"2024-01-01",136.120000,0.733000
"ITM12122","Groceries",356,78,5,8,15.890000,1.740000,0.540000,"L100","C",154,3.570000,160.290000,1.680000,0,0.730000,746,4.330000,0.800000,"2024-02-16",15.900000,0.596000
"ITM12123","Apparel",443,60,9,9,27.490000,6.570000,0.620000,"L49","D",40,3.290000,88.380000,0.540000,4,0.920000,807,9.640000,0.940000,"2024-11-05",297.610000,0.767000
"ITM12124","Groceries",486,31,12,7,10.300000,5.030000,0.910000,"L65","B",174,1.890000,105.070000,1.070000,7,1.000000,562,14.940000,0.460000,"2024-11-12",184.040000,0.644000
"ITM12125","Apparel",135,97,10,5,10.160000,9.880000,0.890000,"L68","D",148,1.760000,18.930000,1.390000,2,0.990000,977,4.870000,0.430000,"2024-11-22",291.510000,0.570000
"ITM12126","Groceries",162,62,8,5,29.250000,7.320000,0.480000,"L54","B",142,2.040000,63.320000,0.350000,1,0.940000,804,4.880000,0.410000,"2024-06-04",244.160000,0.680000
"ITM12127","Apparel",220,45,5,5,34.590000,6.750000,0.480000,"L21","A",73,1.480000,79.920000,1.870000,7,0.860000,81,10.790000,0.310000,"2024-09-17",48.950000,0.451000
"ITM12128","Pharma",199,77,8,8,6.900000,5.920000,0.250000,"L26","A",85,3.910000,128.840000,0.600000,8,0.900000,796,1.600000,0.500000,"2024-10-14",70.630000,0.481000
"ITM12129","Apparel",221,45,4,2,7.020000,9.970000,0.330000,"L78","A",140,4.840000,98.200000,0.710000,8,0.920000,460,12.490000,0.610000,"2024-04-15",19.990000,0.642000
"ITM12130","Apparel",383,61,14,6,28.700000,9.810000,0.930000,"L18","A",65,4.400000,125.490000,1.370000,1,0.700000,446,10.140000,0.630000,"2024-12-01",251.800000,0.644000
"ITM12131","Electronics",498,62,9,9,14.230000,5.610000,0.230000,"L33","A",72,1.480000,145.530000,0.250000,7,0.730000,66,12.780000,0.750000,"2024-12-09",182.100000,0.701000
"ITM12132","Apparel",72,91,13,8,20.230000,4.820000,0.970000,"L7","B",114,0.730000,18.120000,1.290000,1,0.880000,973,4.230000,0.240000,"2024-08-21",72.370000,0.531000
"ITM12133","Electronics",490,59,12,3,20.640000,4.890000,0.550000,"L83","D",47,3.910000,59.070000,1.840000,6,0.700000,650,12.860000,0.650000,"2024-06-23",291.320000,0.537000
"ITM12134","Automotive",403,89,9,9,9.750000,4.570000,0.510000,"L62","C",63,2.260000,42.470000,0.570000,7,0.970000,101,7.280000,0.400000,"2024-07-05",223.650000,0.574000
"ITM12135","Electronics",199,50,6,7,1.060000,5.550000,0.260000,"L48","D",139,4.210000,45.620000,0.790000,0,0.850000,419,2.860000,0.390000,"2024-01-28",214.600000,0.607000
"ITM12136","Pharma",433,27,10,7,42.800000,3.100000,0.700000,"L71","A",11,4.010000,105.590000,0.540000,7,0.780000,213,13.620000,0.830000,"2024-04-24",87.430000,0.710000
"ITM12137","Electronics",436,31,6,8,36.040000,9.300000,0.510000,"L14","D",149,3.310000,150.600000,1.660000,2,0.820000,352,10.870000,0.320000,"2024-08-20",100.880000,0.567000
"ITM12138","Automotive",332,75,9,8,34.840000,5.160000,0.430000,"L92","D",49,1.650000,61.830000,0.420000,0,0.960000,499,3.360000,0.460000,"2024-06-18",203.710000,0.687000
"ITM12139","Pharma",327,30,6,6,27.780000,8.500000,0.340000,"L67","B",11,0.970000,166.650000,0.760000,6,0.980000,977,4.450000,0.710000,"2024-10-13",182.130000,0.601000
"ITM12140","Groceries",156,53,14,2,35.350000,5.020000,0.160000,"L16","C",114,1.640000,179.570000,1.240000,9,0.730000,593,4.760000,0.710000,"2024-11-13",197.710000,0.447000
"ITM12141","Groceries",201,56,7,8,46.850000,7.320000,0.570000,"L37","C",134,2.790000,76.600000,0.870000,2,0.930000,759,14.490000,0.240000,"2024-11-03",264.860000,0.700000
"ITM12142","Electronics",386,48,9,5,33.620000,3.700000,0.380000,"L11","A",89,4.910000,139.460000,0.220000,7,0.870000,551,13.410000,0.260000,"2024-08-30",56.520000,0.643000
"ITM12143","Electronics",20,38,12,6,13.990000,6.440000,0.740000,"L98","B",56,0.790000,32.240000,1.900000,8,0.880000,400,5.850000,0.720000,"2024-12-02",43.740000,0.448000
"ITM12144","Automotive",63,63,5,3,28.960000,5.230000,0.750000,"L21","B",173,1.400000,151.370000,0.740000,1,0.930000,428,7.530000,0.960000,"2024-07-05",173.740000,0.784000
"ITM12145","Automotive",246,99,12,5,22.670000,3.990000,0.400000,"L35","B",141,3.320000,41.350000,0.950000,0,0.770000,488,4.990000,1.000000,"2024-08-19",155.050000,0.726000
"ITM12146","Apparel",350,94,7,3,28.260000,8.870000,0.700000,"L58","B",161,1.870000,140.610000,0.420000,7,0.860000,250,11.400000,0.990000,"2024-02-28",126.830000,0.740000
"ITM12147","Automotive",117,26,13,4,26.360000,1.570000,0.330000,"L66","B",100,4.360000,90.160000,1.740000,9,0.800000,156,3.260000,0.480000,"2024-02-19",272.370000,0.345000
"ITM12148","Apparel",227,89,5,3,43.080000,5.130000,0.750000,"L19","C",110,1.130000,186.410000,0.650000,5,0.730000,554,5.740000,0.390000,"2024-12-03",171.930000,0.536000
"ITM12149","Pharma",284,69,7,5,32.940000,2.350000,0.110000,"L56","C",139,4.830000,98.250000,0.140000,9,0.730000,433,9.490000,0.280000,"2024-04-23",174.500000,0.535000
"ITM12150","Electronics",307,40,5,4,10.250000,8.680000,0.240000,"L12","D",24,4.610000,15.870000,0.700000,0,0.740000,897,13.280000,0.460000,"2024-01-02",116.260000,0.747000
"ITM12151","Pharma",290,82,13,5,4.090000,2.910000,0.320000,"L29","C",58,4.490000,101.330000,1.970000,2,0.880000,906,9.900000,0.420000,"2024-06-23",109.780000,0.555000
"ITM12152","Automotive",159,87,12,7,21.790000,6.520000,0.800000,"L58","B",121,1.280000,161.140000,0.380000,8,0.730000,345,14.160000,0.660000,"2024-06-30",296.410000,0.669000
"ITM12153","Pharma",256,58,13,5,1.760000,2.070000,0.160000,"L45","D",44,1.980000,132.950000,0.160000,8,0.870000,77,14.030000,0.500000,"2024-11-20",190.690000,0.685000
"ITM12154","Pharma",481,11,9,4,16.600000,4.350000,0.270000,"L4","C",125,4.120000,193.600000,1.200000,5,0.880000,386,11.060000,0.390000,"2024-05-29",249.280000,0.581000
"ITM12155","Pharma",460,57,3,3,19.030000,9.040000,0.420000,"L54","D",103,4.140000,170.220000,0.810000,2,0.970000,336,4.900000,0.690000,"2024-10-07",139.760000,0.676000
"ITM12156","Automotive",411,23,11,7,19.400000,2.080000,0.110000,"L7","C",33,3.670000,110.040000,1.610000,7,0.890000,680,10.560000,0.460000,"2024-09-24",65.640000,0.510000
"ITM12157","Pharma",91,68,11,2,48.990000,6.800000,0.790000,"L51","A",69,2.520000,49.240000,1.490000,5,1.000000,392,3.700000,0.480000,"2024-07-10",104.200000,0.496000
"ITM12158","Apparel",174,67,7,2,15.890000,2.440000,0.600000,"L65","C",86,1.900000,10.720000,0.450000,0,0.710000,80,5.660000,0.680000,"2024-12-25",110.380000,0.708000
"ITM12159","Automotive",209,67,11,9,14.000000,4.450000,0.910000,"L48","D",57,4.830000,196.300000,1.170000,5,0.910000,715,11.610000,0.290000,"2024-02-24",173.820000,0.578000
"ITM12160","Pharma",287,60,12,2,7.340000,5.640000,0.130000,"L31","A",160,1.130000,188.280000,0.160000,4,0.710000,821,12.910000,0.820000,"2024-01-24",54.840000,0.782000
"ITM12161","Automotive",340,93,8,2,26.040000,5.980000,0.340000,"L50","B",149,0.700000,62.090000,0.940000,7,0.920000,536,6.830000,0.970000,"2024-03-25",122.240000,0.635000
"ITM12162","Groceries",126,11,7,6,8.530000,6.220000,0.760000,"L11","D",50,0.540000,131.260000,1.460000,1,0.820000,668,8.330000,0.590000,"2024-09-09",39.170000,0.627000
"ITM12163","Apparel",251,50,5,2,31.200000,6.580000,0.710000,"L48","B",166,3.990000,148.560000,0.890000,6,0.880000,300,6.410000,0.650000,"2024-03-12",153.990000,0.582000
"ITM12164","Pharma",61,92,13,4,8.600000,3.080000,0.320000,"L29","B",137,0.760000,119.820000,0.320000,5,0.790000,412,7.710000,0.510000,"2024-07-28",284.750000,0.631000
"ITM12165","Groceries",209,91,13,8,29.260000,4.310000,0.640000,"L4","D",160,2.920000,170.160000,0.220000,0,0.750000,156,8.170000,0.970000,"2024-02-24",108.290000,0.831000
"ITM12166","Groceries",390,25,10,2,41.490000,0.850000,0.810000,"L41","B",40,2.150000,24.790000,1.720000,7,0.920000,555,10.690000,0.310000,"2024-05-10",24.420000,0.477000
"ITM12167","Automotive",158,13,6,5,3.080000,7.800000,0.130000,"L13","D",158,1.160000,180.330000,1.790000,5,0.970000,491,11.510000,0.850000,"2024-11-08",186.540000,0.638000
"ITM12168","Groceries",122,21,12,8,21.570000,8.450000,0.750000,"L92","D",33,3.830000,84.480000,0.750000,2,0.760000,166,14.650000,0.720000,"2024-04-10",194.070000,0.776000
"ITM12169","Apparel",190,38,5,2,23.590000,2.390000,0.330000,"L84","C",18,0.750000,101.330000,0.410000,4,0.980000,294,7.130000,0.830000,"2024-04-06",149.080000,0.736000
"ITM12170","Apparel",370,16,8,8,39.760000,2.410000,0.950000,"L43","A",159,1.930000,94.500000,1.960000,6,0.740000,128,2.160000,0.960000,"2024-03-02",125.090000,0.453000
"ITM12171","Electronics",292,23,10,3,23.930000,0.900000,0.580000,"L19","B",141,3.030000,110.940000,1.140000,8,0.920000,790,10.630000,0.600000,"2024-07-20",268.870000,0.572000
"ITM12172","Apparel",435,21,11,4,28.810000,9.720000,0.130000,"L18","B",86,2.310000,123.650000,1.010000,3,0.990000,535,7.980000,0.430000,"2024-04-20",282.150000,0.629000
"ITM12173","Groceries",240,14,8,4,39.770000,8.170000,0.460000,"L5","A",140,1.670000,144.970000,1.510000,1,0.740000,72,12.770000,0.820000,"2024-08-22",205.220000,0.711000
"ITM12174","Apparel",232,90,7,9,28.430000,3.930000,0.970000,"L37","A",129,4.670000,109.740000,0.420000,2,0.830000,246,3.050000,0.880000,"2024-04-07",155.360000,0.701000
"ITM12175","Automotive",360,41,14,8,18.560000,5.080000,0.760000,"L61","A",165,4.690000,140.110000,1.200000,6,0.800000,410,10.030000,0.750000,"2024-06-22",29.590000,0.604000
"ITM12176","Electronics",443,83,13,9,5.210000,3.270000,0.370000,"L90","A",99,2.370000,74.280000,1.790000,7,0.820000,749,7.430000,0.880000,"2024-02-25",97.300000,0.520000
"ITM12177","Groceries",426,52,4,7,36.770000,6.170000,0.620000,"L18","A",126,2.270000,187.970000,0.140000,4,0.930000,476,6.870000,0.780000,"2024-07-31",92.680000,0.740000
"ITM12178","Electronics",75,90,4,6,43.690000,7.310000,0.640000,"L98","C",119,1.880000,22.260000,1.380000,2,0.900000,266,8.910000,0.970000,"2024-01-24",26.890000,0.715000
"ITM12179","Groceries",409,78,11,5,48.530000,4.750000,0.120000,"L91","D",130,4.350000,113.650000,1.150000,0,0.990000,808,10.580000,0.660000,"2024-11-20",254.580000,0.756000
"ITM12180","Automotive",361,54,4,8,46.400000,8.800000,0.260000,"L61","A",107,3.060000,26.610000,1.910000,9,0.760000,715,12.910000,0.500000,"2024-12-10",261.440000,0.453000
"ITM12181","Electronics",453,18,4,4,40.070000,5.410000,0.600000,"L58","C",24,0.900000,94.130000,0.590000,0,0.860000,756,4.290000,0.740000,"2024-10-28",274.590000,0.718000
"ITM12182","Pharma",121,58,5,9,32.530000,1.870000,0.460000,"L79","A",145,4.340000,58.940000,1.730000,1,0.830000,677,5.100000,0.260000,"2024-03-04",225.120000,0.493000
"ITM12183","Groceries",440,42,5,3,39.290000,6.410000,0.270000,"L1","A",61,2.910000,188.010000,0.690000,4,0.980000,245,8.680000,0.600000,"2024-08-18",216.050000,0.683000
"ITM12184","Pharma",211,27,6,2,22.170000,4.890000,0.800000,"L11","B",64,2.370000,12.480000,0.920000,2,0.700000,616,5.850000,0.820000,"2024-08-22",148.570000,0.650000
"ITM12185","Electronics",329,18,9,4,30.140000,9.390000,0.540000,"L3","B",46,2.020000,84.330000,0.510000,6,1.000000,736,8.960000,0.340000,"2024-12-03",258.650000,0.616000
"ITM12186","Pharma",219,71,11,3,18.090000,4.220000,0.380000,"L33","B",141,0.950000,158.590000,1.740000,1,0.840000,492,3.800000,0.520000,"2024-10-28",157.940000,0.529000
"ITM12187","Pharma",252,66,4,2,17.010000,4.330000,0.250000,"L28","B",64,4.810000,45.810000,0.470000,1,0.890000,508,5.310000,0.480000,"2024-09-15",18.600000,0.678000
"ITM12188","Electronics",452,38,6,6,38.080000,6.680000,0.650000,"L20","D",21,3.840000,164.960000,1.730000,2,0.810000,508,5.550000,0.470000,"2024-03-09",179.620000,0.517000
"ITM12189","Automotive",246,87,11,4,23.240000,5.510000,0.700000,"L71","D",156,1.090000,173.350000,0.970000,0,0.960000,533,14.890000,0.720000,"2024-09-12",123.230000,0.838000
"ITM12190","Pharma",390,34,4,9,11.400000,4.060000,0.700000,"L94","B",46,2.800000,144.520000,1.690000,1,0.870000,193,12.960000,0.600000,"2024-01-03",161.180000,0.678000
"ITM12191","Pharma",158,24,12,4,10.890000,9.900000,0.300000,"L78","B",16,3.000000,49.720000,0.600000,4,0.900000,363,12.730000,0.840000,"2024-09-28",137.800000,0.778000
"ITM12192","Automotive",363,15,13,8,43.100000,3.370000,0.640000,"L68","A",64,1.260000,61.690000,0.350000,2,0.890000,924,8.190000,0.250000,"2024-01-25",154.070000,0.662000
"ITM12193","Pharma",324,51,3,8,34.210000,3.140000,0.910000,"L55","A",37,2.420000,41.720000,1.150000,9,0.810000,778,7.540000,0.560000,"2024-10-10",41.490000,0.480000
"ITM12194","Pharma",168,38,12,3,27.760000,8.710000,0.420000,"L15","B",46,3.410000,44.970000,1.070000,5,0.720000,306,1.980000,0.210000,"2024-08-09",14.210000,0.405000
"ITM12195","Pharma",134,88,10,9,20.650000,0.530000,0.290000,"L100","B",84,1.780000,16.930000,0.780000,1,0.940000,688,3.760000,0.380000,"2024-10-26",108.650000,0.616000
"ITM12196","Apparel",469,13,11,7,22.110000,2.410000,0.790000,"L37","B",123,1.990000,172.890000,1.360000,7,0.790000,523,13.530000,0.820000,"2024-09-04",83.820000,0.626000
"ITM12197","Automotive",82,91,9,8,3.810000,6.110000,0.260000,"L31","A",176,1.050000,110.420000,0.280000,3,0.950000,734,8.360000,0.280000,"2024-09-17",82.520000,0.669000
"ITM12198","Pharma",123,66,10,5,23.290000,2.040000,0.330000,"L39","B",115,2.360000,72.270000,1.280000,2,0.880000,655,14.820000,0.280000,"2024-03-31",281.760000,0.662000
"ITM12199","Automotive",358,58,6,6,39.980000,9.870000,0.190000,"L16","B",160,3.130000,65.020000,0.500000,4,0.810000,548,9.290000,0.520000,"2024-12-20",247.510000,0.660000
"ITM12200","Groceries",378,53,6,5,20.010000,4.910000,0.340000,"L7","D",119,1.020000,113.490000,0.350000,7,0.880000,951,6.280000,0.820000,"2024-10-23",13.880000,0.649000
"ITM12201","Groceries",175,89,4,4,19.800000,6.170000,0.470000,"L31","D",93,3.270000,72.070000,1.830000,8,0.890000,268,4.840000,0.710000,"2024-03-29",12.530000,0.442000
"ITM12202","Pharma",292,84,10,5,1.770000,2.020000,0.160000,"L54","A",20,2.290000,174.110000,0.970000,0,0.910000,613,13.860000,0.830000,"2024-03-06",235.300000,0.836000
"ITM12203","Automotive",25,23,13,2,23.430000,3.250000,0.880000,"L82","D",75,3.550000,50.080000,1.550000,3,0.950000,580,6.190000,0.240000,"2024-02-23",295.610000,0.506000
"ITM12204","Automotive",166,12,4,6,2.240000,6.340000,0.560000,"L80","A",22,1.920000,177.640000,0.270000,5,0.750000,407,3.050000,0.650000,"2024-07-17",144.910000,0.594000
"ITM12205","Automotive",203,71,11,5,28.950000,5.720000,0.630000,"L59","C",178,3.060000,136.180000,0.210000,5,0.980000,286,4.900000,0.560000,"2024-12-02",135.610000,0.652000
"ITM12206","Apparel",47,73,6,2,25.830000,7.950000,0.430000,"L9","B",24,3.260000,191.760000,1.040000,8,0.820000,732,10.040000,0.920000,"2024-11-03",89.990000,0.618000
"ITM12207","Groceries",469,54,3,3,42.160000,3.060000,0.700000,"L15","A",65,3.610000,12.870000,0.700000,0,0.960000,324,2.860000,0.790000,"2024-11-06",203.320000,0.718000
"ITM12208","Automotive",57,91,6,5,29.510000,6.710000,0.490000,"L64","D",168,3.910000,21.230000,0.110000,4,0.770000,856,2.280000,0.540000,"2024-06-13",146.780000,0.601000
"ITM12209","Automotive",138,67,5,6,16.850000,3.260000,0.790000,"L77","C",62,1.110000,105.170000,0.450000,9,0.710000,925,7.410000,0.640000,"2024-09-15",58.580000,0.544000
"ITM12210","Apparel",312,29,14,2,26.300000,6.070000,0.840000,"L69","D",70,4.840000,183.350000,0.520000,0,0.870000,721,2.170000,0.540000,"2024-07-15",149.600000,0.659000
"ITM12211","Apparel",390,67,8,5,35.290000,6.250000,0.700000,"L3","A",137,4.300000,148.850000,0.650000,5,0.800000,801,6.500000,0.550000,"2024-08-02",119.150000,0.592000
"ITM12212","Automotive",263,98,9,3,5.600000,1.660000,0.540000,"L81","C",51,3.030000,128.210000,1.770000,8,1.000000,626,5.520000,0.710000,"2024-11-07",268.040000,0.479000
"ITM12213","Electronics",87,66,10,5,31.430000,5.710000,0.800000,"L66","D",38,4.510000,16.000000,0.900000,3,0.730000,266,6.480000,0.370000,"2024-12-20",233.760000,0.556000
"ITM12214","Automotive",233,86,4,2,45.910000,0.610000,0.540000,"L74","C",164,2.220000,77.290000,1.390000,9,0.710000,608,7.830000,0.470000,"2024-05-07",213.360000,0.421000
"ITM12215","Automotive",237,77,8,5,15.660000,5.260000,0.200000,"L31","B",53,0.650000,75.710000,0.130000,9,0.710000,446,3.590000,0.420000,"2024-05-20",104.880000,0.481000
"ITM12216","Apparel",196,87,8,6,31.700000,7.130000,0.200000,"L92","B",142,3.770000,113.000000,1.650000,8,0.770000,123,7.190000,0.840000,"2024-07-22",50.490000,0.493000
"ITM12217","Apparel",318,61,12,4,41.250000,1.190000,0.950000,"L19","C",122,4.750000,58.990000,0.560000,2,0.870000,725,6.060000,0.950000,"2024-06-24",260.760000,0.749000
"ITM12218","Automotive",183,46,14,9,26.080000,9.420000,0.290000,"L38","D",115,1.230000,60.760000,0.690000,6,0.850000,759,12.140000,0.530000,"2024-05-30",109.400000,0.649000
"ITM12219","Automotive",77,17,7,9,36.180000,4.860000,0.830000,"L55","D",47,3.400000,127.960000,0.190000,4,0.810000,972,10.730000,0.260000,"2024-08-19",181.960000,0.658000
"ITM12220","Automotive",288,53,12,2,16.240000,9.410000,0.320000,"L1","D",124,4.160000,189.470000,0.880000,9,0.730000,377,13.220000,0.270000,"2024-03-09",181.340000,0.508000
"ITM12221","Apparel",327,14,12,2,16.000000,1.520000,0.490000,"L79","B",139,4.570000,135.430000,1.720000,0,0.770000,457,10.370000,0.520000,"2024-03-11",279.140000,0.624000
"ITM12222","Automotive",77,78,9,2,33.710000,9.520000,0.690000,"L46","A",118,1.740000,136.940000,0.820000,6,0.760000,197,2.700000,0.520000,"2024-07-30",59.800000,0.490000
"ITM12223","Automotive",307,40,5,2,35.570000,1.540000,0.240000,"L31","A",93,1.080000,197.380000,1.830000,7,0.920000,135,8.100000,0.320000,"2024-11-04",233.780000,0.433000
"ITM12224","Pharma",484,54,6,5,46.910000,4.880000,0.760000,"L74","C",172,1.620000,39.160000,1.750000,5,0.930000,570,11.390000,0.850000,"2024-12-24",144.150000,0.633000
"ITM12225","Electronics",124,18,12,6,12.020000,9.410000,0.720000,"L54","D",55,3.100000,16.430000,0.220000,0,0.930000,552,12.780000,0.600000,"2024-09-19",60.680000,0.854000
"ITM12226","Groceries",247,41,11,9,23.940000,2.710000,0.590000,"L24","C",101,4.630000,151.650000,0.680000,8,0.990000,814,3.540000,0.290000,"2024-06-02",252.340000,0.475000
"ITM12227","Electronics",266,42,6,3,13.280000,0.830000,0.610000,"L86","A",114,3.120000,93.370000,1.830000,6,0.970000,281,4.130000,0.280000,"2024-12-25",247.840000,0.402000
"ITM12228","Pharma",207,76,5,9,4.920000,8.030000,0.200000,"L86","A",81,4.640000,91.480000,0.160000,5,0.850000,937,13.070000,0.560000,"2024-10-07",21.650000,0.740000
"ITM12229","Groceries",102,39,4,6,20.760000,6.160000,0.490000,"L11","D",148,3.970000,52.810000,1.560000,3,0.820000,547,7.800000,0.290000,"2024-06-09",215.740000,0.510000
"ITM12230","Automotive",205,85,7,2,19.330000,5.380000,0.180000,"L68","C",38,3.190000,106.300000,1.820000,2,0.970000,472,7.330000,0.650000,"2024-12-30",54.520000,0.600000
"ITM12231","Pharma",271,38,6,7,14.250000,0.830000,0.380000,"L47","D",56,0.600000,94.010000,1.560000,3,0.880000,516,7.920000,0.510000,"2024-10-10",187.000000,0.568000
"ITM12232","Automotive",374,12,10,5,15.550000,6.710000,0.910000,"L9","A",120,2.000000,75.640000,1.510000,0,0.790000,296,3.430000,0.940000,"2024-11-19",196.700000,0.641000
"ITM12233","Apparel",257,99,9,7,18.660000,2.130000,0.620000,"L68","A",16,0.760000,94.120000,1.700000,8,0.870000,419,9.790000,0.540000,"2024-04-21",202.920000,0.483000
"ITM12234","Pharma",379,66,8,5,49.450000,9.350000,0.770000,"L70","D",126,1.950000,82.930000,1.370000,1,1.000000,562,12.310000,0.690000,"2024-04-12",44.830000,0.745000
"ITM12235","Apparel",203,39,13,2,39.360000,7.010000,0.620000,"L65","C",73,0.780000,188.580000,0.900000,1,0.950000,828,12.720000,0.850000,"2024-04-17",183.510000,0.820000
"ITM12236","Pharma",303,18,14,5,4.500000,7.220000,0.270000,"L65","B",91,1.260000,196.250000,0.220000,2,0.780000,154,1.430000,0.440000,"2024-11-15",38.960000,0.601000
"ITM12237","Pharma",404,35,4,2,43.750000,2.710000,0.640000,"L71","D",73,2.350000,169.580000,1.600000,0,0.990000,283,11.010000,0.610000,"2024-05-28",226.210000,0.707000
"ITM12238","Apparel",445,11,5,6,32.030000,8.870000,0.780000,"L3","A",101,2.820000,198.180000,1.820000,9,0.990000,507,2.280000,0.300000,"2024-12-17",28.490000,0.326000
"ITM12239","Groceries",229,71,12,8,44.640000,5.610000,0.220000,"L50","B",21,1.480000,60.490000,1.070000,2,0.770000,306,14.540000,0.550000,"2024-06-25",229.770000,0.711000
"ITM12240","Electronics",323,12,11,4,17.740000,8.640000,0.840000,"L61","D",21,3.800000,170.160000,1.110000,3,0.970000,524,7.750000,0.500000,"2024-12-10",266.210000,0.626000
"ITM12241","Automotive",315,55,11,5,23.760000,3.070000,0.600000,"L6","B",45,3.160000,87.260000,0.870000,8,0.960000,642,11.860000,0.540000,"2024-03-08",96.580000,0.611000
"ITM12242","Pharma",116,77,7,2,44.920000,7.680000,0.100000,"L82","D",38,3.610000,151.770000,1.730000,4,0.710000,684,9.710000,0.290000,"2024-12-29",235.700000,0.476000
"ITM12243","Automotive",466,34,5,7,14.360000,5.960000,0.570000,"L50","A",148,3.800000,48.260000,0.130000,5,0.900000,221,14.330000,0.520000,"2024-11-28",131.080000,0.762000
"ITM12244","Apparel",479,60,4,2,45.860000,0.960000,0.460000,"L48","D",94,3.770000,164.270000,1.290000,0,0.790000,868,14.630000,0.900000,"2024-04-01",241.340000,0.804000
"ITM12245","Automotive",475,22,10,7,41.600000,4.350000,0.370000,"L33","B",83,4.710000,25.860000,1.820000,2,0.900000,322,4.900000,0.950000,"2024-09-14",209.010000,0.613000
"ITM12246","Apparel",491,53,8,9,49.050000,2.250000,0.790000,"L96","C",56,1.570000,61.410000,0.300000,6,0.970000,920,7.760000,0.390000,"2024-10-04",93.850000,0.625000
"ITM12247","Automotive",227,44,12,5,16.890000,3.910000,0.910000,"L3","A",170,1.720000,166.170000,1.920000,6,0.850000,808,8.060000,0.440000,"2024-12-21",66.180000,0.453000
"ITM12248","Electronics",389,64,13,3,12.550000,4.140000,0.790000,"L46","A",90,0.920000,151.960000,1.940000,9,0.820000,924,3.490000,0.210000,"2024-11-22",275.280000,0.279000
"ITM12249","Electronics",407,96,14,7,17.210000,5.010000,0.860000,"L9","B",130,3.170000,105.240000,1.870000,0,0.980000,937,13.660000,0.290000,"2024-06-14",253.300000,0.649000
"ITM12250","Electronics",441,18,9,2,47.780000,6.200000,0.920000,"L45","D",52,2.280000,137.830000,0.980000,8,0.990000,243,5.890000,0.480000,"2024-12-29",201.370000,0.515000
"ITM12251","Electronics",430,11,3,5,17.320000,5.920000,0.920000,"L31","D",155,2.730000,45.260000,0.830000,0,0.720000,161,2.220000,0.750000,"2024-02-29",111.320000,0.641000
"ITM12252","Electronics",156,70,3,2,28.700000,0.870000,0.200000,"L94","D",83,1.260000,136.880000,1.440000,6,0.980000,72,3.160000,0.430000,"2024-06-29",158.030000,0.460000
"ITM12253","Electronics",386,50,12,3,20.780000,7.630000,0.510000,"L85","A",62,3.420000,11.520000,0.710000,1,0.720000,986,8.190000,0.260000,"2024-10-14",171.780000,0.614000
"ITM12254","Apparel",419,53,4,4,20.410000,9.520000,0.100000,"L81","A",48,3.290000,168.310000,0.230000,8,0.800000,943,13.340000,0.780000,"2024-09-02",34.960000,0.711000
"ITM12255","Pharma",203,73,12,8,10.480000,3.810000,0.560000,"L14","B",116,1.690000,108.090000,1.810000,8,0.930000,364,9.800000,0.570000,"2024-10-25",291.950000,0.490000
"ITM12256","Automotive",95,40,5,8,27.320000,2.210000,0.930000,"L99","D",171,2.590000,189.340000,1.310000,8,0.930000,251,4.010000,0.620000,"2024-10-19",36.630000,0.472000
"ITM12257","Electronics",306,56,14,3,42.620000,5.630000,0.280000,"L75","D",46,4.520000,100.850000,0.490000,3,0.920000,550,5.160000,0.460000,"2024-12-07",219.290000,0.636000
"ITM12258","Apparel",491,11,3,6,3.420000,7.200000,0.680000,"L95","B",178,3.980000,92.290000,0.130000,5,0.710000,667,14.660000,0.690000,"2024-12-29",152.910000,0.762000
"ITM12259","Apparel",394,91,7,5,44.570000,6.950000,0.680000,"L97","A",106,1.520000,95.510000,1.470000,1,0.740000,655,1.740000,0.910000,"2024-08-01",230.360000,0.586000
"ITM12260","Apparel",161,86,5,3,33.610000,6.320000,0.240000,"L43","A",58,4.450000,78.350000,1.720000,2,0.980000,74,14.920000,0.640000,"2024-12-11",85.670000,0.711000
"ITM12261","Pharma",256,78,3,4,31.220000,1.890000,0.310000,"L18","C",137,0.800000,41.670000,0.870000,5,0.720000,706,13.680000,0.670000,"2024-09-30",124.580000,0.673000
"ITM12262","Automotive",44,67,10,2,31.670000,8.450000,0.520000,"L6","C",19,2.360000,169.990000,0.250000,0,0.720000,557,10.500000,0.500000,"2024-05-26",162.400000,0.759000
"ITM12263","Pharma",309,53,14,5,15.520000,4.540000,0.270000,"L46","D",49,0.860000,83.930000,1.330000,6,0.950000,415,14.200000,0.270000,"2024-08-04",45.010000,0.580000
"ITM12264","Groceries",86,83,13,9,21.340000,2.600000,0.630000,"L70","A",155,4.660000,110.530000,0.660000,1,0.890000,580,3.130000,0.540000,"2024-01-07",257.030000,0.642000
"ITM12265","Apparel",269,65,8,7,40.170000,1.320000,0.540000,"L44","D",162,0.680000,13.780000,0.370000,7,0.810000,771,14.200000,0.940000,"2024-09-24",297.550000,0.762000
"ITM12266","Groceries",427,52,11,3,16.010000,4.460000,0.570000,"L83","A",115,1.180000,21.450000,1.070000,4,0.750000,643,3.980000,0.740000,"2024-02-24",131.100000,0.564000
"ITM12267","Electronics",137,98,5,9,24.030000,6.370000,0.220000,"L23","C",50,4.620000,123.460000,1.020000,6,0.970000,95,8.650000,0.590000,"2024-01-13",119.280000,0.605000
"ITM12268","Electronics",92,43,11,9,1.960000,6.820000,0.570000,"L100","B",173,3.120000,177.050000,1.080000,7,1.000000,84,7.840000,0.700000,"2024-07-14",182.280000,0.597000
"ITM12269","Pharma",301,39,11,4,36.940000,9.650000,0.140000,"L88","A",11,4.080000,103.750000,1.670000,2,0.710000,251,8.170000,0.650000,"2024-03-15",209.710000,0.574000
"ITM12270","Automotive",423,80,14,9,21.470000,1.950000,0.890000,"L60","C",62,0.570000,41.350000,1.020000,5,0.870000,584,4.740000,0.930000,"2024-01-28",261.890000,0.621000
"ITM12271","Groceries",467,79,14,3,26.740000,9.860000,0.410000,"L90","C",156,2.390000,32.060000,1.810000,8,0.780000,414,11.930000,0.380000,"2024-12-09",118.140000,0.450000
"ITM12272","Automotive",379,64,3,6,6.620000,6.720000,0.870000,"L62","A",35,4.930000,180.960000,1.700000,3,0.950000,519,11.400000,0.910000,"2024-01-29",231.800000,0.694000
"ITM12273","Pharma",29,76,5,8,49.590000,4.820000,0.730000,"L81","D",63,3.110000,143.310000,1.340000,9,0.800000,349,14.360000,0.750000,"2024-04-12",79.620000,0.587000
"ITM12274","Electronics",230,22,8,8,15.820000,8.940000,0.790000,"L24","A",60,4.320000,193.580000,0.210000,6,0.910000,826,8.100000,0.300000,"2024-05-16",207.330000,0.609000
"ITM12275","Automotive",342,12,10,5,32.110000,7.100000,0.380000,"L18","C",162,4.840000,25.650000,1.740000,0,0.860000,465,8.670000,0.500000,"2024-03-23",145.360000,0.614000
"ITM12276","Automotive",171,35,6,2,29.480000,3.810000,0.300000,"L9","A",123,3.580000,181.500000,1.820000,6,0.860000,395,13.650000,0.550000,"2024-05-26",201.890000,0.562000
"ITM12277","Electronics",24,66,7,4,39.470000,8.900000,0.470000,"L92","B",26,1.970000,170.670000,0.810000,8,0.960000,398,13.870000,0.270000,"2024-12-15",120.140000,0.590000
"ITM12278","Groceries",214,33,11,3,15.400000,6.830000,0.120000,"L100","D",129,1.890000,179.710000,1.100000,9,0.840000,748,10.090000,0.640000,"2024-05-08",95.360000,0.541000
"ITM12279","Electronics",461,62,8,5,38.040000,7.140000,0.930000,"L59","A",55,0.820000,11.090000,0.630000,7,0.950000,859,12.490000,0.410000,"2024-03-15",150.940000,0.636000
"ITM12280","Automotive",302,79,14,3,19.740000,9.020000,0.450000,"L5","C",64,2.420000,150.960000,0.130000,3,0.810000,239,8.070000,0.570000,"2024-02-01",269.580000,0.711000
"ITM12281","Groceries",483,52,9,5,21.150000,4.760000,0.990000,"L38","C",59,4.620000,114.300000,1.010000,2,0.750000,452,6.430000,0.550000,"2024-12-19",205.710000,0.605000
"ITM12282","Groceries",132,69,9,8,33.960000,6.740000,0.790000,"L26","D",84,2.650000,118.900000,0.350000,6,0.840000,801,13.100000,0.620000,"2024-05-31",187.380000,0.712000
"ITM12283","Electronics",290,67,6,9,39.430000,7.570000,0.170000,"L6","A",20,4.600000,99.150000,0.450000,0,0.850000,398,11.880000,0.880000,"2024-04-14",218.760000,0.859000
"ITM12284","Automotive",182,58,6,6,33.680000,4.810000,0.690000,"L26","C",149,4.180000,151.110000,1.010000,7,0.840000,422,4.390000,0.820000,"2024-10-04",221.440000,0.550000
"ITM12285","Pharma",479,51,6,3,45.090000,1.290000,0.340000,"L6","D",177,4.930000,199.970000,1.750000,0,0.940000,688,1.670000,0.900000,"2024-01-17",95.480000,0.615000
"ITM12286","Automotive",124,85,13,6,14.970000,7.830000,0.320000,"L41","B",57,4.760000,145.000000,1.700000,6,0.870000,554,8.920000,0.660000,"2024-07-02",77.490000,0.535000
"ITM12287","Apparel",200,75,7,7,45.130000,0.950000,0.330000,"L40","D",130,3.680000,138.830000,1.930000,5,0.970000,340,12.780000,0.690000,"2024-08-19",157.650000,0.609000
"ITM12288","Pharma",63,20,7,7,7.410000,7.320000,0.920000,"L66","A",65,4.420000,134.340000,1.020000,9,0.850000,953,4.460000,0.540000,"2024-02-22",52.870000,0.455000
"ITM12289","Groceries",301,99,10,9,33.320000,9.150000,0.550000,"L51","A",17,3.870000,142.090000,1.150000,7,0.770000,160,11.740000,0.770000,"2024-11-11",147.670000,0.610000
"ITM12290","Pharma",194,27,11,8,27.830000,3.800000,0.700000,"L70","C",23,3.670000,75.000000,1.660000,5,0.740000,604,6.800000,0.360000,"2024-12-11",210.980000,0.445000
"ITM12291","Groceries",181,94,4,4,25.240000,1.470000,0.350000,"L61","B",123,3.720000,70.840000,1.430000,4,0.960000,552,5.700000,0.580000,"2024-10-14",12.150000,0.561000
"ITM12292","Groceries",490,61,13,6,16.230000,2.710000,0.570000,"L33","A",63,3.740000,159.020000,0.450000,8,0.720000,350,3.420000,0.770000,"2024-04-24",42.230000,0.539000
"ITM12293","Pharma",370,55,9,5,25.680000,5.840000,0.420000,"L5","C",26,2.210000,20.090000,0.860000,3,0.740000,695,14.080000,0.820000,"2024-11-27",289.020000,0.754000
"ITM12294","Groceries",453,53,3,4,8.930000,9.460000,0.390000,"L97","D",142,2.410000,154.260000,1.870000,6,0.720000,62,4.160000,0.400000,"2024-10-14",279.100000,0.372000
"ITM12295","Groceries",359,31,3,3,19.100000,5.370000,0.320000,"L83","D",140,1.820000,164.630000,0.380000,5,0.830000,572,4.910000,0.350000,"2024-07-18",131.200000,0.563000
"ITM12296","Apparel",159,62,6,3,5.840000,1.570000,0.470000,"L25","A",18,1.170000,109.100000,0.500000,9,0.860000,151,5.640000,0.430000,"2024-05-01",181.110000,0.503000
"ITM12297","Automotive",490,68,12,5,29.020000,6.460000,0.690000,"L37","B",131,2.560000,182.930000,0.860000,5,0.710000,246,4.990000,0.940000,"2024-09-18",55.030000,0.611000
"ITM12298","Automotive",151,39,9,2,5.690000,7.460000,0.300000,"L46","C",123,4.550000,99.890000,1.890000,4,0.850000,440,3.280000,0.300000,"2024-12-22",105.990000,0.405000
"ITM12299","Apparel",106,17,4,9,8.860000,4.240000,0.970000,"L100","A",29,3.430000,43.840000,0.320000,1,0.820000,104,5.960000,0.960000,"2024-05-27",239.950000,0.783000
"ITM12300","Pharma",195,66,13,2,5.190000,7.350000,0.210000,"L7","C",92,0.750000,78.670000,1.380000,3,0.930000,232,7.600000,1.000000,"2024-12-20",258.230000,0.689000
"ITM12301","Electronics",202,82,4,9,19.680000,3.590000,0.530000,"L84","D",30,4.150000,182.110000,0.350000,0,0.950000,68,8.720000,0.830000,"2024-12-06",127.530000,0.837000
"ITM12302","Electronics",387,29,3,3,42.260000,8.000000,0.180000,"L43","C",42,4.710000,198.810000,1.100000,8,0.910000,412,3.190000,0.810000,"2024-01-25",100.210000,0.517000
"ITM12303","Electronics",148,34,12,9,45.440000,3.740000,0.120000,"L35","D",142,4.230000,90.150000,1.120000,8,0.840000,823,11.910000,0.960000,"2024-07-14",207.690000,0.647000
"ITM12304","Apparel",265,28,4,8,4.520000,2.930000,0.930000,"L16","B",161,3.770000,41.700000,0.180000,7,0.760000,522,5.360000,0.430000,"2024-07-17",218.190000,0.551000
"ITM12305","Apparel",108,14,9,8,32.090000,8.850000,0.830000,"L48","B",35,1.180000,64.400000,1.910000,3,0.950000,58,13.850000,0.300000,"2024-08-01",295.300000,0.584000
"ITM12306","Groceries",85,84,11,5,34.530000,5.710000,0.720000,"L56","D",117,2.070000,115.130000,1.630000,4,0.800000,709,5.610000,0.860000,"2024-12-16",212.230000,0.564000
"ITM12307","Electronics",177,88,8,2,27.150000,3.210000,0.880000,"L52","A",98,3.040000,118.700000,0.680000,0,0.810000,74,13.080000,0.340000,"2024-06-09",79.650000,0.736000
"ITM12308","Pharma",406,81,12,6,33.680000,9.380000,0.820000,"L96","D",101,0.850000,129.710000,0.350000,3,0.970000,355,5.940000,0.240000,"2024-10-09",27.400000,0.626000
"ITM12309","Pharma",397,92,4,3,12.450000,7.060000,0.680000,"L57","C",42,0.980000,168.720000,0.760000,3,0.990000,633,8.080000,0.360000,"2024-01-28",84.710000,0.642000
"ITM12310","Electronics",168,96,14,7,24.990000,2.600000,0.860000,"L50","C",27,4.700000,145.130000,1.800000,4,0.970000,483,6.210000,0.550000,"2024-01-07",75.730000,0.527000
"ITM12311","Electronics",492,36,12,6,20.150000,6.340000,0.450000,"L44","C",27,3.660000,59.560000,0.350000,1,1.000000,471,6.420000,0.600000,"2024-05-08",36.920000,0.751000
"ITM12312","Electronics",359,49,12,5,5.400000,8.770000,0.600000,"L24","A",175,1.740000,85.060000,0.760000,1,0.960000,883,9.660000,0.250000,"2024-04-13",138.870000,0.675000
"ITM12313","Apparel",452,35,11,7,31.650000,7.110000,0.800000,"L64","B",42,1.970000,169.570000,1.040000,1,0.910000,106,10.700000,0.550000,"2024-11-13",93.560000,0.711000
"ITM12314","Apparel",135,36,9,6,25.270000,2.830000,0.180000,"L89","B",36,2.230000,130.340000,0.160000,7,0.790000,583,13.190000,0.680000,"2024-08-14",278.280000,0.714000
"ITM12315","Apparel",233,71,13,2,14.480000,6.660000,0.870000,"L64","C",58,0.840000,41.620000,0.610000,1,0.990000,873,8.970000,0.950000,"2024-04-25",127.130000,0.827000
"ITM12316","Automotive",488,92,3,9,24.210000,6.380000,0.240000,"L48","A",152,3.830000,71.850000,1.230000,5,0.960000,597,4.040000,0.380000,"2024-11-20",264.220000,0.499000
"ITM12317","Pharma",465,59,14,8,38.990000,8.300000,0.880000,"L67","C",117,1.300000,160.310000,0.720000,1,0.770000,228,14.850000,0.370000,"2024-12-26",98.950000,0.734000
"ITM12318","Pharma",391,51,11,2,40.280000,2.190000,0.380000,"L35","B",77,4.120000,42.700000,1.750000,7,0.850000,117,10.570000,0.510000,"2024-12-29",251.130000,0.498000
"ITM12319","Groceries",313,38,4,7,32.830000,7.150000,0.390000,"L11","D",108,4.310000,141.300000,1.880000,0,0.720000,545,6.250000,0.990000,"2024-11-27",141.810000,0.637000
"ITM12320","Apparel",272,48,6,9,23.920000,0.760000,0.170000,"L94","C",28,3.370000,117.070000,0.940000,1,0.990000,50,14.550000,0.470000,"2024-07-07",19.380000,0.772000
"ITM12321","Automotive",162,69,11,9,29.210000,7.110000,0.900000,"L55","C",34,3.960000,38.020000,1.110000,4,0.870000,97,14.420000,0.240000,"2024-10-28",151.220000,0.623000
"ITM12322","Automotive",269,50,6,9,19.870000,9.620000,0.260000,"L11","C",113,1.270000,140.890000,1.300000,5,0.770000,466,2.110000,0.410000,"2024-10-06",75.760000,0.434000
"ITM12323","Pharma",385,42,5,4,7.200000,2.160000,0.670000,"L56","B",85,3.090000,37.050000,1.360000,8,0.790000,713,1.280000,0.650000,"2024-11-04",99.160000,0.409000
"ITM12324","Apparel",455,92,3,8,19.900000,3.460000,0.680000,"L78","A",85,3.550000,85.700000,0.220000,5,0.990000,994,1.620000,0.530000,"2024-04-10",208.460000,0.604000
"ITM12325","Groceries",482,92,9,3,26.990000,6.040000,0.350000,"L24","D",115,3.480000,68.630000,0.200000,7,0.880000,246,10.590000,0.820000,"2024-04-09",163.560000,0.721000
"ITM12326","Apparel",321,25,8,7,30.340000,7.460000,0.990000,"L70","D",162,1.030000,141.100000,1.740000,6,0.830000,619,10.950000,0.690000,"2024-05-30",267.700000,0.556000
"ITM12327","Electronics",44,32,12,5,46.850000,3.770000,0.160000,"L38","D",42,2.050000,158.650000,0.520000,0,0.850000,97,11.140000,0.650000,"2024-08-17",281.430000,0.797000
"ITM12328","Apparel",296,16,6,3,39.090000,6.810000,0.650000,"L42","C",46,1.960000,41.980000,1.210000,1,0.730000,404,9.820000,0.460000,"2024-03-31",210.380000,0.628000
"ITM12329","Electronics",491,35,8,6,8.450000,9.040000,0.530000,"L14","B",101,3.080000,164.280000,1.290000,3,0.720000,283,5.000000,0.640000,"2024-12-15",260.430000,0.550000
"ITM12330","Electronics",396,21,8,8,9.530000,7.400000,0.320000,"L11","D",133,3.940000,11.370000,0.410000,0,0.880000,486,3.340000,0.690000,"2024-02-08",66.570000,0.718000
"ITM12331","Groceries",397,81,6,5,5.920000,7.250000,0.250000,"L42","C",52,3.070000,110.710000,1.550000,7,0.850000,749,13.990000,0.340000,"2024-04-05",32.990000,0.530000
"ITM12332","Pharma",408,14,8,5,37.170000,4.130000,0.760000,"L85","A",135,3.900000,108.190000,1.750000,3,0.810000,943,13.780000,0.790000,"2024-03-29",106.560000,0.669000
"ITM12333","Apparel",89,78,12,2,35.600000,9.160000,0.920000,"L38","C",18,0.950000,128.530000,0.640000,6,0.870000,675,4.390000,0.510000,"2024-09-20",104.460000,0.551000
"ITM12334","Electronics",132,58,13,6,49.330000,3.130000,0.200000,"L40","D",23,4.450000,55.540000,1.770000,6,0.720000,139,3.350000,0.790000,"2024-03-02",202.880000,0.450000
"ITM12335","Apparel",382,35,10,2,26.580000,2.450000,0.270000,"L58","D",140,2.910000,11.870000,0.250000,7,0.980000,418,6.250000,0.340000,"2024-07-12",253.700000,0.582000
"ITM12336","Pharma",131,14,5,2,41.490000,3.960000,0.990000,"L78","A",78,0.670000,96.400000,1.620000,8,0.790000,988,1.680000,0.730000,"2024-01-21",96.100000,0.404000
"ITM12337","Pharma",383,31,6,9,29.250000,6.680000,0.110000,"L92","B",35,3.390000,23.570000,1.320000,8,0.720000,218,3.270000,0.220000,"2024-08-07",133.180000,0.340000
"ITM12338","Automotive",322,88,12,8,43.830000,8.690000,0.560000,"L55","A",136,2.830000,179.520000,1.210000,6,0.750000,412,6.320000,0.330000,"2024-05-22",40.440000,0.459000
"ITM12339","Pharma",490,22,14,4,36.330000,1.750000,0.560000,"L22","A",62,1.490000,43.000000,0.540000,8,0.730000,971,4.340000,0.910000,"2024-10-11",129.690000,0.572000
"ITM12340","Groceries",471,37,3,2,32.500000,8.230000,0.340000,"L89","D",50,3.940000,90.790000,0.790000,4,0.750000,922,11.320000,0.570000,"2024-05-15",72.180000,0.656000
"ITM12341","Electronics",110,42,6,3,28.690000,8.220000,0.700000,"L57","D",91,4.700000,92.460000,1.830000,9,0.830000,226,13.670000,0.610000,"2024-03-07",120.910000,0.507000
"ITM12342","Automotive",37,32,13,5,36.430000,6.080000,0.950000,"L45","B",111,1.950000,115.040000,0.980000,3,0.920000,549,13.730000,0.930000,"2024-03-23",87.240000,0.795000
"ITM12343","Groceries",168,27,12,8,21.560000,7.730000,0.510000,"L58","D",30,2.720000,158.680000,1.230000,2,0.780000,753,9.460000,0.590000,"2024-10-26",244.530000,0.637000
"ITM12344","Apparel",495,39,12,2,5.730000,2.230000,0.770000,"L6","A",130,1.080000,99.710000,1.880000,5,0.830000,182,10.850000,0.720000,"2024-05-10",11.180000,0.567000
"ITM12345","Electronics",246,35,14,7,2.960000,2.110000,0.680000,"L94","A",48,4.680000,14.890000,0.990000,9,0.980000,221,7.920000,0.380000,"2024-01-03",108.230000,0.499000
"ITM12346","Pharma",233,25,11,3,24.470000,8.700000,0.530000,"L46","B",160,1.930000,156.510000,0.840000,8,0.790000,579,3.050000,0.270000,"2024-06-18",291.080000,0.409000
"ITM12347","Electronics",379,86,10,6,30.370000,5.230000,0.140000,"L79","D",78,1.380000,25.610000,1.800000,3,0.940000,812,9.890000,0.480000,"2024-08-26",206.910000,0.576000
"ITM12348","Apparel",170,48,13,5,4.860000,2.840000,0.770000,"L56","D",84,2.650000,131.900000,1.830000,1,0.750000,490,5.900000,0.840000,"2024-12-29",233.930000,0.594000
"ITM12349","Automotive",211,42,6,8,15.060000,7.040000,0.430000,"L36","A",166,0.690000,162.650000,0.770000,2,0.750000,161,1.080000,0.560000,"2024-03-20",259.360000,0.559000
"ITM12350","Automotive",470,35,14,7,16.780000,8.970000,0.300000,"L82","A",71,1.640000,63.710000,1.220000,2,0.840000,89,9.050000,0.330000,"2024-01-21",114.930000,0.593000
"ITM12352","Pharma",261,74,12,8,14.650000,3.800000,0.800000,"L10","C",36,1.070000,12.720000,0.210000,8,0.970000,418,13.410000,0.410000,"2024-06-14",129.100000,0.674000
"ITM12353","Groceries",157,47,5,7,5.690000,5.090000,0.970000,"L86","A",125,1.000000,162.740000,0.180000,3,0.720000,223,14.080000,0.960000,"2024-11-01",199.280000,0.846000
"ITM12354","Groceries",364,11,11,6,9.080000,7.650000,0.330000,"L82","A",171,4.430000,143.620000,1.080000,2,0.880000,875,3.270000,0.660000,"2024-01-27",117.530000,0.604000
"ITM12355","Electronics",199,15,12,7,9.520000,1.140000,0.850000,"L52","A",151,4.690000,53.960000,0.650000,9,0.880000,390,1.410000,0.990000,"2024-11-16",140.010000,0.548000
"ITM12356","Pharma",219,55,6,3,42.290000,2.560000,0.650000,"L47","B",50,2.640000,84.140000,1.210000,5,0.720000,969,1.060000,0.230000,"2024-11-11",249.400000,0.383000
"ITM12357","Automotive",222,59,4,9,14.930000,4.890000,0.980000,"L66","D",115,3.340000,142.110000,1.480000,7,0.920000,973,13.780000,0.210000,"2024-12-04",20.510000,0.522000
"ITM12358","Automotive",80,47,12,8,36.020000,6.240000,0.950000,"L96","D",83,3.630000,78.050000,0.230000,7,0.840000,863,3.130000,0.580000,"2024-06-03",107.070000,0.563000
"ITM12359","Apparel",211,97,7,6,28.820000,3.720000,0.980000,"L87","D",69,2.260000,40.860000,1.780000,9,0.920000,245,7.090000,0.890000,"2024-09-08",151.640000,0.499000
"ITM12360","Apparel",24,27,4,8,48.870000,3.330000,0.960000,"L21","A",51,2.170000,108.520000,0.630000,5,0.950000,633,1.800000,0.620000,"2024-10-20",96.760000,0.575000
"ITM12361","Automotive",397,36,12,7,14.370000,0.890000,0.110000,"L4","D",131,3.540000,147.480000,0.820000,4,0.800000,231,6.230000,0.900000,"2024-10-08",139.290000,0.661000
"ITM12362","Automotive",256,50,8,6,8.760000,0.810000,0.770000,"L19","D",20,2.200000,70.950000,0.740000,6,0.850000,802,12.000000,0.300000,"2024-07-02",126.510000,0.596000
"ITM12363","Pharma",200,81,13,6,3.550000,3.150000,0.340000,"L78","D",172,3.110000,33.140000,1.700000,2,0.780000,850,6.690000,0.760000,"2024-02-07",277.930000,0.587000
"ITM12364","Groceries",330,83,12,2,12.810000,5.540000,0.730000,"L87","B",156,2.820000,167.610000,0.420000,9,0.760000,372,11.860000,0.730000,"2024-12-28",153.010000,0.634000
"ITM12365","Apparel",56,26,3,2,34.520000,5.790000,0.980000,"L57","B",127,2.860000,58.030000,0.150000,1,0.700000,162,10.640000,0.640000,"2024-06-11",148.130000,0.775000
"ITM12366","Groceries",75,71,8,9,5.180000,5.190000,0.140000,"L5","A",74,4.230000,107.430000,1.950000,7,0.990000,901,8.240000,0.520000,"2024-09-26",83.800000,0.477000
"ITM12367","Pharma",462,38,6,2,12.990000,4.390000,0.610000,"L17","D",56,3.670000,141.360000,1.960000,8,0.830000,724,11.330000,0.720000,"2024-04-22",23.430000,0.505000
"ITM12368","Automotive",256,67,5,7,42.910000,2.900000,0.760000,"L9","A",23,4.820000,70.240000,0.590000,5,0.700000,600,13.310000,0.640000,"2024-04-04",96.850000,0.686000
"ITM12369","Groceries",377,79,4,5,29.560000,4.310000,0.330000,"L31","A",76,4.060000,133.240000,0.120000,3,0.700000,284,12.100000,0.420000,"2024-09-23",17.890000,0.713000
"ITM12370","Automotive",368,87,9,3,4.410000,1.820000,0.300000,"L100","A",118,1.160000,97.340000,1.330000,5,0.790000,554,10.680000,0.280000,"2024-02-04",249.760000,0.523000
"ITM12371","Automotive",216,31,11,7,3.340000,1.590000,0.150000,"L83","A",169,3.820000,118.380000,1.330000,6,0.700000,992,10.830000,0.510000,"2024-09-15",69.240000,0.533000
"ITM12372","Electronics",92,15,14,8,4.000000,3.350000,0.180000,"L47","A",19,3.500000,122.210000,1.890000,7,0.810000,120,3.260000,0.610000,"2024-03-22",274.250000,0.398000
"ITM12373","Groceries",78,35,5,2,47.150000,9.960000,0.690000,"L47","A",133,3.410000,166.590000,0.670000,2,0.720000,268,14.310000,0.610000,"2024-07-31",266.890000,0.750000
"ITM12374","Groceries",259,48,8,6,42.640000,3.600000,0.550000,"L50","B",26,2.660000,134.700000,0.460000,5,0.710000,566,3.880000,0.540000,"2024-10-05",202.760000,0.556000
"ITM12375","Automotive",21,21,11,7,42.400000,9.400000,0.130000,"L73","C",177,0.780000,60.220000,1.270000,9,0.900000,802,5.890000,0.460000,"2024-10-01",260.140000,0.444000
"ITM12376","Pharma",468,23,4,6,46.290000,4.230000,0.970000,"L5","B",152,4.780000,21.320000,1.170000,5,0.970000,214,8.250000,0.480000,"2024-07-25",264.600000,0.583000
"ITM12377","Electronics",379,31,9,9,25.760000,4.670000,0.690000,"L78","A",106,4.330000,10.380000,1.460000,9,0.820000,562,2.770000,0.410000,"2024-02-17",235.140000,0.357000
"ITM12378","Automotive",207,60,7,8,13.120000,8.070000,0.560000,"L20","C",176,2.690000,181.840000,1.780000,6,0.950000,430,9.310000,0.660000,"2024-06-27",157.300000,0.548000
"ITM12379","Apparel",326,32,7,6,20.670000,1.390000,0.350000,"L87","C",66,1.210000,189.000000,1.160000,3,0.710000,233,3.560000,0.880000,"2024-04-23",285.510000,0.589000
"ITM12380","Apparel",49,57,13,6,36.220000,2.230000,0.690000,"L58","D",147,4.210000,27.880000,0.390000,5,0.930000,952,13.930000,0.900000,"2024-04-19",247.140000,0.813000
"ITM12381","Electronics",286,80,9,9,43.930000,9.750000,0.430000,"L48","A",80,2.440000,102.540000,1.240000,1,0.720000,418,13.440000,0.990000,"2024-12-05",46.830000,0.777000
"ITM12382","Pharma",495,59,11,4,22.320000,5.310000,0.730000,"L48","A",106,2.260000,38.800000,0.810000,7,0.950000,497,8.620000,0.270000,"2024-06-18",131.770000,0.538000
"ITM12383","Automotive",127,98,6,5,27.230000,0.920000,0.710000,"L57","B",26,3.490000,190.260000,0.960000,2,0.960000,57,7.290000,0.370000,"2024-06-18",166.510000,0.627000
"ITM12384","Groceries",351,22,11,3,46.660000,0.950000,0.180000,"L98","C",85,3.910000,56.900000,1.920000,8,0.940000,669,2.440000,0.780000,"2024-07-03",163.530000,0.425000
"ITM12385","Electronics",442,94,13,3,6.270000,9.120000,0.920000,"L10","C",26,0.780000,105.310000,1.150000,7,0.950000,431,12.530000,0.720000,"2024-05-30",120.070000,0.646000
"ITM12386","Pharma",109,19,12,2,43.250000,8.800000,0.540000,"L74","A",120,3.950000,41.470000,0.380000,5,0.870000,431,6.310000,0.310000,"2024-04-21",164.180000,0.582000
"ITM12387","Groceries",224,64,11,4,8.810000,4.850000,0.450000,"L18","D",129,3.800000,73.220000,0.940000,9,0.780000,497,4.450000,0.700000,"2024-11-12",36.970000,0.481000
"ITM12388","Apparel",398,18,6,7,24.710000,2.050000,0.960000,"L68","A",153,3.150000,60.690000,0.530000,1,0.890000,746,14.930000,0.530000,"2024-09-28",200.020000,0.810000
"ITM12389","Apparel",475,88,5,9,11.700000,8.390000,0.490000,"L47","C",128,2.020000,100.330000,0.360000,7,0.830000,845,10.360000,0.970000,"2024-08-31",154.350000,0.722000
"ITM12390","Groceries",466,61,4,7,30.540000,3.580000,0.750000,"L51","D",87,1.240000,89.760000,1.450000,5,0.700000,203,2.030000,0.880000,"2024-10-14",238.420000,0.498000
"ITM12391","Electronics",467,11,11,3,28.370000,4.480000,0.690000,"L41","D",12,0.960000,72.850000,1.290000,0,0.840000,83,12.220000,0.260000,"2024-11-28",211.080000,0.654000
"ITM12392","Apparel",464,34,14,5,19.620000,6.980000,0.250000,"L84","C",117,0.510000,30.120000,1.050000,5,0.900000,546,11.510000,0.270000,"2024-01-05",42.700000,0.582000
"ITM12393","Automotive",400,22,4,6,43.300000,3.860000,0.990000,"L36","A",60,1.430000,102.050000,0.900000,4,0.700000,913,6.620000,0.530000,"2024-02-28",111.710000,0.564000
"ITM12394","Groceries",457,60,8,8,33.330000,6.470000,0.520000,"L32","A",123,2.350000,171.540000,0.710000,5,0.890000,71,2.730000,0.210000,"2024-12-08",223.510000,0.485000
"ITM12395","Groceries",239,67,7,2,36.340000,8.910000,0.460000,"L15","A",103,1.600000,148.740000,0.270000,0,0.900000,429,7.960000,0.280000,"2024-06-26",107.700000,0.715000
"ITM12396","Apparel",397,43,7,5,8.380000,8.080000,0.930000,"L4","B",125,1.890000,146.910000,0.670000,3,0.750000,197,11.690000,0.950000,"2024-08-16",174.400000,0.769000
"ITM12397","Electronics",113,44,6,3,44.280000,4.130000,0.580000,"L95","B",114,2.260000,79.560000,1.690000,6,0.830000,959,2.060000,0.830000,"2024-05-03",288.770000,0.470000
"ITM12398","Automotive",476,12,8,4,9.180000,3.240000,0.730000,"L24","D",108,1.890000,144.600000,1.590000,4,0.990000,712,3.290000,0.740000,"2024-11-24",33.180000,0.551000
"ITM12399","Electronics",122,68,7,2,11.920000,3.210000,0.860000,"L64","A",163,3.760000,98.450000,1.950000,5,0.970000,628,9.660000,0.860000,"2024-11-10",65.180000,0.600000
"ITM12400","Pharma",242,79,13,9,7.270000,3.810000,0.310000,"L67","B",85,2.710000,38.550000,1.350000,1,0.820000,964,8.830000,0.400000,"2024-11-14",149.380000,0.607000
"ITM12401","Pharma",205,57,6,3,22.580000,5.190000,0.250000,"L50","D",168,0.590000,89.620000,1.150000,7,0.800000,639,13.670000,0.780000,"2024-05-04",224.150000,0.643000
"ITM12402","Apparel",488,73,11,7,44.500000,4.460000,0.160000,"L72","C",90,1.520000,35.220000,0.660000,9,0.740000,793,12.410000,0.690000,"2024-01-21",105.730000,0.605000
"ITM12403","Apparel",203,28,8,2,13.370000,1.760000,0.910000,"L16","C",81,3.690000,31.750000,0.250000,3,0.710000,600,13.860000,0.880000,"2024-12-15",44.060000,0.818000
"ITM12404","Apparel",181,76,13,9,19.310000,2.050000,0.280000,"L34","A",156,1.850000,14.380000,1.270000,5,0.790000,726,7.520000,0.430000,"2024-06-13",101.570000,0.517000
"ITM12405","Pharma",266,91,12,3,42.460000,3.760000,0.380000,"L100","C",152,4.640000,63.740000,1.030000,2,0.980000,148,12.030000,0.810000,"2024-07-14",196.890000,0.775000
"ITM12406","Electronics",50,82,12,7,31.270000,5.840000,0.360000,"L34","C",120,3.710000,72.870000,1.540000,8,0.990000,690,1.680000,0.880000,"2024-02-28",239.840000,0.482000
"ITM12407","Electronics",71,85,12,8,37.830000,6.130000,0.370000,"L91","C",67,1.800000,142.890000,0.880000,7,0.940000,580,5.120000,0.640000,"2024-07-16",293.330000,0.556000
"ITM12408","Apparel",364,14,5,7,11.490000,5.120000,0.700000,"L58","D",87,2.820000,112.220000,1.970000,5,0.810000,320,10.020000,0.530000,"2024-05-11",230.790000,0.505000
"ITM12409","Automotive",95,76,12,6,36.110000,7.520000,0.960000,"L28","C",167,3.500000,173.110000,0.860000,8,0.740000,50,11.690000,0.960000,"2024-10-03",152.760000,0.650000
"ITM12410","Electronics",404,20,8,9,12.150000,7.500000,0.400000,"L79","C",57,1.370000,43.530000,0.730000,9,0.880000,336,8.990000,0.340000,"2024-05-24",94.860000,0.511000
"ITM12411","Pharma",458,77,3,9,49.380000,4.560000,0.470000,"L37","D",65,1.610000,60.530000,1.750000,8,0.890000,229,7.730000,0.230000,"2024-01-13",278.980000,0.392000
"ITM12412","Groceries",297,78,7,4,28.430000,1.680000,0.790000,"L89","B",51,2.780000,188.800000,0.850000,1,0.830000,988,4.270000,0.340000,"2024-09-21",164.920000,0.586000
"ITM12413","Groceries",59,10,12,9,35.090000,5.540000,0.490000,"L63","D",33,4.660000,94.370000,1.750000,8,0.910000,305,3.440000,0.750000,"2024-07-10",209.750000,0.443000
"ITM12414","Groceries",120,72,8,6,6.800000,4.120000,0.930000,"L26","B",119,2.050000,159.920000,0.150000,7,0.920000,223,13.260000,0.830000,"2024-09-20",147.010000,0.772000
"ITM12415","Automotive",130,38,13,3,13.280000,1.810000,0.550000,"L16","D",61,2.310000,103.510000,1.420000,1,0.930000,903,2.990000,0.770000,"2024-09-17",80.210000,0.618000
"ITM12416","Apparel",404,91,10,8,7.850000,9.830000,0.410000,"L18","A",43,1.360000,99.510000,0.240000,8,0.850000,99,7.090000,0.540000,"2024-08-16",168.610000,0.589000
"ITM12417","Pharma",340,21,13,5,20.120000,4.010000,0.970000,"L10","C",12,3.170000,38.140000,0.380000,4,0.940000,581,13.440000,0.970000,"2024-09-06",253.570000,0.843000
"ITM12418","Automotive",268,86,11,8,14.920000,6.450000,0.480000,"L58","B",77,3.830000,171.730000,1.430000,8,0.710000,666,3.070000,0.560000,"2024-01-23",121.160000,0.392000
"ITM12419","Pharma",210,50,13,8,36.910000,5.160000,0.310000,"L23","D",148,2.480000,24.890000,0.650000,2,0.900000,239,2.790000,0.990000,"2024-05-31",203.930000,0.710000
"ITM12420","Pharma",201,11,5,9,6.330000,1.860000,0.260000,"L92","B",150,3.880000,68.950000,0.500000,3,0.770000,800,10.700000,0.930000,"2024-11-29",22.280000,0.773000
"ITM12421","Apparel",445,46,4,8,37.850000,1.030000,1.000000,"L57","B",59,1.860000,137.960000,1.620000,0,0.780000,92,5.640000,0.530000,"2024-04-08",281.600000,0.575000
"ITM12422","Groceries",424,54,6,9,3.240000,6.440000,0.780000,"L12","C",91,3.680000,106.380000,1.900000,4,0.730000,566,7.100000,0.330000,"2024-06-13",291.280000,0.437000
"ITM12423","Apparel",354,89,10,6,10.900000,2.850000,0.470000,"L88","B",28,1.660000,177.460000,0.540000,6,0.760000,809,9.760000,0.270000,"2024-09-20",122.030000,0.562000
"ITM12424","Automotive",228,57,13,5,39.810000,2.810000,0.840000,"L41","D",53,4.010000,17.470000,0.700000,6,1.000000,115,6.310000,0.630000,"2024-02-12",154.530000,0.620000
"ITM12425","Automotive",41,33,10,7,37.400000,9.590000,0.590000,"L86","A",170,4.240000,133.390000,1.460000,5,0.820000,445,12.200000,0.810000,"2024-02-19",56.570000,0.643000
"ITM12426","Automotive",185,31,5,9,24.340000,4.890000,0.390000,"L45","A",175,4.090000,100.720000,1.650000,5,0.980000,300,14.570000,0.340000,"2024-03-26",66.900000,0.593000
"ITM12427","Apparel",118,20,6,3,3.450000,0.780000,0.770000,"L91","C",12,1.470000,39.320000,2.000000,7,0.750000,177,14.060000,0.450000,"2024-10-02",184.600000,0.487000
"ITM12428","Pharma",227,67,5,4,30.880000,3.730000,0.770000,"L9","D",122,3.620000,151.220000,0.620000,9,0.760000,746,8.640000,0.700000,"2024-09-30",191.830000,0.565000
"ITM12429","Pharma",27,55,12,5,20.930000,6.050000,0.550000,"L71","D",74,2.920000,88.150000,1.160000,8,0.870000,237,5.970000,0.570000,"2024-01-04",109.070000,0.492000
"ITM12430","Electronics",209,38,4,3,16.510000,3.620000,0.140000,"L70","A",172,4.940000,111.000000,0.350000,3,0.800000,232,7.070000,0.680000,"2024-11-16",118.470000,0.695000
"ITM12431","Automotive",194,44,6,9,32.380000,0.760000,0.170000,"L38","D",173,2.130000,193.780000,0.730000,3,0.890000,632,5.620000,0.740000,"2024-02-03",156.810000,0.668000
"ITM12432","Pharma",292,24,8,5,22.390000,4.720000,0.810000,"L39","B",175,3.970000,102.380000,0.190000,7,0.830000,627,7.180000,0.500000,"2024-04-17",282.540000,0.603000
"ITM12433","Electronics",36,69,13,9,5.530000,1.510000,0.840000,"L21","C",48,2.170000,166.440000,0.500000,4,0.940000,890,1.180000,0.830000,"2024-12-09",53.400000,0.640000
"ITM12434","Pharma",109,51,13,6,45.880000,6.380000,0.710000,"L92","A",162,2.290000,156.220000,1.060000,9,0.830000,811,1.770000,0.760000,"2024-11-18",169.940000,0.456000
"ITM12435","Automotive",160,52,7,3,39.150000,6.390000,0.860000,"L91","C",73,1.000000,135.920000,0.410000,8,0.870000,716,11.800000,0.750000,"2024-04-19",26.870000,0.680000
"ITM12436","Groceries",164,89,5,6,3.760000,0.860000,0.750000,"L90","B",113,1.580000,180.390000,1.790000,5,0.800000,461,5.690000,0.320000,"2024-12-16",142.920000,0.421000
"ITM12437","Automotive",185,83,4,2,26.730000,3.260000,0.910000,"L82","A",22,1.240000,57.800000,1.450000,8,0.910000,982,12.120000,0.580000,"2024-08-05",125.190000,0.555000
"ITM12438","Apparel",356,58,11,3,5.090000,4.430000,0.240000,"L23","D",77,1.220000,165.950000,0.150000,3,0.900000,128,7.720000,0.660000,"2024-02-23",57.620000,0.740000
"ITM12439","Pharma",97,73,3,5,42.030000,5.730000,0.450000,"L47","D",79,0.540000,81.780000,1.770000,0,0.820000,68,12.280000,0.380000,"2024-04-15",57.560000,0.627000
"ITM12440","Pharma",448,41,11,2,31.040000,3.310000,0.520000,"L66","B",84,4.070000,164.370000,1.960000,3,0.780000,527,10.290000,0.810000,"2024-10-02",140.530000,0.599000
"ITM12441","Apparel",281,73,3,6,9.450000,3.230000,0.370000,"L29","A",10,2.610000,103.820000,1.050000,8,0.880000,996,3.810000,0.300000,"2024-12-25",46.710000,0.422000
"ITM12442","Apparel",182,11,9,6,2.020000,9.840000,0.750000,"L16","C",107,4.120000,172.960000,0.700000,6,0.980000,830,7.270000,0.320000,"2024-08-10",95.490000,0.567000
"ITM12443","Groceries",385,33,8,5,2.550000,0.900000,0.920000,"L26","A",113,3.260000,180.020000,0.600000,5,0.740000,94,10.860000,0.530000,"2024-11-27",30.650000,0.639000
"ITM12444","Pharma",33,96,9,2,25.860000,9.900000,0.470000,"L18","D",125,4.240000,123.550000,0.270000,1,0.940000,823,5.630000,0.310000,"2024-02-06",96.220000,0.678000
"ITM12445","Pharma",258,75,5,8,36.980000,0.950000,0.950000,"L31","A",146,2.770000,106.450000,1.030000,3,0.860000,271,3.710000,0.210000,"2024-12-17",164.770000,0.500000
"ITM12681","Pharma",485,29,7,7,3.440000,6.550000,0.300000,"L66","C",137,2.700000,17.580000,0.500000,2,0.750000,954,11.660000,0.440000,"2024-12-26",48.030000,0.703000
"ITM12446","Groceries",91,47,5,7,6.920000,3.240000,0.570000,"L64","A",173,0.920000,158.820000,0.200000,0,0.860000,178,8.560000,0.530000,"2024-03-19",225.720000,0.772000
"ITM12447","Electronics",464,40,13,4,11.840000,5.190000,0.570000,"L4","D",122,3.280000,60.730000,1.060000,2,0.990000,667,4.830000,0.720000,"2024-01-13",250.820000,0.660000
"ITM12448","Groceries",162,35,3,5,17.040000,1.860000,0.640000,"L47","D",112,3.550000,12.920000,0.580000,1,0.880000,812,9.320000,0.600000,"2024-08-23",107.970000,0.742000
"ITM12449","Automotive",329,38,6,6,11.690000,1.780000,0.340000,"L71","C",46,3.320000,87.350000,1.010000,3,0.950000,682,4.800000,0.240000,"2024-06-18",282.250000,0.541000
"ITM12450","Pharma",302,76,14,3,20.180000,2.930000,0.450000,"L74","A",115,4.110000,106.480000,0.890000,3,0.850000,279,13.690000,0.390000,"2024-01-20",79.780000,0.682000
"ITM12451","Apparel",288,87,4,2,28.420000,9.750000,0.600000,"L48","D",117,3.790000,66.480000,0.680000,8,0.770000,842,5.810000,0.620000,"2024-02-14",33.370000,0.527000
"ITM12452","Automotive",260,34,12,9,34.560000,4.110000,0.950000,"L60","B",30,2.450000,82.840000,0.950000,6,0.910000,276,13.700000,0.790000,"2024-02-07",278.250000,0.708000
"ITM12453","Pharma",434,57,10,7,48.220000,5.880000,0.680000,"L71","D",157,4.190000,35.280000,1.000000,2,0.980000,971,4.910000,0.840000,"2024-01-28",166.550000,0.689000
"ITM12454","Groceries",264,74,5,4,46.610000,7.190000,0.400000,"L17","C",138,3.610000,62.690000,1.680000,6,0.950000,446,9.460000,0.620000,"2024-04-01",111.900000,0.552000
"ITM12455","Automotive",182,62,9,3,28.940000,7.550000,0.110000,"L79","C",37,1.040000,55.620000,1.360000,7,0.760000,324,2.820000,0.720000,"2024-05-08",270.450000,0.458000
"ITM12456","Pharma",79,76,9,2,36.970000,7.040000,0.980000,"L12","B",117,2.930000,67.190000,0.920000,6,0.800000,187,11.900000,0.920000,"2024-10-12",234.970000,0.691000
"ITM12457","Electronics",25,99,14,7,47.590000,3.700000,0.540000,"L9","C",18,3.780000,66.820000,1.820000,7,0.860000,222,3.800000,0.250000,"2024-02-06",251.410000,0.351000
"ITM12458","Electronics",216,27,11,5,5.090000,1.560000,0.940000,"L40","A",173,2.990000,116.200000,1.540000,8,0.870000,376,13.100000,0.280000,"2024-10-21",94.780000,0.491000
"ITM12459","Apparel",489,18,8,9,1.280000,3.180000,0.590000,"L51","C",171,4.770000,57.610000,0.240000,0,0.760000,832,7.330000,0.570000,"2024-04-26",263.310000,0.740000
"ITM12460","Pharma",77,47,3,7,2.460000,2.500000,0.640000,"L92","B",41,0.960000,188.780000,0.390000,9,0.770000,264,2.320000,0.690000,"2024-05-12",198.430000,0.504000
"ITM12461","Electronics",324,96,10,5,28.600000,1.790000,0.740000,"L93","C",75,3.750000,107.140000,0.260000,5,0.930000,277,6.090000,0.200000,"2024-07-27",224.020000,0.581000
"ITM12462","Groceries",426,30,3,9,38.380000,0.730000,0.390000,"L62","B",109,4.210000,34.500000,0.710000,3,0.920000,156,11.920000,0.560000,"2024-07-17",100.600000,0.724000
"ITM12463","Pharma",236,74,5,9,18.990000,9.390000,0.730000,"L68","C",162,3.660000,63.130000,0.930000,0,0.950000,208,2.070000,0.340000,"2024-08-18",81.050000,0.593000
"ITM12464","Groceries",437,30,13,8,27.720000,9.250000,0.570000,"L53","D",163,2.240000,148.650000,1.060000,1,0.980000,943,9.760000,0.720000,"2024-11-18",128.370000,0.744000
"ITM12465","Groceries",45,36,7,2,26.300000,0.980000,0.710000,"L99","B",30,2.230000,12.600000,1.720000,9,0.790000,185,8.100000,0.410000,"2024-07-26",176.810000,0.396000
"ITM12466","Electronics",322,79,10,9,5.640000,2.140000,0.850000,"L53","C",91,3.140000,188.190000,0.130000,3,0.960000,812,5.340000,0.920000,"2024-08-09",203.140000,0.774000
"ITM12467","Pharma",24,53,11,7,16.760000,1.830000,0.270000,"L74","A",33,2.290000,94.580000,0.910000,0,0.900000,79,11.580000,0.250000,"2024-06-10",154.410000,0.693000
"ITM12468","Automotive",493,37,9,9,1.950000,3.170000,0.650000,"L10","B",120,4.470000,109.010000,0.880000,5,0.990000,147,1.730000,0.850000,"2024-01-09",212.670000,0.603000
"ITM12469","Electronics",39,54,11,4,6.420000,2.440000,0.150000,"L17","B",101,0.990000,197.800000,1.900000,0,0.780000,658,7.970000,0.510000,"2024-07-18",215.420000,0.574000
"ITM12470","Electronics",409,26,13,7,40.780000,9.490000,0.190000,"L41","C",21,3.380000,105.650000,0.560000,8,0.780000,818,8.100000,0.890000,"2024-12-10",203.160000,0.626000
"ITM12471","Pharma",217,49,5,2,41.640000,1.300000,0.710000,"L83","D",148,1.100000,190.070000,0.330000,9,0.910000,833,2.210000,0.850000,"2024-03-01",82.820000,0.568000
"ITM12472","Pharma",78,12,7,3,40.300000,2.510000,0.160000,"L10","D",164,2.930000,183.890000,0.370000,2,0.980000,931,2.900000,0.390000,"2024-09-30",139.440000,0.636000
"ITM12473","Groceries",467,85,12,3,36.610000,1.270000,0.640000,"L58","C",32,3.720000,188.850000,1.090000,0,0.950000,572,6.740000,0.240000,"2024-01-04",232.070000,0.619000
"ITM12474","Pharma",261,85,10,7,39.870000,9.810000,0.300000,"L60","C",170,1.240000,164.350000,0.840000,5,0.920000,972,8.510000,0.760000,"2024-11-24",267.220000,0.665000
"ITM12475","Groceries",165,75,14,7,33.880000,9.220000,0.370000,"L88","A",101,3.670000,66.320000,1.530000,5,0.820000,391,1.740000,0.360000,"2024-11-12",155.340000,0.406000
"ITM12476","Electronics",407,55,3,5,33.820000,7.310000,0.220000,"L67","C",175,1.130000,75.810000,0.710000,6,0.920000,217,1.160000,0.940000,"2024-02-02",296.170000,0.596000
"ITM12477","Apparel",292,95,10,2,33.700000,4.550000,0.320000,"L45","B",179,3.290000,79.350000,0.340000,6,0.940000,260,3.700000,0.250000,"2024-10-26",60.670000,0.533000
"ITM12478","Automotive",268,96,9,5,26.190000,2.310000,0.840000,"L17","C",132,2.770000,196.040000,0.840000,9,0.930000,733,7.830000,0.460000,"2024-01-24",75.070000,0.518000
"ITM12479","Electronics",33,39,3,4,18.800000,2.600000,0.670000,"L100","A",166,1.840000,78.540000,1.780000,3,0.900000,887,1.560000,0.210000,"2024-12-24",143.620000,0.405000
"ITM12480","Pharma",481,78,12,8,36.780000,4.710000,0.950000,"L71","C",43,1.000000,30.650000,0.870000,4,0.710000,681,11.270000,0.450000,"2024-02-07",157.530000,0.615000
"ITM12481","Automotive",32,18,14,3,15.630000,7.800000,0.140000,"L82","C",134,3.810000,157.880000,1.680000,2,0.900000,234,3.130000,0.630000,"2024-07-02",133.100000,0.540000
"ITM12482","Apparel",410,94,12,9,27.600000,3.010000,0.810000,"L76","B",66,2.220000,79.550000,0.810000,5,0.840000,481,11.820000,0.720000,"2024-09-14",134.820000,0.689000
"ITM12483","Apparel",403,20,14,9,22.230000,3.450000,0.730000,"L24","D",12,0.890000,127.980000,0.630000,6,0.990000,473,3.870000,0.780000,"2024-02-24",151.300000,0.623000
"ITM12484","Groceries",63,78,8,6,14.550000,6.200000,0.330000,"L99","C",15,3.980000,185.630000,1.570000,8,0.880000,88,5.850000,0.870000,"2024-05-28",102.850000,0.511000
"ITM12485","Automotive",394,75,3,6,48.760000,2.760000,0.760000,"L17","A",57,1.550000,119.350000,0.500000,8,0.880000,436,7.710000,0.290000,"2024-12-17",47.970000,0.527000
"ITM12486","Groceries",418,97,4,2,13.680000,6.050000,0.740000,"L56","C",111,3.810000,131.160000,0.540000,4,1.000000,818,5.860000,0.810000,"2024-06-03",287.270000,0.706000
"ITM12487","Electronics",38,40,7,9,16.160000,4.180000,0.510000,"L65","C",129,3.040000,132.140000,0.190000,3,0.730000,840,1.330000,0.420000,"2024-11-06",240.550000,0.569000
"ITM12488","Automotive",82,42,4,2,8.920000,0.830000,0.720000,"L8","B",22,1.380000,126.360000,0.460000,6,0.780000,791,13.720000,0.310000,"2024-02-14",246.320000,0.635000
"ITM12489","Electronics",258,48,12,6,41.330000,4.330000,0.500000,"L16","D",45,0.840000,40.360000,0.820000,2,0.900000,500,5.010000,0.410000,"2024-05-24",115.840000,0.607000
"ITM12490","Groceries",438,55,3,2,29.740000,9.240000,0.400000,"L67","D",79,3.170000,96.720000,0.860000,3,0.790000,164,2.900000,0.890000,"2024-08-12",127.130000,0.629000
"ITM12491","Automotive",356,46,8,3,31.040000,3.280000,0.520000,"L20","D",42,0.610000,11.460000,0.900000,8,0.800000,979,2.860000,0.700000,"2024-07-14",281.390000,0.488000
"ITM12492","Groceries",438,69,10,4,41.210000,3.570000,0.910000,"L39","C",114,0.790000,128.990000,1.010000,4,0.970000,450,14.640000,0.680000,"2024-07-21",292.140000,0.744000
"ITM12682","Pharma",73,63,7,3,9.850000,2.680000,0.240000,"L18","D",58,3.900000,168.540000,0.150000,0,0.770000,435,7.950000,0.650000,"2024-09-23",13.890000,0.775000
"ITM12493","Automotive",422,40,10,4,17.800000,1.130000,0.450000,"L22","B",66,3.660000,119.320000,1.190000,9,0.870000,353,2.720000,0.670000,"2024-12-04",283.360000,0.445000
"ITM12494","Groceries",423,20,10,9,10.490000,6.340000,0.460000,"L21","B",64,2.920000,70.450000,0.460000,6,0.730000,652,5.850000,0.530000,"2024-01-16",196.350000,0.564000
"ITM12495","Apparel",119,96,13,5,10.720000,8.570000,0.650000,"L42","C",116,1.970000,109.540000,1.270000,1,0.790000,358,1.950000,0.530000,"2024-08-30",80.390000,0.543000
"ITM12496","Groceries",182,11,8,3,36.900000,3.850000,0.780000,"L91","B",150,2.930000,103.680000,0.740000,8,0.720000,622,11.300000,0.320000,"2024-03-21",185.440000,0.525000
"ITM12497","Apparel",435,36,13,8,31.090000,2.780000,0.760000,"L29","D",60,3.160000,57.670000,1.490000,4,0.870000,152,9.350000,0.470000,"2024-09-30",180.840000,0.564000
"ITM12498","Groceries",141,11,5,2,11.110000,9.590000,0.120000,"L45","B",101,3.040000,65.720000,1.160000,4,0.750000,776,8.470000,0.610000,"2024-04-22",273.390000,0.589000
"ITM12499","Automotive",451,30,3,2,8.110000,7.580000,0.720000,"L67","C",62,3.390000,154.880000,1.150000,3,0.960000,151,12.980000,0.680000,"2024-03-10",100.380000,0.726000
"ITM12500","Automotive",63,67,4,9,6.910000,5.890000,0.510000,"L37","C",45,4.730000,153.590000,1.400000,7,0.870000,956,9.030000,0.260000,"2024-07-19",68.200000,0.466000
"ITM12501","Automotive",379,14,7,8,31.760000,3.400000,0.570000,"L11","A",142,2.250000,99.260000,0.730000,3,0.720000,704,14.380000,0.470000,"2024-10-06",87.080000,0.697000
"ITM12502","Pharma",427,61,12,5,1.010000,2.600000,0.610000,"L33","A",128,1.860000,146.330000,0.920000,1,0.790000,139,9.720000,0.470000,"2024-05-31",80.510000,0.670000
"ITM12503","Electronics",336,54,7,5,1.900000,7.300000,0.760000,"L26","B",34,0.670000,95.650000,1.210000,4,0.880000,167,5.960000,0.610000,"2024-11-20",198.030000,0.576000
"ITM12504","Automotive",400,94,12,2,20.090000,5.460000,0.850000,"L82","B",90,1.160000,171.760000,0.900000,2,0.800000,188,1.510000,0.770000,"2024-03-14",245.610000,0.604000
"ITM12505","Apparel",164,29,3,2,34.880000,5.450000,0.680000,"L71","C",46,0.980000,73.230000,0.940000,3,0.850000,952,11.150000,0.710000,"2024-06-01",116.750000,0.707000
"ITM12506","Automotive",346,70,3,8,35.060000,1.200000,0.610000,"L36","A",28,2.010000,186.190000,0.620000,2,0.970000,352,6.230000,0.660000,"2024-12-12",61.160000,0.707000
"ITM12507","Pharma",382,47,11,9,22.080000,5.370000,0.440000,"L17","A",44,3.240000,113.030000,0.650000,6,0.810000,801,9.390000,0.430000,"2024-11-27",109.500000,0.588000
"ITM12508","Apparel",69,29,4,3,34.860000,8.320000,0.220000,"L81","D",116,0.710000,111.780000,1.430000,5,0.800000,697,13.270000,0.870000,"2024-07-10",168.500000,0.668000
"ITM12509","Pharma",84,34,9,8,26.530000,9.490000,0.960000,"L39","D",171,3.770000,137.450000,0.110000,1,0.950000,566,1.110000,0.830000,"2024-01-06",202.700000,0.740000
"ITM12510","Apparel",374,11,12,5,48.870000,1.510000,0.520000,"L79","C",63,2.290000,74.760000,0.280000,7,0.800000,258,11.630000,0.350000,"2024-10-10",169.440000,0.617000
"ITM12511","Groceries",307,41,6,8,8.960000,6.500000,0.610000,"L69","C",15,4.840000,147.620000,1.900000,4,0.720000,136,7.090000,0.720000,"2024-10-11",84.450000,0.513000
"ITM12512","Electronics",183,35,9,8,30.430000,5.900000,0.780000,"L12","C",138,3.060000,70.880000,0.460000,5,0.750000,908,2.740000,0.930000,"2024-03-13",276.230000,0.627000
"ITM12513","Electronics",160,79,10,8,25.070000,8.960000,0.160000,"L65","C",43,3.970000,85.530000,0.890000,7,0.980000,368,9.150000,0.550000,"2024-03-04",136.970000,0.599000
"ITM12514","Pharma",473,50,7,3,10.530000,7.640000,0.870000,"L83","A",65,4.380000,138.190000,1.710000,6,0.980000,838,8.460000,0.940000,"2024-01-22",143.100000,0.606000
"ITM12515","Electronics",333,76,14,7,37.750000,9.670000,0.820000,"L22","C",106,4.500000,81.910000,0.100000,2,0.770000,936,12.790000,0.220000,"2024-01-03",290.540000,0.719000
"ITM12516","Pharma",147,10,14,2,14.500000,9.620000,0.800000,"L76","C",35,2.830000,48.000000,1.860000,1,0.870000,682,8.300000,0.610000,"2024-10-20",261.830000,0.601000
"ITM12517","Pharma",417,60,3,6,19.700000,2.640000,0.120000,"L75","A",179,2.290000,175.660000,0.200000,2,0.740000,294,12.580000,0.410000,"2024-11-01",243.820000,0.738000
"ITM12518","Pharma",440,14,6,9,19.370000,7.390000,0.570000,"L20","D",100,3.020000,185.210000,0.420000,7,0.900000,919,8.620000,0.410000,"2024-07-20",62.980000,0.595000
"ITM12519","Electronics",387,22,12,8,12.970000,5.540000,0.150000,"L22","C",47,2.310000,129.080000,0.160000,3,0.760000,139,7.260000,0.900000,"2024-10-02",253.050000,0.753000
"ITM12520","Pharma",482,28,5,9,22.100000,2.540000,0.600000,"L85","D",163,1.580000,164.120000,1.090000,7,0.710000,527,6.200000,0.450000,"2024-10-07",142.040000,0.466000
"ITM12521","Electronics",258,21,12,6,24.190000,2.350000,0.750000,"L80","A",68,1.960000,197.460000,1.890000,3,0.950000,701,3.430000,0.220000,"2024-02-13",70.720000,0.431000
"ITM12522","Pharma",343,57,14,7,37.470000,1.270000,0.210000,"L93","D",136,1.550000,126.810000,1.690000,6,0.800000,161,9.180000,0.630000,"2024-06-05",297.360000,0.519000
"ITM12523","Automotive",315,34,7,2,38.490000,8.060000,0.730000,"L78","A",33,1.710000,182.670000,1.320000,5,0.730000,956,8.620000,0.980000,"2024-04-17",59.900000,0.625000
"ITM12524","Pharma",206,66,12,5,8.770000,3.580000,0.500000,"L44","C",120,0.920000,78.260000,0.450000,9,0.950000,999,14.660000,0.260000,"2024-06-25",277.360000,0.612000
"ITM12525","Apparel",227,44,12,6,30.050000,8.640000,0.830000,"L73","D",30,2.420000,143.090000,1.750000,0,0.930000,443,6.770000,0.430000,"2024-04-18",10.150000,0.587000
"ITM12526","Pharma",239,85,8,9,44.910000,6.280000,0.580000,"L6","C",69,1.560000,20.600000,1.530000,7,0.910000,936,6.900000,0.580000,"2024-07-30",137.000000,0.497000
"ITM12527","Groceries",419,14,4,9,6.330000,6.900000,0.400000,"L4","B",99,2.520000,159.900000,0.610000,5,0.970000,289,3.290000,0.860000,"2024-11-26",18.670000,0.649000
"ITM12528","Pharma",209,31,9,9,24.170000,3.270000,0.400000,"L11","B",157,4.060000,167.660000,1.630000,1,0.850000,321,9.370000,0.420000,"2024-09-19",274.610000,0.596000
"ITM12529","Apparel",407,86,5,5,37.770000,4.840000,0.910000,"L6","D",15,2.520000,86.220000,1.770000,4,0.740000,192,12.870000,0.470000,"2024-03-13",46.510000,0.557000
"ITM12530","Apparel",448,66,3,6,30.960000,4.420000,0.510000,"L83","A",19,4.800000,131.400000,1.430000,1,0.720000,768,4.470000,0.510000,"2024-03-23",205.200000,0.543000
"ITM12531","Electronics",365,56,12,9,5.930000,2.740000,0.470000,"L99","D",149,1.170000,173.090000,0.290000,9,0.800000,168,1.130000,0.500000,"2024-04-04",193.050000,0.466000
"ITM12532","Automotive",303,63,5,5,20.430000,8.410000,0.140000,"L74","A",106,4.330000,177.890000,1.970000,6,0.730000,645,10.680000,0.360000,"2024-04-23",235.930000,0.443000
"ITM12533","Pharma",371,12,11,8,25.850000,6.410000,0.430000,"L34","B",159,1.620000,30.240000,0.240000,9,0.860000,949,1.440000,0.930000,"2024-11-11",226.590000,0.573000
"ITM12534","Electronics",256,62,12,9,49.800000,0.860000,0.860000,"L84","A",89,4.700000,167.220000,1.340000,5,0.700000,300,6.730000,0.830000,"2024-05-09",19.410000,0.562000
"ITM12535","Automotive",213,93,13,6,9.750000,8.290000,0.780000,"L27","B",26,1.520000,62.110000,0.310000,6,0.830000,327,9.580000,0.980000,"2024-04-09",122.640000,0.739000
"ITM12536","Pharma",306,40,13,5,49.140000,1.510000,0.300000,"L99","D",147,3.860000,148.190000,1.820000,5,0.750000,212,6.400000,0.500000,"2024-02-28",103.530000,0.453000
"ITM12537","Groceries",278,78,8,7,19.430000,4.340000,0.470000,"L74","C",149,0.780000,71.780000,0.760000,9,0.810000,703,4.650000,0.240000,"2024-04-02",292.140000,0.416000
"ITM12538","Pharma",265,97,13,3,10.820000,5.930000,0.280000,"L54","C",92,3.330000,20.700000,1.070000,0,0.900000,399,12.190000,0.290000,"2024-12-09",234.720000,0.694000
"ITM12539","Apparel",155,42,8,5,21.290000,0.570000,0.960000,"L80","C",49,1.480000,49.880000,0.440000,2,0.810000,80,5.210000,0.490000,"2024-10-17",215.310000,0.645000
"ITM12730","Groceries",109,65,8,8,11.580000,0.870000,0.960000,"L100","A",59,1.190000,186.330000,0.350000,5,0.990000,131,12.680000,0.450000,"2024-09-03",155.960000,0.722000
"ITM12540","Apparel",299,81,6,3,31.090000,6.700000,0.640000,"L82","A",160,3.520000,87.650000,1.140000,9,0.800000,507,3.520000,0.930000,"2024-01-28",138.230000,0.499000
"ITM12541","Groceries",290,97,10,3,11.460000,6.770000,0.780000,"L4","C",177,3.360000,150.830000,1.880000,1,1.000000,887,6.440000,0.980000,"2024-10-08",268.380000,0.674000
"ITM12542","Electronics",190,59,7,2,15.280000,6.700000,0.740000,"L64","A",83,4.660000,29.130000,1.810000,0,0.920000,140,2.840000,0.860000,"2024-08-24",14.880000,0.613000
"ITM12543","Automotive",178,93,9,8,42.870000,2.050000,0.890000,"L81","C",83,3.320000,164.460000,0.220000,0,0.850000,177,10.670000,0.390000,"2024-11-26",76.250000,0.768000
"ITM12544","Pharma",220,25,11,7,49.950000,2.930000,0.950000,"L70","A",59,2.340000,199.420000,0.820000,3,0.870000,828,10.940000,0.730000,"2024-10-08",211.550000,0.724000
"ITM12545","Apparel",64,85,7,3,16.590000,2.850000,0.130000,"L38","A",19,1.370000,159.770000,0.610000,0,0.890000,597,1.210000,0.680000,"2024-02-07",157.430000,0.669000
"ITM12546","Electronics",469,86,13,4,8.290000,9.620000,0.980000,"L83","B",112,3.460000,100.010000,1.010000,1,0.710000,897,10.730000,0.860000,"2024-05-28",164.800000,0.736000
"ITM12547","Groceries",283,48,7,8,39.870000,1.140000,0.880000,"L39","B",103,1.020000,117.950000,1.680000,0,0.720000,841,5.190000,0.610000,"2024-12-09",130.740000,0.567000
"ITM12548","Apparel",90,98,6,3,30.420000,4.570000,0.440000,"L62","D",141,4.230000,11.170000,1.500000,5,0.890000,774,10.190000,0.450000,"2024-02-04",58.270000,0.554000
"ITM12549","Groceries",383,55,8,5,5.920000,8.780000,0.850000,"L32","B",138,1.610000,49.760000,0.750000,3,0.810000,558,10.890000,0.220000,"2024-05-08",58.200000,0.616000
"ITM12550","Pharma",390,97,4,3,47.390000,7.810000,0.760000,"L88","A",52,2.860000,180.810000,0.830000,7,0.720000,985,4.890000,0.840000,"2024-02-20",95.400000,0.554000
"ITM12551","Automotive",122,56,5,5,4.820000,8.310000,0.810000,"L52","B",92,3.180000,14.130000,1.340000,4,0.790000,794,3.600000,0.620000,"2024-04-11",145.810000,0.516000
"ITM12552","Apparel",144,53,3,9,31.640000,9.740000,0.300000,"L39","B",142,2.130000,181.910000,0.470000,9,0.740000,789,12.570000,0.630000,"2024-10-24",249.000000,0.615000
"ITM12553","Apparel",332,18,4,5,21.770000,4.180000,0.680000,"L59","B",113,3.490000,31.520000,0.300000,4,0.970000,930,11.350000,0.970000,"2024-09-06",139.580000,0.829000
"ITM12554","Pharma",483,96,4,4,28.270000,3.440000,0.120000,"L10","A",43,1.630000,35.280000,0.560000,7,0.760000,859,12.720000,0.590000,"2024-06-18",270.360000,0.644000
"ITM12555","Electronics",305,59,10,3,11.450000,0.790000,0.860000,"L89","A",33,0.660000,43.320000,0.340000,9,0.740000,286,7.100000,0.450000,"2024-07-01",44.950000,0.519000
"ITM12556","Automotive",477,86,10,3,34.720000,1.930000,0.960000,"L8","D",151,4.820000,161.880000,0.770000,5,0.890000,582,7.390000,0.470000,"2024-03-06",88.810000,0.594000
"ITM12557","Apparel",249,69,4,6,48.030000,5.840000,0.700000,"L21","B",50,1.940000,100.860000,1.880000,5,0.860000,657,5.820000,0.210000,"2024-12-09",30.450000,0.404000
"ITM12558","Automotive",165,24,8,8,23.460000,2.000000,0.560000,"L57","B",179,3.710000,37.590000,0.330000,2,0.870000,100,7.990000,0.300000,"2024-12-01",157.910000,0.668000
"ITM12559","Apparel",389,45,7,6,26.620000,7.490000,0.750000,"L54","A",22,2.780000,140.490000,1.650000,5,0.830000,898,10.050000,0.240000,"2024-04-30",36.110000,0.483000
"ITM12560","Automotive",216,72,5,2,12.750000,0.850000,0.390000,"L62","D",166,3.510000,188.730000,1.120000,9,0.840000,872,12.400000,0.390000,"2024-02-21",240.750000,0.519000
"ITM12561","Groceries",392,78,7,5,44.700000,2.970000,0.660000,"L60","D",171,1.000000,118.770000,1.300000,6,0.930000,518,3.560000,0.250000,"2024-05-25",21.530000,0.433000
"ITM12562","Apparel",240,95,7,4,48.590000,7.110000,0.750000,"L27","A",141,2.830000,28.750000,0.420000,1,0.770000,941,6.680000,0.460000,"2024-11-13",147.860000,0.673000
"ITM12563","Automotive",442,89,7,6,39.530000,2.930000,0.230000,"L44","B",37,2.260000,20.400000,0.390000,2,0.820000,437,7.460000,0.300000,"2024-02-05",131.980000,0.644000
"ITM12564","Electronics",79,50,5,3,27.600000,7.420000,0.230000,"L78","D",92,2.530000,161.220000,0.410000,5,0.990000,111,7.830000,0.930000,"2024-04-09",68.650000,0.747000
"ITM12565","Groceries",117,83,5,2,47.880000,9.960000,0.740000,"L19","D",138,4.850000,128.960000,1.370000,9,0.760000,392,8.590000,0.950000,"2024-06-11",180.190000,0.540000
"ITM12566","Groceries",190,33,6,4,8.540000,8.070000,0.490000,"L41","B",173,1.110000,185.300000,1.520000,8,0.790000,202,12.220000,0.680000,"2024-09-05",121.970000,0.545000
"ITM12567","Electronics",401,91,9,7,24.450000,3.750000,0.900000,"L92","D",116,3.900000,113.980000,1.850000,8,0.760000,785,13.410000,0.840000,"2024-08-18",67.410000,0.554000
"ITM12568","Automotive",192,58,14,3,27.340000,9.060000,0.380000,"L41","B",22,1.990000,21.860000,0.860000,7,0.710000,703,3.230000,0.740000,"2024-06-17",249.700000,0.507000
"ITM12569","Pharma",170,27,14,3,25.100000,0.990000,0.140000,"L94","D",123,1.810000,86.700000,0.980000,7,0.780000,90,10.980000,0.850000,"2024-11-11",201.600000,0.634000
"ITM12570","Electronics",472,16,14,9,40.320000,7.390000,0.680000,"L45","D",115,1.720000,135.020000,0.990000,8,0.710000,535,7.710000,0.710000,"2024-12-03",13.520000,0.528000
"ITM12571","Automotive",369,13,4,7,33.850000,0.720000,0.720000,"L52","A",14,2.070000,83.130000,0.610000,8,0.750000,727,6.850000,0.540000,"2024-06-05",155.540000,0.528000
"ITM12572","Electronics",409,99,12,5,7.210000,2.160000,0.600000,"L17","D",106,2.110000,199.920000,0.720000,9,0.810000,751,2.590000,0.900000,"2024-12-21",88.680000,0.525000
"ITM12573","Electronics",459,78,6,5,17.980000,9.880000,0.710000,"L98","B",23,1.720000,87.020000,1.710000,8,0.710000,858,1.900000,0.550000,"2024-10-26",275.380000,0.346000
"ITM12574","Apparel",141,69,6,6,17.610000,3.930000,0.570000,"L48","D",89,3.500000,113.780000,0.750000,4,0.930000,606,14.690000,0.520000,"2024-03-19",220.420000,0.731000
"ITM12575","Automotive",127,64,3,6,28.720000,8.290000,0.720000,"L66","A",129,0.710000,52.820000,1.750000,5,0.940000,769,9.990000,0.700000,"2024-10-16",187.370000,0.586000
"ITM12576","Pharma",23,25,12,3,15.280000,4.070000,0.140000,"L72","D",169,2.000000,38.910000,0.680000,4,0.820000,431,7.330000,0.950000,"2024-10-17",35.830000,0.704000
"ITM12577","Apparel",112,99,10,8,6.750000,8.480000,0.430000,"L14","C",164,1.760000,132.610000,0.750000,0,1.000000,145,11.660000,0.550000,"2024-07-05",279.890000,0.790000
"ITM12578","Electronics",426,91,3,3,33.030000,9.670000,0.290000,"L41","B",44,3.880000,121.840000,1.160000,3,0.900000,961,2.280000,0.660000,"2024-06-10",51.820000,0.566000
"ITM12579","Electronics",25,38,10,6,42.700000,4.640000,0.190000,"L31","C",12,1.160000,10.820000,0.300000,0,0.920000,836,9.500000,0.590000,"2024-08-07",140.720000,0.799000
"ITM12580","Electronics",307,32,9,7,46.650000,5.810000,0.310000,"L60","A",13,4.730000,64.110000,1.850000,0,0.760000,342,10.250000,0.930000,"2024-03-27",207.500000,0.690000
"ITM12581","Automotive",125,23,11,6,48.660000,6.470000,0.270000,"L16","C",144,1.270000,132.280000,1.660000,2,0.950000,284,7.330000,0.740000,"2024-01-03",153.480000,0.630000
"ITM12582","Automotive",165,88,10,3,39.270000,9.380000,0.980000,"L35","D",140,2.170000,164.330000,1.370000,6,0.980000,390,4.540000,0.540000,"2024-06-09",265.920000,0.508000
"ITM12583","Apparel",290,58,7,4,7.850000,2.940000,0.360000,"L58","B",90,1.400000,69.350000,1.980000,0,0.770000,768,14.360000,0.690000,"2024-05-06",252.250000,0.685000
"ITM12584","Pharma",443,42,10,3,42.800000,6.310000,0.310000,"L32","C",120,1.790000,133.010000,0.130000,6,0.910000,587,5.220000,0.320000,"2024-04-23",49.260000,0.583000
"ITM12585","Apparel",397,34,13,4,20.600000,3.580000,0.850000,"L19","D",68,3.920000,60.400000,0.880000,9,0.920000,399,2.750000,0.470000,"2024-12-30",189.110000,0.447000
"ITM12586","Groceries",115,30,12,4,36.770000,2.560000,0.480000,"L13","C",83,2.640000,141.170000,1.730000,9,0.790000,921,9.830000,0.790000,"2024-11-24",25.140000,0.494000
"ITM12587","Electronics",476,26,14,3,27.030000,1.310000,0.480000,"L7","D",138,1.230000,142.610000,0.920000,0,0.840000,256,9.040000,0.650000,"2024-08-11",218.970000,0.727000
"ITM12588","Electronics",248,32,14,8,41.600000,6.400000,0.500000,"L38","D",165,0.710000,34.740000,0.110000,8,0.730000,540,11.570000,0.450000,"2024-05-21",223.450000,0.619000
"ITM12589","Electronics",221,66,5,8,21.850000,8.880000,0.470000,"L50","C",68,1.530000,136.370000,0.400000,4,0.750000,430,11.550000,0.490000,"2024-07-03",109.900000,0.682000
"ITM12590","Apparel",231,90,12,2,4.030000,3.840000,0.390000,"L79","A",127,4.760000,73.380000,0.920000,5,0.720000,190,9.680000,0.850000,"2024-03-09",238.110000,0.651000
"ITM12591","Apparel",25,67,9,6,28.280000,5.750000,0.360000,"L54","B",147,4.300000,42.790000,1.370000,8,0.870000,908,3.910000,0.630000,"2024-12-13",199.280000,0.455000
"ITM12592","Electronics",131,23,14,8,9.390000,6.600000,0.890000,"L32","A",112,2.480000,105.070000,0.410000,2,0.890000,648,13.420000,0.390000,"2024-06-18",156.170000,0.754000
"ITM12593","Apparel",395,29,6,5,48.310000,4.440000,0.250000,"L21","C",140,2.670000,95.940000,0.950000,2,0.970000,979,4.480000,0.440000,"2024-09-02",142.030000,0.607000
"ITM12594","Automotive",398,39,7,3,26.820000,9.080000,0.260000,"L42","D",144,4.550000,157.040000,0.120000,4,0.860000,940,2.320000,0.570000,"2024-08-24",41.650000,0.625000
"ITM12595","Automotive",466,28,11,4,28.120000,3.950000,0.610000,"L74","C",18,3.160000,26.060000,1.010000,6,0.780000,659,5.220000,0.810000,"2024-08-16",164.020000,0.567000
"ITM12596","Apparel",342,62,9,3,45.460000,1.690000,0.410000,"L93","D",108,4.460000,160.050000,1.800000,2,0.720000,72,7.770000,1.000000,"2024-07-02",55.270000,0.628000
"ITM12597","Electronics",125,65,6,6,31.600000,1.870000,0.480000,"L41","D",150,2.710000,30.160000,1.230000,3,0.970000,811,3.900000,0.350000,"2024-06-05",200.250000,0.533000
"ITM12598","Apparel",158,86,8,7,15.830000,8.960000,0.830000,"L25","A",177,1.400000,49.420000,0.940000,1,0.840000,413,5.670000,0.800000,"2024-09-06",182.470000,0.690000
"ITM12599","Apparel",318,91,12,8,15.510000,9.890000,0.910000,"L98","A",123,3.770000,108.020000,0.410000,8,0.920000,811,8.190000,0.690000,"2024-10-09",94.250000,0.630000
"ITM12600","Apparel",420,32,13,8,25.580000,3.240000,0.810000,"L21","C",71,2.870000,98.000000,0.480000,9,0.700000,197,5.520000,0.620000,"2024-02-25",81.630000,0.510000
"ITM12601","Groceries",115,71,9,8,43.460000,1.860000,0.310000,"L64","B",71,3.510000,197.880000,0.250000,8,0.850000,615,2.250000,0.970000,"2024-03-30",148.060000,0.609000
"ITM12602","Automotive",407,42,12,4,39.940000,5.080000,0.980000,"L66","A",19,1.210000,122.000000,1.510000,1,0.800000,876,3.760000,0.460000,"2024-11-26",158.620000,0.531000
"ITM12603","Pharma",466,27,11,5,48.170000,7.240000,0.430000,"L60","D",96,3.410000,72.210000,0.250000,4,0.710000,965,12.120000,0.340000,"2024-11-06",241.400000,0.667000
"ITM12604","Pharma",471,82,6,9,4.520000,6.320000,0.250000,"L64","C",20,2.220000,181.030000,0.830000,0,0.930000,600,14.360000,0.900000,"2024-02-11",98.150000,0.874000
"ITM12605","Groceries",356,42,12,5,14.150000,9.540000,0.550000,"L40","C",71,1.990000,69.320000,1.520000,7,0.850000,554,3.080000,0.250000,"2024-05-23",126.990000,0.369000
"ITM12606","Apparel",316,41,5,8,4.930000,8.270000,0.750000,"L64","B",86,3.520000,62.020000,1.450000,5,0.800000,895,10.530000,0.850000,"2024-03-12",109.560000,0.625000
"ITM12607","Groceries",486,70,10,5,37.800000,8.760000,0.170000,"L3","C",113,3.170000,103.930000,1.200000,9,0.940000,267,13.680000,0.670000,"2024-10-02",124.290000,0.604000
"ITM12608","Groceries",408,63,3,7,7.900000,5.650000,0.670000,"L12","A",65,3.420000,183.500000,1.190000,9,0.830000,908,5.190000,0.330000,"2024-04-10",174.460000,0.402000
"ITM12609","Electronics",435,26,11,8,5.890000,3.610000,0.870000,"L51","D",119,4.840000,144.620000,0.270000,1,0.700000,531,12.610000,0.380000,"2024-05-14",171.670000,0.737000
"ITM12610","Automotive",233,28,3,2,28.520000,7.170000,0.340000,"L65","C",58,3.660000,138.720000,0.430000,1,0.980000,465,13.670000,0.320000,"2024-11-16",114.790000,0.779000
"ITM12611","Pharma",473,79,4,4,21.160000,4.670000,0.720000,"L59","C",25,3.380000,147.950000,1.120000,9,0.780000,986,5.190000,0.770000,"2024-02-09",184.710000,0.487000
"ITM12612","Apparel",310,43,10,7,36.040000,3.230000,0.460000,"L31","D",82,3.260000,135.330000,0.760000,4,0.950000,798,1.790000,0.320000,"2024-02-08",188.650000,0.522000
"ITM12613","Pharma",41,93,11,9,24.860000,1.950000,0.470000,"L28","C",125,2.290000,154.360000,0.140000,6,0.940000,374,13.840000,0.750000,"2024-01-10",162.800000,0.789000
"ITM12614","Pharma",212,34,9,4,21.840000,5.510000,0.350000,"L75","C",102,4.280000,46.620000,1.620000,8,0.750000,885,5.630000,0.300000,"2024-09-16",141.180000,0.363000
"ITM12615","Automotive",487,77,5,9,21.850000,6.150000,0.660000,"L46","B",146,2.210000,43.680000,1.340000,8,0.840000,904,1.190000,0.840000,"2024-11-19",32.600000,0.458000
"ITM12616","Pharma",169,83,9,8,43.720000,5.900000,0.420000,"L7","A",42,3.650000,78.810000,0.720000,5,0.710000,838,7.650000,0.940000,"2024-01-16",166.970000,0.660000
"ITM12617","Pharma",387,83,8,7,20.370000,1.610000,0.850000,"L7","C",97,1.820000,171.680000,0.290000,1,0.810000,786,2.620000,0.650000,"2024-10-24",216.680000,0.678000
"ITM12618","Groceries",266,97,4,8,17.340000,5.910000,0.970000,"L37","A",172,1.160000,145.750000,1.220000,5,0.920000,538,13.620000,0.970000,"2024-10-23",72.440000,0.738000
"ITM12619","Automotive",286,94,5,9,17.590000,2.100000,0.940000,"L64","B",48,1.080000,117.630000,0.760000,0,0.770000,457,3.170000,0.510000,"2024-07-26",235.570000,0.622000
"ITM12620","Electronics",480,20,13,9,10.630000,6.810000,0.250000,"L77","A",123,3.360000,13.700000,0.590000,1,0.740000,193,5.260000,0.400000,"2024-10-29",180.060000,0.619000
"ITM12621","Apparel",270,25,14,7,43.170000,4.580000,0.110000,"L84","B",86,1.980000,54.800000,1.470000,2,0.850000,849,12.070000,0.340000,"2024-04-18",78.880000,0.612000
"ITM12622","Pharma",22,99,12,8,8.180000,8.560000,0.490000,"L87","A",96,1.740000,162.670000,0.720000,4,0.860000,260,12.290000,0.580000,"2024-01-19",57.260000,0.700000
"ITM12623","Apparel",412,70,12,2,45.520000,7.890000,0.760000,"L61","A",162,3.160000,56.070000,0.360000,9,0.900000,715,13.620000,0.300000,"2024-10-09",81.170000,0.606000
"ITM12624","Electronics",335,89,14,4,14.890000,7.380000,0.980000,"L37","C",123,0.620000,148.760000,1.020000,0,0.930000,308,7.960000,0.900000,"2024-05-13",230.130000,0.770000
"ITM12625","Apparel",95,16,7,7,45.070000,7.160000,0.810000,"L69","A",65,1.610000,45.080000,1.670000,9,0.910000,276,14.810000,0.830000,"2024-10-05",82.650000,0.598000
"ITM12626","Electronics",106,25,12,2,39.750000,5.820000,0.620000,"L2","C",147,2.030000,125.210000,1.710000,4,0.950000,643,8.230000,0.650000,"2024-10-03",208.130000,0.579000
"ITM12627","Groceries",289,25,6,3,29.520000,1.080000,0.120000,"L14","C",50,3.690000,129.360000,1.710000,4,0.770000,938,12.070000,0.780000,"2024-08-29",168.290000,0.620000
"ITM12628","Pharma",244,49,4,8,33.800000,6.730000,0.840000,"L56","A",113,2.950000,152.870000,0.900000,3,0.870000,421,6.070000,0.240000,"2024-11-30",168.590000,0.553000
"ITM12629","Electronics",37,21,6,6,16.970000,4.940000,0.260000,"L18","C",108,4.350000,93.290000,1.600000,2,0.810000,440,14.180000,0.360000,"2024-03-17",257.250000,0.623000
"ITM12630","Apparel",132,44,14,7,29.140000,4.960000,0.150000,"L34","A",68,2.010000,130.210000,1.720000,6,0.990000,137,10.590000,0.700000,"2024-07-06",263.670000,0.587000
"ITM12631","Pharma",270,30,10,5,15.330000,4.100000,0.870000,"L94","D",165,1.830000,102.520000,0.970000,6,0.830000,449,2.080000,0.580000,"2024-07-19",165.700000,0.493000
"ITM12632","Groceries",252,59,7,2,20.710000,9.330000,0.610000,"L47","C",131,0.650000,189.990000,0.710000,0,0.990000,358,2.520000,0.680000,"2024-04-24",28.930000,0.697000
"ITM12633","Pharma",348,52,7,2,38.470000,2.870000,0.220000,"L98","D",129,4.780000,109.160000,1.430000,6,0.930000,53,13.470000,0.270000,"2024-10-28",56.740000,0.557000
"ITM12634","Electronics",298,26,14,7,12.950000,3.510000,0.450000,"L52","D",50,2.760000,49.820000,1.820000,2,0.920000,222,12.330000,0.720000,"2024-05-28",285.110000,0.670000
"ITM12635","Groceries",221,41,14,9,42.100000,9.650000,0.180000,"L47","C",75,2.760000,136.900000,1.950000,2,0.850000,593,5.620000,0.840000,"2024-03-09",49.060000,0.578000
"ITM12636","Apparel",102,50,12,2,19.420000,8.200000,0.670000,"L6","B",71,4.660000,114.210000,0.650000,5,0.830000,795,8.300000,0.640000,"2024-08-25",252.250000,0.640000
"ITM12637","Groceries",144,15,5,3,27.080000,0.630000,0.350000,"L52","B",167,1.800000,162.730000,1.920000,5,0.860000,275,12.940000,0.490000,"2024-09-13",166.720000,0.551000
"ITM12638","Groceries",194,97,10,2,47.160000,9.110000,0.880000,"L7","D",49,1.990000,43.610000,1.050000,3,0.790000,388,2.450000,0.340000,"2024-09-18",43.060000,0.494000
"ITM12639","Automotive",88,36,8,6,34.380000,2.650000,0.420000,"L73","D",49,3.450000,59.580000,0.680000,4,0.970000,255,2.930000,0.410000,"2024-02-16",276.660000,0.567000
"ITM12640","Groceries",66,29,4,6,32.630000,7.210000,0.550000,"L72","A",111,4.030000,185.110000,1.980000,2,0.940000,151,11.020000,0.620000,"2024-07-22",279.150000,0.621000
"ITM12641","Groceries",391,34,4,9,35.870000,5.750000,0.160000,"L25","D",24,3.650000,186.700000,1.770000,2,0.940000,107,2.150000,0.400000,"2024-07-05",188.450000,0.480000
"ITM12642","Pharma",275,75,11,8,45.990000,5.600000,0.350000,"L47","C",133,4.050000,94.030000,1.420000,8,0.830000,830,5.940000,0.820000,"2024-09-14",122.770000,0.507000
"ITM12643","Apparel",234,18,9,8,13.180000,7.320000,0.710000,"L71","B",140,3.090000,19.070000,1.800000,4,0.720000,199,4.530000,0.310000,"2024-01-06",186.170000,0.406000
"ITM12644","Pharma",49,62,12,9,31.050000,2.470000,0.760000,"L37","B",33,4.380000,68.250000,1.390000,0,0.900000,301,11.640000,0.610000,"2024-12-05",192.050000,0.718000
"ITM12645","Pharma",300,70,11,5,20.620000,2.010000,0.320000,"L10","B",178,2.980000,56.950000,0.940000,8,0.810000,528,1.030000,0.600000,"2024-05-02",190.420000,0.442000
"ITM12646","Electronics",431,47,8,3,1.580000,6.690000,0.550000,"L50","C",57,1.530000,88.790000,1.900000,9,0.960000,605,2.620000,0.310000,"2024-11-10",222.690000,0.319000
"ITM12647","Pharma",256,12,7,6,7.140000,3.260000,0.840000,"L65","A",57,2.940000,70.380000,1.930000,5,0.930000,477,2.390000,1.000000,"2024-12-16",29.470000,0.525000
"ITM12648","Automotive",267,93,14,9,16.920000,9.750000,0.440000,"L58","C",56,3.710000,167.510000,0.700000,8,0.740000,591,5.450000,0.860000,"2024-03-25",39.730000,0.563000
"ITM12649","Automotive",387,79,3,7,28.680000,4.790000,0.220000,"L98","C",114,3.440000,10.580000,0.770000,6,0.880000,968,4.250000,0.510000,"2024-09-20",92.010000,0.538000
"ITM12650","Electronics",44,64,14,4,44.190000,1.560000,0.490000,"L71","B",122,1.590000,132.480000,0.830000,9,0.910000,573,4.200000,0.750000,"2024-03-12",111.410000,0.525000
"ITM12651","Apparel",93,10,8,4,39.760000,7.020000,0.640000,"L36","C",17,0.680000,136.210000,1.660000,9,0.870000,540,6.190000,0.770000,"2024-08-16",195.030000,0.465000
"ITM12652","Apparel",225,79,8,4,28.110000,3.410000,0.110000,"L80","D",27,1.640000,135.520000,1.600000,6,0.850000,575,4.000000,0.720000,"2024-03-22",59.840000,0.487000
"ITM12653","Pharma",333,54,5,8,4.620000,1.910000,0.410000,"L88","C",117,4.930000,108.910000,1.970000,4,0.770000,341,2.490000,0.550000,"2024-04-01",166.900000,0.420000
"ITM12654","Pharma",113,56,5,7,15.010000,4.520000,0.650000,"L79","B",93,1.330000,126.110000,0.980000,6,0.770000,94,9.170000,0.910000,"2024-10-16",63.750000,0.640000
"ITM12655","Pharma",394,88,5,2,18.970000,9.660000,0.960000,"L16","B",160,2.590000,163.990000,1.500000,9,0.930000,249,14.320000,0.820000,"2024-10-16",113.090000,0.611000
"ITM12656","Apparel",146,35,5,7,31.460000,4.410000,0.470000,"L17","C",74,3.370000,159.000000,1.730000,3,0.710000,73,9.500000,0.630000,"2024-12-03",281.290000,0.562000
"ITM12657","Groceries",444,23,9,2,4.180000,3.800000,0.250000,"L13","D",118,4.460000,16.580000,0.520000,5,0.930000,812,11.600000,0.200000,"2024-03-15",269.750000,0.629000
"ITM12658","Automotive",44,63,12,4,26.980000,4.720000,0.580000,"L51","D",55,3.920000,15.780000,1.280000,1,0.860000,680,14.610000,0.380000,"2024-09-04",286.400000,0.695000
"ITM12659","Groceries",353,80,13,5,45.170000,0.620000,0.360000,"L48","B",75,4.590000,169.400000,1.140000,9,0.980000,436,3.140000,0.610000,"2024-07-02",181.510000,0.466000
"ITM12660","Groceries",374,55,4,5,35.570000,1.760000,0.290000,"L44","D",89,3.220000,119.200000,1.510000,2,1.000000,639,7.440000,0.920000,"2024-01-21",155.380000,0.692000
"ITM12661","Apparel",135,40,12,9,40.060000,8.570000,0.630000,"L72","D",159,4.390000,191.910000,1.420000,1,0.900000,484,9.150000,0.700000,"2024-04-22",256.190000,0.680000
"ITM12662","Groceries",67,97,12,2,34.400000,9.790000,0.920000,"L47","A",149,1.690000,92.000000,1.640000,9,0.820000,291,5.510000,0.530000,"2024-09-06",33.100000,0.399000
"ITM12663","Electronics",245,68,4,4,11.120000,2.000000,0.850000,"L97","A",156,2.440000,43.580000,0.690000,1,0.840000,252,9.580000,0.240000,"2024-04-28",293.750000,0.655000
"ITM12664","Pharma",285,38,5,7,6.410000,5.590000,0.260000,"L19","D",159,4.300000,99.910000,0.510000,6,0.760000,286,9.730000,0.680000,"2024-02-02",144.090000,0.647000
"ITM12665","Electronics",118,26,12,5,41.650000,9.680000,0.790000,"L26","D",115,1.970000,92.940000,1.630000,4,0.730000,343,12.790000,0.480000,"2024-05-15",205.980000,0.570000
"ITM12666","Automotive",478,23,14,2,35.080000,1.990000,0.310000,"L78","A",135,4.420000,108.260000,0.790000,5,0.870000,397,12.660000,0.630000,"2024-07-08",221.260000,0.690000
"ITM12667","Pharma",30,45,9,9,29.180000,2.270000,0.360000,"L66","A",154,2.130000,163.510000,0.650000,2,0.940000,136,3.000000,0.810000,"2024-04-29",192.360000,0.685000
"ITM12668","Groceries",104,67,5,7,10.270000,9.300000,0.930000,"L52","A",22,2.140000,134.560000,0.740000,9,0.780000,259,3.360000,0.840000,"2024-01-22",268.540000,0.515000
"ITM12669","Automotive",424,33,9,4,30.560000,7.200000,0.920000,"L65","B",37,1.890000,45.200000,0.230000,4,0.830000,837,4.110000,0.890000,"2024-12-08",93.570000,0.696000
"ITM12670","Pharma",233,72,11,3,2.530000,1.940000,0.250000,"L6","B",132,2.960000,149.550000,1.570000,4,0.870000,658,4.660000,0.710000,"2024-04-15",164.370000,0.541000
"ITM12671","Groceries",192,34,13,4,6.820000,4.240000,0.160000,"L6","A",76,1.080000,122.460000,1.460000,3,0.970000,51,8.900000,0.920000,"2024-09-22",134.790000,0.691000
"ITM12672","Electronics",410,68,12,8,16.280000,1.030000,0.360000,"L5","A",14,0.660000,119.880000,1.150000,9,0.740000,278,5.580000,0.750000,"2024-07-03",214.200000,0.477000
"ITM12673","Pharma",228,41,14,4,22.740000,4.610000,0.620000,"L18","A",109,4.540000,138.870000,1.460000,3,0.770000,459,14.340000,0.830000,"2024-07-17",124.580000,0.705000
"ITM12674","Groceries",467,91,13,9,6.910000,7.890000,0.890000,"L92","B",152,4.680000,117.150000,0.810000,7,0.980000,292,2.660000,0.750000,"2024-08-28",268.930000,0.560000
"ITM12675","Electronics",401,27,6,7,6.880000,5.760000,0.210000,"L43","B",90,0.840000,96.930000,0.660000,5,0.710000,819,4.450000,0.900000,"2024-08-20",152.220000,0.615000
"ITM12676","Automotive",83,46,9,9,36.570000,6.650000,0.470000,"L61","D",53,2.970000,131.670000,1.740000,1,0.900000,517,13.160000,0.380000,"2024-01-24",165.440000,0.637000
"ITM12677","Automotive",277,35,11,7,28.920000,3.600000,0.340000,"L67","C",128,2.930000,147.510000,0.900000,1,0.890000,507,9.180000,0.810000,"2024-01-21",153.080000,0.752000
"ITM12678","Automotive",351,18,10,6,27.150000,2.030000,0.110000,"L59","D",55,2.180000,52.900000,0.470000,1,0.810000,603,8.660000,0.290000,"2024-11-28",190.560000,0.668000
"ITM12679","Automotive",140,73,10,6,23.170000,0.620000,0.810000,"L20","C",166,3.060000,104.440000,1.520000,5,0.840000,262,9.320000,0.270000,"2024-06-14",158.020000,0.494000
"ITM12680","Apparel",317,81,11,7,48.850000,8.300000,0.830000,"L78","C",77,2.560000,97.050000,0.740000,0,0.960000,857,4.530000,0.590000,"2024-02-22",281.850000,0.696000
"ITM12683","Apparel",350,95,5,3,32.730000,4.480000,0.230000,"L42","B",111,2.870000,81.700000,1.940000,3,0.850000,461,1.600000,0.740000,"2024-11-20",161.320000,0.485000
"ITM12684","Groceries",291,92,7,4,7.680000,8.110000,0.520000,"L79","B",86,1.960000,23.810000,0.990000,0,0.820000,564,3.480000,0.380000,"2024-05-20",231.740000,0.587000
"ITM12685","Groceries",260,39,10,9,29.880000,5.620000,0.320000,"L41","B",29,3.120000,97.000000,0.410000,8,0.870000,577,12.430000,0.760000,"2024-05-14",197.980000,0.691000
"ITM12686","Automotive",262,62,14,8,28.820000,3.350000,0.560000,"L21","B",120,3.380000,40.680000,1.540000,5,0.980000,437,5.830000,1.000000,"2024-10-23",289.190000,0.620000
"ITM12687","Electronics",37,72,7,9,48.580000,3.040000,0.450000,"L51","D",155,3.480000,143.840000,1.790000,7,0.980000,328,11.830000,0.810000,"2024-10-05",62.860000,0.597000
"ITM12688","Groceries",206,20,6,5,44.290000,2.570000,0.290000,"L79","A",124,3.280000,118.640000,1.100000,1,0.770000,151,10.290000,0.340000,"2024-10-18",211.250000,0.629000
"ITM12689","Electronics",365,40,10,9,47.330000,8.330000,0.780000,"L95","C",179,3.490000,61.320000,0.150000,5,0.790000,638,5.220000,0.710000,"2024-03-30",246.600000,0.655000
"ITM12690","Pharma",163,58,9,8,6.570000,6.030000,0.240000,"L39","B",21,1.900000,190.590000,0.790000,3,0.750000,439,2.780000,0.210000,"2024-07-11",274.500000,0.490000
"ITM12691","Electronics",281,96,8,3,43.540000,7.240000,0.820000,"L76","B",88,2.510000,65.430000,0.560000,6,0.980000,251,12.300000,0.580000,"2024-11-30",163.280000,0.700000
"ITM12692","Pharma",460,28,7,4,7.330000,8.670000,0.610000,"L44","D",128,3.510000,115.450000,1.310000,7,0.820000,616,10.000000,0.630000,"2024-07-12",115.300000,0.552000
"ITM12693","Apparel",383,21,7,8,32.010000,9.880000,0.850000,"L65","C",45,3.890000,162.300000,1.090000,5,0.830000,770,5.210000,0.980000,"2024-07-06",287.050000,0.622000
"ITM12694","Apparel",450,24,12,9,36.280000,2.870000,0.100000,"L66","B",17,2.450000,107.640000,0.780000,0,0.940000,441,8.330000,0.790000,"2024-10-27",239.530000,0.779000
"ITM12695","Automotive",258,40,4,2,8.880000,2.220000,0.770000,"L69","A",37,2.140000,192.560000,1.330000,7,0.850000,890,9.570000,0.760000,"2024-11-30",146.540000,0.577000
"ITM12696","Groceries",323,52,6,6,32.000000,4.890000,0.150000,"L63","B",125,3.720000,170.330000,1.210000,0,0.740000,403,1.030000,0.630000,"2024-02-09",198.840000,0.567000
"ITM12697","Automotive",317,46,10,8,3.570000,0.830000,0.960000,"L91","C",95,1.500000,184.990000,1.820000,8,0.830000,642,10.390000,0.610000,"2024-09-21",90.790000,0.485000
"ITM12698","Pharma",95,88,10,5,15.370000,8.020000,0.730000,"L73","A",58,0.540000,80.810000,1.230000,1,0.890000,805,10.190000,0.990000,"2024-05-08",188.300000,0.769000
"ITM12699","Automotive",207,38,13,4,46.140000,8.900000,0.390000,"L39","D",175,2.620000,114.190000,1.060000,9,0.920000,284,2.160000,0.220000,"2024-07-11",166.610000,0.371000
"ITM12700","Electronics",352,35,3,8,9.410000,7.020000,0.390000,"L61","A",89,1.280000,169.630000,1.660000,5,0.890000,163,12.030000,0.440000,"2024-04-24",21.380000,0.560000
"ITM12701","Pharma",407,11,4,7,4.200000,3.050000,0.880000,"L3","C",14,2.200000,181.670000,0.480000,7,0.740000,116,12.550000,0.310000,"2024-09-21",261.070000,0.589000
"ITM12702","Apparel",265,93,7,9,22.740000,1.670000,0.910000,"L48","C",55,1.810000,189.430000,0.560000,4,0.790000,858,5.060000,0.450000,"2024-07-26",152.160000,0.579000
"ITM12703","Groceries",149,24,11,2,42.680000,4.130000,0.900000,"L43","A",107,4.000000,177.040000,1.590000,1,0.920000,89,3.270000,0.570000,"2024-06-29",149.120000,0.563000
"ITM12704","Pharma",493,13,12,6,4.760000,8.420000,0.830000,"L87","B",111,1.990000,148.840000,0.940000,4,0.960000,782,10.610000,0.470000,"2024-06-25",92.190000,0.653000
"ITM12705","Pharma",334,95,13,2,18.420000,3.800000,0.840000,"L15","C",11,3.380000,14.600000,0.880000,0,0.710000,152,2.730000,0.970000,"2024-09-06",66.950000,0.684000
"ITM12706","Electronics",430,59,14,4,45.090000,0.830000,0.620000,"L54","A",34,3.530000,69.840000,1.790000,7,0.710000,460,13.010000,0.740000,"2024-09-03",94.500000,0.544000
"ITM12707","Groceries",302,47,13,9,6.790000,3.110000,0.130000,"L75","C",10,2.550000,34.500000,1.260000,7,0.890000,344,7.720000,0.780000,"2024-11-05",198.490000,0.571000
"ITM12708","Apparel",98,32,9,3,16.220000,9.900000,0.180000,"L40","B",177,0.860000,39.400000,1.630000,1,0.860000,614,13.740000,0.790000,"2024-01-04",38.320000,0.730000
"ITM12709","Pharma",91,68,12,6,39.140000,6.930000,0.680000,"L93","B",77,3.650000,65.270000,1.640000,5,0.750000,857,9.990000,0.920000,"2024-09-13",106.530000,0.603000
"ITM12710","Pharma",282,99,7,9,27.620000,9.060000,0.460000,"L89","A",78,0.840000,24.200000,0.330000,7,0.860000,613,4.990000,0.810000,"2024-03-12",293.830000,0.628000
"ITM12711","Electronics",210,84,3,2,41.780000,7.860000,0.610000,"L81","D",25,0.950000,56.180000,1.340000,9,0.990000,86,7.550000,0.210000,"2024-08-13",88.740000,0.427000
"ITM12712","Automotive",386,37,8,3,6.470000,5.630000,0.310000,"L4","D",27,1.380000,191.830000,1.910000,7,0.890000,116,8.410000,0.410000,"2024-03-25",290.330000,0.441000
"ITM12713","Apparel",394,75,14,5,46.110000,1.910000,0.680000,"L77","B",116,1.760000,69.270000,1.010000,6,0.830000,452,12.410000,0.990000,"2024-04-27",40.400000,0.708000
"ITM12714","Groceries",449,17,10,4,46.810000,3.810000,0.320000,"L61","D",26,4.310000,40.350000,1.490000,2,0.950000,723,13.070000,0.720000,"2024-02-09",240.260000,0.719000
"ITM12715","Pharma",82,38,9,4,8.610000,6.050000,0.510000,"L34","B",134,3.540000,146.480000,1.180000,3,0.760000,255,10.560000,0.250000,"2024-09-20",137.520000,0.565000
"ITM12716","Pharma",399,20,4,6,2.660000,8.770000,0.530000,"L84","D",91,2.240000,167.420000,0.490000,0,0.820000,390,5.120000,0.570000,"2024-11-25",66.500000,0.697000
"ITM12717","Apparel",31,27,14,2,49.500000,3.050000,0.260000,"L100","B",13,4.900000,69.670000,0.470000,8,0.860000,883,8.400000,0.980000,"2024-05-23",238.350000,0.673000
"ITM12718","Automotive",160,64,7,5,24.630000,1.650000,0.890000,"L75","C",124,1.600000,62.910000,0.920000,9,0.850000,955,2.830000,0.990000,"2024-04-18",12.020000,0.534000
"ITM12719","Pharma",273,59,13,7,29.030000,5.810000,0.570000,"L74","A",104,3.240000,55.930000,1.020000,9,0.980000,101,4.220000,0.550000,"2024-03-17",110.670000,0.480000
"ITM12720","Apparel",62,23,6,6,31.180000,2.180000,0.880000,"L30","A",104,4.310000,84.720000,1.060000,1,0.790000,475,5.240000,0.910000,"2024-04-05",185.410000,0.684000
"ITM12721","Electronics",36,83,11,9,39.690000,6.300000,0.340000,"L93","D",146,4.110000,26.570000,1.910000,9,0.720000,258,2.020000,0.670000,"2024-03-21",76.980000,0.334000
"ITM12722","Automotive",82,18,12,7,40.790000,3.000000,0.260000,"L7","A",40,0.910000,137.130000,0.290000,6,0.970000,563,13.390000,0.610000,"2024-07-04",106.430000,0.746000
"ITM12723","Groceries",272,20,3,6,10.500000,2.690000,0.120000,"L75","D",142,3.640000,166.220000,0.820000,7,0.770000,690,2.720000,0.530000,"2024-11-04",36.520000,0.474000
"ITM12724","Pharma",484,72,14,2,12.600000,4.290000,0.180000,"L62","B",25,1.660000,136.100000,1.080000,3,0.810000,227,10.760000,0.910000,"2024-03-01",257.430000,0.719000
"ITM12725","Apparel",395,85,8,5,43.960000,6.140000,0.230000,"L22","C",51,2.100000,90.030000,1.930000,9,0.860000,725,8.080000,0.700000,"2024-12-04",132.430000,0.447000
"ITM12726","Electronics",311,76,5,2,41.160000,5.680000,0.170000,"L68","A",178,2.700000,64.900000,1.060000,0,0.990000,914,12.640000,0.470000,"2024-04-27",52.140000,0.755000
"ITM12727","Groceries",488,62,13,4,31.260000,2.820000,0.910000,"L81","C",39,4.060000,87.790000,1.570000,4,0.860000,71,11.370000,0.590000,"2024-07-31",67.740000,0.605000
"ITM12728","Apparel",27,48,11,7,49.740000,8.970000,0.920000,"L93","A",35,1.250000,90.530000,1.520000,9,0.830000,418,11.640000,0.560000,"2024-06-18",89.800000,0.501000
"ITM12729","Apparel",344,87,7,3,37.020000,1.540000,0.940000,"L80","B",40,0.990000,136.540000,1.180000,9,0.880000,788,6.860000,0.560000,"2024-02-28",76.550000,0.481000
"ITM12731","Electronics",227,37,13,9,42.490000,6.230000,0.540000,"L49","A",152,1.480000,23.410000,0.520000,6,0.950000,213,2.330000,0.710000,"2024-12-11",272.510000,0.591000
"ITM12732","Electronics",311,84,11,4,21.320000,1.670000,0.580000,"L19","B",61,0.770000,191.140000,0.560000,0,0.750000,426,7.220000,0.240000,"2024-09-02",63.340000,0.638000
"ITM12733","Automotive",303,48,11,4,2.770000,5.300000,0.220000,"L88","D",175,4.670000,182.940000,0.170000,3,0.940000,52,14.920000,0.910000,"2024-09-02",141.500000,0.892000
"ITM12734","Pharma",137,34,10,7,16.750000,9.540000,0.220000,"L32","D",47,1.940000,32.370000,0.820000,4,0.950000,733,14.270000,0.530000,"2024-04-17",202.540000,0.724000
"ITM12735","Groceries",368,30,11,9,38.410000,7.140000,0.800000,"L5","B",29,1.300000,44.880000,1.260000,4,0.910000,167,2.150000,0.840000,"2024-10-29",63.300000,0.573000
"ITM12736","Groceries",194,19,6,6,48.050000,6.370000,0.870000,"L74","D",108,3.370000,69.200000,0.370000,6,0.900000,705,9.020000,0.780000,"2024-03-23",54.660000,0.699000
"ITM12737","Groceries",95,52,8,4,14.530000,5.960000,0.810000,"L90","A",53,4.040000,116.340000,0.430000,3,0.830000,813,5.420000,0.580000,"2024-11-27",55.060000,0.651000
"ITM12738","Electronics",120,24,7,8,13.080000,2.210000,0.850000,"L15","C",120,3.890000,35.550000,1.440000,9,0.890000,444,11.200000,0.360000,"2024-07-29",265.780000,0.475000
"ITM12739","Pharma",433,92,7,5,28.620000,4.610000,0.350000,"L25","B",98,3.730000,48.060000,0.420000,6,0.920000,315,11.300000,0.650000,"2024-01-12",216.270000,0.703000
"ITM12740","Automotive",170,57,6,4,40.770000,3.750000,0.520000,"L3","A",72,0.730000,181.510000,0.360000,7,0.740000,484,1.000000,0.960000,"2024-05-04",107.550000,0.577000
"ITM12741","Apparel",419,95,4,5,37.580000,9.550000,0.510000,"L57","B",127,4.020000,30.770000,1.960000,1,0.780000,731,12.840000,0.350000,"2024-01-23",271.740000,0.581000
"ITM12742","Apparel",289,30,14,2,28.440000,2.800000,1.000000,"L41","C",159,2.760000,85.790000,0.130000,0,0.760000,774,4.130000,0.400000,"2024-03-06",286.530000,0.674000
"ITM12743","Groceries",477,69,8,9,31.940000,4.980000,0.950000,"L54","A",81,3.420000,154.970000,0.720000,9,0.950000,842,14.520000,0.990000,"2024-10-20",125.500000,0.730000
"ITM12744","Pharma",90,59,11,6,12.860000,9.410000,0.640000,"L20","A",63,4.800000,178.830000,0.170000,9,0.900000,276,13.680000,0.910000,"2024-10-30",158.030000,0.747000
"ITM12745","Electronics",199,32,14,5,22.200000,8.000000,0.220000,"L53","C",146,4.150000,73.850000,1.690000,0,0.840000,425,3.670000,0.640000,"2024-03-23",113.840000,0.576000
"ITM12746","Pharma",143,22,3,4,13.510000,9.660000,0.330000,"L89","C",152,4.210000,41.240000,1.210000,0,0.950000,311,9.910000,0.760000,"2024-03-09",75.990000,0.753000
"ITM12747","Pharma",400,78,9,6,44.340000,6.280000,0.430000,"L27","D",57,1.320000,150.030000,0.190000,8,0.920000,415,5.150000,0.550000,"2024-11-18",236.200000,0.584000
"ITM12748","Electronics",312,13,8,8,6.520000,3.670000,0.890000,"L53","A",157,2.640000,156.790000,1.270000,3,0.970000,816,2.440000,0.520000,"2024-09-19",198.230000,0.544000
"ITM12749","Groceries",304,87,5,6,34.310000,8.350000,0.250000,"L65","C",172,4.770000,196.210000,0.330000,8,0.720000,477,13.240000,0.550000,"2024-01-21",116.400000,0.638000
"ITM12750","Pharma",214,81,3,5,13.750000,3.270000,0.300000,"L100","C",110,3.120000,36.510000,1.040000,6,0.850000,57,3.530000,0.530000,"2024-10-20",14.170000,0.499000
"ITM12751","Apparel",418,18,6,9,24.300000,2.070000,0.410000,"L79","A",69,0.960000,144.790000,1.370000,6,0.910000,979,6.890000,0.740000,"2024-03-16",231.470000,0.565000
"ITM12752","Electronics",247,44,11,5,15.670000,7.210000,0.930000,"L61","D",107,3.790000,89.290000,0.380000,1,0.760000,90,13.940000,0.460000,"2024-01-29",148.440000,0.772000
"ITM12753","Automotive",450,30,4,3,16.840000,6.570000,0.550000,"L95","B",171,0.690000,183.780000,1.040000,1,0.800000,927,2.050000,0.340000,"2024-03-26",31.190000,0.531000
"ITM12754","Groceries",449,67,5,3,13.760000,8.850000,0.680000,"L94","D",109,3.840000,87.490000,0.970000,4,0.830000,306,8.710000,0.770000,"2024-05-12",46.110000,0.659000
"ITM12755","Electronics",455,27,4,6,37.890000,9.640000,0.450000,"L8","C",108,4.460000,94.730000,1.840000,9,0.940000,692,9.010000,0.230000,"2024-04-02",192.230000,0.390000
"ITM12756","Automotive",294,81,4,7,18.920000,8.640000,0.270000,"L91","B",82,2.410000,34.090000,1.990000,0,0.850000,613,11.680000,0.780000,"2024-09-21",168.440000,0.683000
"ITM12757","Automotive",480,90,12,9,36.590000,1.070000,0.300000,"L18","B",128,2.360000,70.980000,1.340000,6,0.850000,151,12.580000,0.410000,"2024-07-26",79.740000,0.566000
"ITM12758","Pharma",125,52,13,7,23.350000,6.810000,0.820000,"L67","D",137,1.870000,86.160000,1.720000,6,0.830000,268,6.940000,0.350000,"2024-11-02",50.560000,0.437000
"ITM12759","Pharma",40,15,13,3,27.820000,7.950000,0.900000,"L27","B",149,4.450000,13.330000,1.330000,7,0.770000,293,11.410000,0.500000,"2024-10-15",266.570000,0.533000
"ITM12760","Pharma",83,95,10,4,27.620000,9.830000,0.540000,"L72","C",97,2.970000,93.140000,1.760000,6,0.980000,894,13.750000,0.290000,"2024-11-22",49.110000,0.541000
"ITM12761","Electronics",184,87,5,2,48.820000,4.060000,0.420000,"L42","A",114,3.110000,73.900000,0.920000,7,0.800000,988,13.410000,0.510000,"2024-01-10",34.850000,0.609000
"ITM12762","Electronics",46,76,9,6,18.990000,2.110000,0.830000,"L85","A",28,3.480000,162.730000,1.260000,2,0.870000,352,8.030000,0.280000,"2024-12-04",189.780000,0.571000
"ITM12763","Groceries",330,21,10,2,11.180000,8.600000,0.710000,"L62","A",89,1.850000,30.350000,1.710000,2,0.740000,419,9.500000,0.590000,"2024-05-25",83.240000,0.582000
"ITM12764","Pharma",304,21,5,3,45.680000,3.520000,0.140000,"L68","D",35,2.450000,154.440000,1.840000,7,0.830000,900,10.420000,0.340000,"2024-02-13",200.410000,0.449000
"ITM12765","Automotive",167,75,4,5,9.570000,6.180000,0.420000,"L49","A",160,3.840000,145.660000,0.150000,8,0.970000,324,12.470000,0.300000,"2024-04-20",151.840000,0.645000
"ITM12766","Apparel",300,11,10,8,41.890000,4.200000,0.710000,"L41","A",130,4.930000,55.940000,0.300000,9,1.000000,119,8.110000,0.660000,"2024-08-17",71.260000,0.630000
"ITM12767","Groceries",345,24,5,6,8.360000,4.320000,0.620000,"L23","A",42,0.650000,25.820000,1.870000,3,0.810000,96,2.570000,0.700000,"2024-11-06",30.200000,0.489000
"ITM12768","Electronics",338,32,9,3,33.280000,7.460000,0.980000,"L59","B",115,0.690000,169.950000,1.180000,7,0.750000,166,6.390000,0.200000,"2024-08-29",30.490000,0.417000
"ITM12769","Groceries",183,38,14,9,8.380000,3.930000,0.880000,"L69","B",39,2.430000,57.390000,1.980000,0,0.790000,639,11.080000,0.510000,"2024-09-03",179.900000,0.610000
"ITM12770","Groceries",405,90,3,4,46.230000,7.080000,0.150000,"L44","B",160,3.470000,37.660000,1.610000,1,0.800000,566,9.730000,0.260000,"2024-03-28",229.890000,0.561000
"ITM12771","Groceries",425,16,14,8,28.690000,0.640000,0.750000,"L70","C",135,2.240000,78.220000,1.650000,9,0.890000,303,11.550000,0.790000,"2024-04-22",210.000000,0.545000
"ITM12772","Groceries",243,37,8,6,17.130000,3.580000,0.400000,"L46","C",45,5.000000,86.170000,0.830000,9,0.850000,881,8.000000,0.750000,"2024-07-29",181.930000,0.564000
"ITM12773","Apparel",291,23,14,6,7.880000,3.530000,0.710000,"L87","C",134,1.380000,71.960000,0.590000,9,0.930000,668,3.440000,0.240000,"2024-11-03",71.170000,0.441000
"ITM12774","Pharma",165,53,14,9,19.190000,7.610000,0.660000,"L99","A",133,0.540000,195.530000,1.240000,8,0.910000,805,2.610000,0.950000,"2024-03-14",259.920000,0.523000
"ITM12775","Automotive",472,39,11,7,35.550000,3.490000,0.550000,"L93","B",127,1.360000,177.360000,1.770000,1,0.780000,222,7.740000,0.970000,"2024-10-25",192.370000,0.656000
"ITM12776","Groceries",457,90,14,5,19.860000,6.520000,0.870000,"L88","C",132,4.490000,175.870000,1.480000,1,0.940000,478,3.880000,0.470000,"2024-04-03",211.320000,0.566000
"ITM12777","Groceries",375,41,5,6,13.060000,7.040000,0.740000,"L83","D",46,1.150000,85.770000,1.000000,7,0.950000,85,14.750000,0.300000,"2024-11-15",74.910000,0.607000
"ITM12778","Groceries",49,79,9,5,29.290000,6.760000,0.900000,"L89","B",70,2.660000,192.950000,1.530000,4,0.880000,954,3.780000,0.290000,"2024-12-03",85.830000,0.451000
"ITM12779","Pharma",64,97,8,3,21.470000,6.230000,0.350000,"L34","A",105,2.390000,139.960000,1.410000,4,0.980000,456,8.930000,0.870000,"2024-09-18",273.190000,0.668000
"ITM12780","Electronics",294,15,10,4,9.120000,4.430000,0.410000,"L79","B",129,3.500000,168.080000,1.830000,5,0.930000,465,1.020000,0.570000,"2024-05-15",148.060000,0.431000
"ITM12781","Electronics",490,36,5,8,8.550000,4.050000,0.660000,"L62","A",21,0.750000,105.170000,0.600000,7,0.880000,734,4.550000,0.210000,"2024-03-26",170.610000,0.479000
"ITM12782","Apparel",53,91,5,8,35.670000,5.860000,0.970000,"L25","C",131,3.460000,40.520000,0.330000,7,0.970000,461,4.630000,0.940000,"2024-12-17",42.120000,0.671000
"ITM12783","Electronics",160,97,6,4,48.760000,1.110000,0.430000,"L32","A",44,2.100000,178.510000,0.990000,8,0.880000,537,11.330000,0.670000,"2024-06-24",124.430000,0.602000
"ITM12784","Groceries",446,33,5,6,12.420000,8.820000,0.130000,"L36","A",76,4.670000,102.420000,0.790000,9,0.860000,741,7.940000,0.750000,"2024-08-20",267.240000,0.569000
"ITM12785","Groceries",337,43,11,6,38.880000,8.340000,0.500000,"L72","D",47,4.320000,194.030000,1.950000,2,0.810000,828,1.170000,0.860000,"2024-11-01",271.040000,0.515000
"ITM12786","Groceries",393,49,13,3,5.290000,3.790000,0.590000,"L39","B",33,2.300000,58.420000,0.110000,8,0.960000,816,6.310000,0.850000,"2024-10-29",221.740000,0.675000
"ITM12787","Apparel",240,56,6,7,19.700000,5.880000,0.820000,"L29","A",90,4.970000,198.550000,1.870000,2,0.740000,964,10.030000,0.260000,"2024-02-05",168.230000,0.507000
"ITM12788","Groceries",375,88,8,7,25.830000,9.360000,0.760000,"L39","D",177,0.730000,52.260000,1.910000,0,0.840000,881,9.910000,0.660000,"2024-04-27",279.940000,0.641000
"ITM12789","Electronics",41,84,10,7,14.170000,3.080000,0.970000,"L99","D",81,4.050000,79.950000,0.200000,4,0.860000,370,1.750000,0.760000,"2024-07-12",262.830000,0.647000
"ITM12790","Pharma",199,95,13,5,26.950000,7.550000,0.800000,"L37","D",88,2.450000,122.860000,1.790000,6,0.870000,122,14.000000,0.270000,"2024-07-16",255.440000,0.516000
"ITM12791","Pharma",455,33,10,7,44.250000,1.290000,0.370000,"L91","C",123,2.450000,141.730000,0.990000,2,0.900000,618,4.460000,0.380000,"2024-03-08",265.720000,0.576000
"ITM12792","Automotive",386,74,7,4,47.280000,5.470000,0.680000,"L27","C",54,1.270000,146.850000,1.560000,8,0.850000,627,13.480000,0.520000,"2024-02-25",141.440000,0.538000
"ITM12793","Electronics",439,27,7,8,5.930000,8.900000,0.710000,"L89","A",134,2.820000,100.490000,0.250000,0,0.780000,693,3.990000,0.910000,"2024-01-09",162.390000,0.766000
"ITM12794","Groceries",348,53,8,8,14.320000,5.740000,1.000000,"L91","B",105,0.880000,24.600000,1.910000,5,0.960000,462,8.950000,0.880000,"2024-04-13",132.960000,0.596000
"ITM12795","Pharma",250,85,12,5,48.980000,6.350000,0.220000,"L63","C",22,3.270000,104.250000,1.250000,5,0.900000,821,6.690000,0.830000,"2024-09-24",224.620000,0.610000
"ITM12796","Electronics",422,66,9,3,14.250000,9.120000,0.270000,"L41","C",119,1.590000,73.590000,1.810000,7,0.960000,173,9.140000,0.990000,"2024-09-15",181.660000,0.591000
"ITM12797","Pharma",57,37,12,4,34.940000,7.300000,0.240000,"L62","A",15,3.760000,134.950000,1.380000,2,0.780000,434,7.970000,0.390000,"2024-12-16",30.210000,0.562000
"ITM12798","Groceries",89,80,9,8,13.420000,7.110000,0.630000,"L45","A",106,3.230000,44.630000,1.120000,4,0.890000,653,1.030000,0.570000,"2024-08-02",49.610000,0.514000
"ITM12799","Pharma",135,32,6,4,18.460000,6.070000,0.220000,"L72","C",80,3.860000,84.840000,0.430000,9,0.910000,835,5.920000,0.560000,"2024-03-17",65.770000,0.550000
"ITM12800","Automotive",258,94,8,8,10.370000,6.510000,0.690000,"L93","A",56,3.870000,193.560000,0.440000,4,0.820000,702,1.160000,0.740000,"2024-11-06",204.460000,0.603000
"ITM12801","Automotive",354,43,9,2,42.960000,8.140000,0.820000,"L36","D",102,1.390000,26.880000,1.000000,7,0.940000,281,10.570000,0.880000,"2024-02-19",41.840000,0.665000
"ITM12802","Pharma",460,20,7,3,44.250000,9.800000,0.490000,"L37","A",110,0.500000,124.440000,1.750000,6,0.700000,631,12.950000,0.590000,"2024-03-31",166.840000,0.536000
"ITM12803","Electronics",167,95,7,3,15.550000,8.060000,0.600000,"L16","D",53,2.150000,27.220000,0.320000,2,0.880000,482,6.390000,0.590000,"2024-08-31",253.840000,0.707000
"ITM12804","Electronics",28,44,4,9,41.360000,7.220000,0.920000,"L74","C",41,4.640000,39.830000,2.000000,6,0.880000,540,8.350000,0.690000,"2024-11-10",284.780000,0.505000
"ITM12805","Electronics",307,51,9,2,18.550000,1.790000,0.610000,"L87","B",12,3.100000,124.940000,1.760000,9,0.860000,736,1.920000,0.790000,"2024-11-03",134.190000,0.400000
"ITM12806","Pharma",407,37,14,5,5.850000,8.260000,0.290000,"L70","D",93,3.770000,94.360000,0.850000,7,0.890000,920,6.390000,0.360000,"2024-01-20",164.690000,0.510000
"ITM12807","Electronics",69,91,8,8,38.150000,7.490000,0.410000,"L49","B",175,4.460000,114.210000,0.580000,4,0.750000,135,2.940000,0.970000,"2024-09-29",251.140000,0.645000
"ITM12808","Groceries",357,87,13,9,30.230000,7.820000,0.580000,"L51","C",13,4.580000,177.180000,1.850000,4,0.910000,814,1.910000,0.270000,"2024-09-14",281.370000,0.396000
"ITM12809","Automotive",24,91,3,8,14.440000,2.700000,0.240000,"L45","A",154,2.880000,165.280000,0.330000,0,0.800000,79,3.410000,0.220000,"2024-03-01",123.060000,0.616000
"ITM12810","Groceries",423,33,6,8,13.400000,9.080000,0.650000,"L99","D",174,2.930000,178.720000,0.760000,7,0.840000,716,13.190000,0.490000,"2024-02-17",112.390000,0.626000
"ITM12811","Electronics",362,17,5,7,48.810000,1.420000,1.000000,"L19","D",97,4.330000,127.090000,0.260000,5,0.800000,249,14.750000,0.760000,"2024-09-03",140.740000,0.783000
"ITM12812","Groceries",145,62,14,7,43.260000,2.910000,0.690000,"L38","C",115,4.130000,103.030000,1.910000,5,0.840000,924,13.310000,0.980000,"2024-12-03",83.600000,0.650000
"ITM12813","Electronics",94,81,5,7,40.680000,6.800000,0.440000,"L6","C",114,3.640000,97.250000,1.270000,4,0.890000,205,14.580000,0.950000,"2024-03-07",259.300000,0.755000
"ITM12814","Pharma",184,13,9,7,7.270000,6.900000,0.400000,"L37","A",45,3.220000,150.560000,0.740000,4,0.950000,806,11.230000,0.750000,"2024-11-04",102.280000,0.736000
"ITM12815","Groceries",297,14,13,7,38.000000,3.480000,0.940000,"L92","B",67,3.280000,109.050000,0.620000,2,0.850000,947,3.240000,0.550000,"2024-10-03",140.340000,0.621000
"ITM12816","Pharma",461,58,14,2,11.510000,7.160000,0.880000,"L11","D",178,2.130000,30.100000,0.940000,2,0.800000,581,8.880000,0.680000,"2024-01-01",102.790000,0.680000
"ITM12817","Pharma",343,39,12,3,48.890000,4.190000,0.530000,"L45","B",17,4.280000,36.970000,0.270000,1,0.850000,764,11.240000,0.970000,"2024-12-13",44.490000,0.867000
"ITM12818","Apparel",496,81,6,5,3.550000,0.500000,0.420000,"L57","D",167,3.280000,77.850000,1.790000,8,0.910000,895,8.190000,0.410000,"2024-11-28",185.930000,0.434000
"ITM12819","Electronics",319,72,14,4,18.250000,2.040000,0.740000,"L84","D",95,1.510000,22.890000,1.070000,7,0.800000,201,8.770000,0.580000,"2024-08-08",180.410000,0.546000
"ITM12820","Automotive",309,56,10,7,22.000000,8.880000,0.380000,"L33","A",106,1.580000,55.450000,1.480000,2,0.820000,126,9.210000,0.750000,"2024-09-24",95.520000,0.649000
"ITM12821","Electronics",96,35,13,2,41.390000,2.620000,0.210000,"L96","D",162,4.380000,134.720000,0.540000,4,0.870000,377,7.540000,0.210000,"2024-08-03",19.110000,0.583000
"ITM12822","Automotive",317,66,11,9,38.540000,1.570000,0.380000,"L62","D",68,3.320000,12.360000,1.060000,9,0.790000,221,5.070000,0.510000,"2024-07-08",281.660000,0.442000
"ITM12823","Electronics",156,46,5,9,19.370000,6.980000,0.490000,"L28","C",39,2.290000,124.780000,0.500000,4,0.760000,454,9.920000,0.650000,"2024-01-23",113.110000,0.684000
"ITM12824","Pharma",125,16,7,8,28.710000,4.690000,0.330000,"L26","A",110,1.340000,156.750000,1.650000,7,0.740000,455,1.750000,0.920000,"2024-12-23",166.240000,0.450000
"ITM12825","Groceries",114,49,6,5,41.940000,8.070000,0.300000,"L69","C",76,3.250000,42.330000,1.570000,5,0.810000,890,3.390000,0.990000,"2024-09-28",51.690000,0.548000
"ITM12826","Groceries",154,48,14,9,1.890000,8.680000,0.110000,"L35","D",141,1.330000,44.380000,0.380000,6,0.710000,811,13.950000,0.650000,"2024-08-07",82.840000,0.700000
"ITM12827","Apparel",87,71,12,5,40.310000,8.540000,0.670000,"L72","A",102,2.620000,15.480000,0.240000,4,0.880000,747,7.840000,0.960000,"2024-04-27",136.220000,0.769000
"ITM12828","Automotive",166,87,8,5,47.400000,3.470000,0.650000,"L90","D",72,3.550000,107.370000,1.670000,0,0.750000,411,12.500000,0.280000,"2024-09-03",173.050000,0.606000
"ITM12829","Automotive",497,62,13,2,2.570000,5.300000,0.270000,"L35","A",41,3.040000,134.370000,0.310000,7,0.810000,177,11.170000,0.760000,"2024-07-14",257.660000,0.692000
"ITM12830","Automotive",178,13,12,4,3.230000,6.680000,0.950000,"L18","B",96,4.650000,96.810000,1.140000,3,0.780000,924,5.490000,0.520000,"2024-06-28",94.220000,0.559000
"ITM12831","Pharma",403,91,6,7,17.880000,3.560000,0.470000,"L14","B",60,0.680000,84.000000,1.120000,4,0.890000,572,12.250000,0.800000,"2024-10-28",262.820000,0.709000
"ITM12832","Automotive",182,34,10,5,5.300000,0.890000,0.120000,"L79","A",72,1.760000,96.340000,0.490000,0,0.960000,385,2.280000,0.890000,"2024-12-22",142.950000,0.751000
"ITM12833","Groceries",460,16,5,2,24.480000,5.210000,0.300000,"L95","D",89,0.760000,158.490000,1.220000,2,0.890000,803,13.250000,0.240000,"2024-10-21",135.480000,0.641000
"ITM12834","Pharma",360,37,13,8,36.710000,0.620000,0.720000,"L76","A",96,1.380000,16.370000,1.060000,1,0.860000,742,10.530000,0.950000,"2024-02-20",124.960000,0.776000
"ITM12835","Electronics",208,78,7,3,28.780000,9.530000,0.280000,"L31","D",119,1.060000,158.930000,1.070000,1,0.900000,314,13.980000,0.250000,"2024-08-05",266.990000,0.689000
"ITM12836","Automotive",434,76,3,8,10.630000,8.070000,0.150000,"L32","B",110,3.800000,136.610000,0.780000,0,0.710000,244,13.540000,0.800000,"2024-03-09",82.790000,0.805000
"ITM12837","Automotive",358,29,8,2,33.090000,2.320000,0.660000,"L7","D",138,2.160000,55.870000,1.690000,5,0.740000,807,6.320000,0.260000,"2024-05-10",258.640000,0.415000
"ITM12838","Electronics",114,92,13,2,34.560000,3.230000,0.570000,"L86","C",28,4.660000,109.700000,0.260000,7,0.730000,149,13.000000,0.890000,"2024-09-01",35.840000,0.731000
"ITM12839","Automotive",200,20,7,2,46.690000,9.840000,0.790000,"L68","B",110,0.610000,19.370000,0.930000,2,0.730000,613,8.880000,0.360000,"2024-04-29",287.050000,0.603000
"ITM12840","Electronics",307,76,10,5,8.190000,4.050000,0.800000,"L29","C",172,3.440000,82.120000,0.590000,0,0.780000,420,3.200000,0.550000,"2024-02-12",155.870000,0.650000
"ITM12841","Pharma",341,96,11,2,34.920000,7.950000,0.960000,"L82","B",103,4.870000,43.070000,1.710000,9,0.860000,958,12.610000,0.950000,"2024-05-25",299.680000,0.579000
"ITM12842","Groceries",206,16,10,3,45.660000,4.740000,0.150000,"L30","B",90,1.290000,14.240000,0.530000,1,0.730000,946,13.710000,0.830000,"2024-11-02",186.300000,0.822000
"ITM12843","Electronics",391,32,10,5,25.580000,8.710000,0.140000,"L7","C",112,2.490000,77.850000,1.560000,2,0.980000,477,2.180000,0.830000,"2024-10-05",44.100000,0.595000
"ITM12844","Apparel",157,70,14,8,18.730000,7.190000,0.990000,"L13","A",122,3.660000,147.960000,1.260000,5,0.960000,636,14.030000,0.810000,"2024-07-28",27.660000,0.715000
"ITM12845","Electronics",149,80,5,3,9.370000,0.720000,0.680000,"L53","D",163,3.350000,184.990000,1.760000,2,0.990000,969,9.420000,0.660000,"2024-05-11",66.090000,0.640000
"ITM12846","Automotive",213,43,6,9,43.470000,3.300000,0.740000,"L43","B",22,3.050000,135.830000,1.230000,8,0.710000,182,1.360000,0.960000,"2024-04-06",132.130000,0.469000
"ITM12847","Pharma",335,28,13,6,20.320000,5.800000,0.190000,"L92","D",127,1.970000,86.370000,1.160000,0,0.960000,305,8.590000,0.870000,"2024-01-03",226.680000,0.765000
"ITM12848","Pharma",491,67,6,8,46.320000,9.300000,0.160000,"L61","B",95,3.780000,199.900000,1.620000,6,0.940000,499,12.150000,0.550000,"2024-12-29",10.210000,0.578000
"ITM12849","Electronics",292,18,13,2,42.540000,1.470000,0.240000,"L13","D",32,3.440000,63.760000,1.170000,9,0.970000,770,8.460000,0.790000,"2024-01-04",84.630000,0.568000
"ITM12850","Groceries",371,57,7,7,19.460000,6.210000,0.480000,"L88","B",116,1.230000,45.550000,1.700000,7,0.860000,453,10.900000,1.000000,"2024-10-22",180.400000,0.607000
"ITM12851","Apparel",163,91,11,7,29.120000,3.370000,0.200000,"L99","A",172,4.840000,98.100000,0.190000,8,0.940000,704,13.310000,0.900000,"2024-09-24",96.390000,0.766000
"ITM12852","Pharma",35,50,14,5,2.330000,8.950000,0.500000,"L18","B",21,3.000000,105.930000,1.040000,7,0.720000,629,13.180000,0.200000,"2024-03-01",113.510000,0.516000
"ITM12853","Automotive",321,57,11,7,13.900000,7.770000,0.610000,"L1","A",146,2.860000,77.420000,1.640000,4,0.720000,103,3.500000,0.790000,"2024-09-23",97.220000,0.505000
"ITM12854","Automotive",442,54,12,8,35.800000,4.010000,0.100000,"L71","B",87,4.320000,142.140000,1.710000,0,0.740000,828,6.980000,0.920000,"2024-01-04",286.420000,0.654000
"ITM12855","Groceries",264,34,14,5,34.220000,2.090000,0.200000,"L21","D",76,3.380000,44.930000,1.680000,0,0.970000,456,2.560000,0.460000,"2024-07-11",29.090000,0.552000
"ITM12856","Pharma",434,87,3,8,18.320000,0.610000,0.440000,"L53","C",117,0.840000,106.960000,1.250000,7,0.720000,434,9.330000,0.980000,"2024-12-01",273.180000,0.599000
"ITM12857","Electronics",126,34,10,2,40.620000,6.400000,0.150000,"L84","B",53,2.780000,105.020000,1.990000,6,0.730000,987,14.370000,0.520000,"2024-04-15",103.740000,0.523000
"ITM12858","Automotive",107,28,3,4,12.560000,4.360000,0.220000,"L61","B",158,4.010000,166.520000,0.440000,4,0.980000,291,3.550000,0.540000,"2024-12-18",81.500000,0.627000
"ITM12859","Groceries",148,48,4,4,23.600000,3.490000,0.310000,"L62","A",16,3.650000,186.120000,0.430000,9,0.730000,96,6.650000,0.330000,"2024-06-10",266.150000,0.478000
"ITM12860","Pharma",414,88,9,3,24.150000,9.860000,0.490000,"L84","D",137,4.870000,136.020000,0.160000,2,0.960000,164,14.360000,0.280000,"2024-07-28",93.250000,0.783000
"ITM12861","Pharma",394,89,10,2,17.700000,4.930000,0.740000,"L26","A",106,0.610000,68.020000,1.980000,8,0.940000,757,11.500000,0.630000,"2024-07-04",296.370000,0.509000
"ITM12862","Pharma",360,36,3,7,47.780000,7.620000,0.220000,"L97","D",20,1.680000,141.030000,0.760000,3,0.710000,855,2.000000,0.680000,"2024-02-24",168.950000,0.569000
"ITM12863","Pharma",23,83,5,2,35.140000,2.190000,0.760000,"L37","D",169,2.970000,57.760000,1.550000,5,0.710000,179,7.000000,0.490000,"2024-03-20",148.150000,0.478000
"ITM12864","Pharma",346,72,9,6,27.420000,0.630000,0.870000,"L42","A",115,3.290000,193.640000,0.210000,3,0.860000,606,14.830000,0.690000,"2024-08-06",293.180000,0.827000
"ITM12865","Automotive",429,77,11,4,26.020000,4.470000,0.690000,"L37","C",92,1.730000,166.250000,0.670000,8,1.000000,204,7.350000,0.520000,"2024-11-29",75.760000,0.575000
"ITM12866","Groceries",386,28,10,7,8.810000,6.820000,0.140000,"L83","D",45,4.220000,91.930000,1.290000,3,0.960000,544,9.810000,0.890000,"2024-10-26",273.600000,0.712000
"ITM12867","Pharma",325,37,10,8,19.240000,5.310000,0.500000,"L8","C",127,1.240000,159.030000,1.100000,7,0.790000,878,10.810000,0.960000,"2024-05-09",181.540000,0.644000
"ITM12868","Apparel",415,94,11,8,33.970000,8.960000,0.690000,"L99","A",174,0.500000,87.640000,0.490000,2,0.820000,131,10.300000,0.670000,"2024-05-13",228.940000,0.746000
"ITM12869","Apparel",114,87,12,4,46.300000,4.620000,0.980000,"L12","C",50,4.790000,24.180000,0.980000,7,0.820000,828,8.260000,0.870000,"2024-10-01",178.790000,0.610000
"ITM12870","Groceries",228,42,5,2,41.010000,3.450000,0.960000,"L84","D",101,2.260000,144.290000,0.310000,2,0.920000,718,2.860000,0.880000,"2024-08-04",189.410000,0.727000
"ITM12871","Electronics",244,19,10,7,15.720000,9.200000,0.460000,"L74","A",58,4.810000,86.880000,1.130000,4,0.800000,74,10.920000,0.770000,"2024-10-16",54.930000,0.667000
"ITM12872","Electronics",478,92,3,3,22.260000,4.360000,0.650000,"L30","C",152,1.750000,186.760000,0.280000,0,0.740000,383,14.070000,0.350000,"2024-07-06",53.980000,0.778000
"ITM12873","Electronics",367,39,10,8,5.060000,3.060000,0.900000,"L69","A",150,0.790000,68.250000,1.310000,5,0.920000,231,14.180000,0.320000,"2024-11-09",125.180000,0.606000
"ITM12874","Apparel",499,31,9,2,6.010000,1.430000,0.850000,"L95","A",62,3.980000,170.230000,0.400000,1,0.840000,481,9.310000,0.940000,"2024-05-21",110.450000,0.820000
"ITM12875","Electronics",340,12,10,3,24.040000,8.040000,0.530000,"L93","C",116,4.260000,139.280000,1.140000,2,0.720000,223,7.890000,0.410000,"2024-12-14",216.500000,0.577000
"ITM12876","Automotive",66,91,3,9,26.980000,8.340000,0.340000,"L5","D",42,2.710000,172.130000,0.350000,0,0.940000,858,5.680000,0.400000,"2024-07-22",219.600000,0.709000
"ITM12877","Pharma",495,84,8,7,13.940000,0.820000,0.220000,"L23","D",128,0.830000,65.460000,0.860000,5,0.880000,90,2.450000,0.330000,"2024-04-14",173.500000,0.489000
"ITM12878","Apparel",200,57,9,4,32.500000,3.910000,0.540000,"L54","D",41,3.440000,97.660000,0.770000,4,0.850000,494,13.360000,0.620000,"2024-07-30",126.580000,0.715000
"ITM12879","Groceries",125,11,13,9,35.470000,7.620000,0.750000,"L23","D",127,1.320000,166.390000,1.540000,9,0.900000,918,2.920000,0.740000,"2024-10-09",206.270000,0.433000
"ITM12880","Groceries",218,85,7,6,15.660000,9.490000,0.970000,"L5","B",71,4.320000,132.330000,1.320000,1,0.850000,444,5.030000,0.740000,"2024-10-12",209.330000,0.633000
"ITM12881","Pharma",405,63,7,9,38.160000,4.090000,0.880000,"L51","A",91,1.730000,78.390000,1.880000,7,0.890000,989,11.370000,0.410000,"2024-09-04",244.640000,0.484000
"ITM12882","Apparel",125,15,9,5,11.070000,8.780000,0.280000,"L64","A",139,4.310000,107.280000,1.850000,8,0.960000,337,10.870000,0.280000,"2024-04-01",245.400000,0.448000
"ITM12883","Electronics",299,49,13,4,27.670000,4.240000,0.750000,"L24","B",86,2.420000,199.260000,1.480000,2,0.880000,610,10.530000,0.450000,"2024-07-08",30.170000,0.618000
"ITM12884","Electronics",279,11,5,3,40.410000,2.210000,0.360000,"L96","A",25,3.180000,150.950000,1.560000,5,0.900000,311,11.380000,0.600000,"2024-10-13",118.470000,0.596000
"ITM12885","Automotive",127,82,8,2,27.310000,0.530000,0.720000,"L38","A",132,4.050000,126.760000,1.290000,5,0.880000,805,8.590000,0.690000,"2024-10-11",131.780000,0.600000
"ITM12886","Automotive",38,11,9,9,45.490000,3.640000,0.700000,"L5","C",17,0.680000,167.300000,1.410000,9,0.860000,106,3.170000,0.420000,"2024-09-04",255.610000,0.377000
"ITM12887","Electronics",429,83,3,8,3.870000,4.100000,0.350000,"L2","B",156,4.200000,93.990000,1.270000,5,0.750000,55,14.980000,0.350000,"2024-05-09",155.520000,0.593000
"ITM12888","Groceries",478,64,14,7,29.830000,9.480000,0.310000,"L39","A",169,1.120000,190.510000,0.690000,7,0.800000,608,13.490000,0.870000,"2024-06-06",151.750000,0.705000
"ITM12889","Groceries",315,81,4,9,28.530000,2.460000,0.190000,"L73","A",76,2.110000,114.880000,0.770000,4,0.910000,624,7.040000,0.890000,"2024-10-22",170.590000,0.697000
"ITM12890","Automotive",325,69,14,4,33.360000,4.130000,0.150000,"L78","B",124,2.630000,72.110000,1.190000,9,0.830000,994,8.420000,0.420000,"2024-06-25",46.890000,0.463000
"ITM12891","Pharma",190,15,6,8,41.840000,0.740000,0.870000,"L14","B",122,4.530000,26.340000,1.470000,9,0.820000,967,6.510000,0.650000,"2024-12-27",173.940000,0.454000
"ITM12892","Electronics",350,28,10,8,36.570000,7.750000,0.140000,"L43","C",41,0.600000,81.380000,0.870000,7,0.930000,628,9.930000,0.550000,"2024-07-22",169.950000,0.601000
"ITM12893","Automotive",214,36,13,6,39.720000,9.190000,0.180000,"L37","C",114,3.020000,118.040000,0.370000,2,0.700000,964,11.240000,0.310000,"2024-03-11",228.780000,0.675000
"ITM12894","Automotive",31,10,12,7,15.150000,2.760000,0.310000,"L59","D",34,3.390000,143.620000,0.970000,6,0.900000,744,4.240000,0.950000,"2024-12-03",193.900000,0.610000
"ITM12895","Electronics",214,42,8,9,19.990000,4.580000,0.900000,"L83","D",62,1.920000,176.270000,1.930000,0,0.850000,211,7.060000,0.210000,"2024-03-01",286.960000,0.513000
"ITM12896","Electronics",302,49,3,3,31.710000,1.660000,0.400000,"L70","C",90,1.810000,189.350000,0.510000,3,0.810000,346,9.960000,0.350000,"2024-04-27",33.230000,0.654000
"ITM12897","Groceries",388,41,12,7,28.120000,4.840000,0.270000,"L68","A",34,2.710000,29.470000,1.330000,4,0.800000,666,14.830000,0.480000,"2024-08-16",233.780000,0.641000
"ITM12898","Pharma",201,78,7,9,48.090000,1.770000,0.740000,"L64","B",42,1.340000,124.170000,1.970000,6,0.750000,824,5.550000,0.890000,"2024-12-24",227.940000,0.485000
"ITM12899","Pharma",469,26,9,7,10.150000,5.470000,0.390000,"L18","C",40,2.610000,136.650000,0.810000,5,0.800000,106,11.430000,0.830000,"2024-03-23",88.110000,0.697000
"ITM12900","Electronics",324,17,8,2,18.210000,7.480000,0.400000,"L65","D",45,3.940000,42.690000,1.790000,5,0.820000,577,5.850000,0.660000,"2024-02-21",212.580000,0.495000
"ITM12901","Apparel",163,66,14,5,29.070000,5.760000,0.770000,"L60","B",96,4.300000,113.660000,1.740000,1,0.830000,108,2.290000,0.760000,"2024-04-19",201.200000,0.555000
"ITM12902","Automotive",405,51,11,9,43.530000,2.830000,0.330000,"L35","D",132,2.230000,73.620000,0.740000,1,0.900000,215,11.780000,0.470000,"2024-09-17",96.620000,0.737000
"ITM12903","Automotive",335,18,10,8,46.540000,3.860000,0.910000,"L25","A",53,3.280000,24.710000,0.290000,1,0.840000,954,10.090000,0.950000,"2024-07-24",219.900000,0.844000
"ITM12904","Electronics",201,96,6,3,17.470000,6.570000,0.610000,"L15","A",57,0.500000,22.510000,0.440000,9,0.940000,811,8.200000,0.220000,"2024-06-22",279.890000,0.517000
"ITM12905","Apparel",49,44,13,9,4.290000,6.100000,0.580000,"L43","D",167,2.980000,154.250000,0.790000,7,0.890000,595,10.450000,0.280000,"2024-10-08",98.510000,0.554000
"ITM12906","Groceries",103,80,14,9,21.660000,1.800000,0.340000,"L21","B",22,4.890000,126.940000,1.920000,6,0.760000,95,13.310000,0.940000,"2024-11-10",294.220000,0.605000
"ITM12907","Electronics",185,88,7,2,20.320000,8.530000,0.850000,"L94","D",153,1.910000,145.870000,0.620000,0,0.780000,982,11.590000,0.960000,"2024-12-22",75.040000,0.841000
"ITM12908","Electronics",303,62,9,8,49.340000,5.010000,0.620000,"L59","B",100,3.180000,140.200000,1.860000,8,0.720000,860,13.010000,0.590000,"2024-12-16",49.050000,0.489000
"ITM12909","Automotive",300,63,10,5,22.120000,2.040000,0.240000,"L83","C",163,3.930000,35.520000,0.440000,7,0.980000,96,5.060000,0.660000,"2024-12-27",32.340000,0.611000
"ITM12910","Electronics",115,93,7,2,15.980000,1.670000,0.290000,"L33","D",174,3.240000,38.800000,1.940000,8,0.970000,439,12.210000,0.920000,"2024-01-27",71.970000,0.587000
"ITM12911","Electronics",400,34,11,5,18.900000,9.670000,0.520000,"L92","D",140,2.380000,57.970000,0.660000,3,0.730000,301,6.040000,0.880000,"2024-03-23",109.330000,0.677000
"ITM12912","Electronics",285,76,12,5,20.450000,3.170000,0.800000,"L24","B",163,1.190000,85.830000,1.300000,4,0.870000,215,1.290000,0.890000,"2024-07-18",222.620000,0.559000
"ITM12913","Automotive",463,71,14,5,41.260000,9.130000,0.950000,"L2","C",152,2.590000,188.440000,0.230000,4,0.990000,417,1.600000,0.500000,"2024-11-21",30.880000,0.616000
"ITM12914","Groceries",317,64,6,2,4.970000,4.400000,0.700000,"L95","B",75,1.830000,138.040000,0.670000,8,0.920000,428,11.220000,0.860000,"2024-01-03",157.110000,0.679000
"ITM12915","Groceries",315,55,6,7,16.510000,4.170000,0.560000,"L44","B",37,3.630000,58.480000,0.500000,7,0.850000,366,4.810000,0.260000,"2024-02-16",160.440000,0.496000
"ITM12916","Electronics",244,33,10,9,48.350000,7.160000,0.330000,"L38","D",134,2.490000,20.640000,0.110000,9,0.770000,181,5.310000,0.590000,"2024-03-15",76.100000,0.552000
"ITM12917","Automotive",352,55,3,5,8.500000,0.590000,0.710000,"L73","D",175,4.320000,140.000000,0.400000,5,0.780000,438,9.720000,0.390000,"2024-08-29",23.180000,0.624000
"ITM12918","Groceries",380,31,10,7,37.390000,3.710000,0.980000,"L87","B",89,1.370000,128.810000,1.230000,9,0.920000,631,11.380000,0.230000,"2024-11-03",75.280000,0.479000
"ITM12919","Groceries",393,20,7,9,18.460000,3.380000,0.530000,"L97","A",141,2.380000,138.400000,0.840000,9,0.930000,621,8.820000,0.690000,"2024-08-10",76.810000,0.578000
"ITM12920","Groceries",61,57,13,8,29.510000,8.750000,0.250000,"L25","A",81,3.010000,59.620000,1.470000,0,0.860000,766,10.890000,0.260000,"2024-02-15",209.530000,0.622000
"ITM12921","Automotive",322,17,3,9,5.880000,5.530000,0.190000,"L23","A",53,1.070000,108.220000,1.380000,6,0.740000,799,14.170000,0.300000,"2024-02-02",77.800000,0.539000
"ITM12922","Automotive",440,48,6,8,16.010000,3.960000,0.340000,"L79","D",128,3.150000,78.720000,1.620000,8,0.980000,905,12.960000,0.270000,"2024-05-14",108.680000,0.501000
"ITM12923","Electronics",265,44,4,3,25.540000,3.030000,0.610000,"L82","D",55,1.810000,165.360000,1.750000,3,0.950000,397,4.370000,0.980000,"2024-04-23",23.750000,0.609000
"ITM12924","Pharma",227,58,6,6,12.350000,6.110000,0.950000,"L52","C",93,1.530000,23.190000,1.660000,3,0.740000,894,13.700000,0.230000,"2024-07-08",190.940000,0.551000
"ITM12925","Groceries",256,55,10,7,27.550000,1.940000,0.370000,"L55","D",35,1.140000,62.330000,0.950000,4,0.720000,667,5.160000,0.420000,"2024-02-10",147.500000,0.522000
"ITM12926","Pharma",41,47,7,9,11.770000,2.840000,0.370000,"L66","C",105,2.070000,124.560000,0.690000,7,0.860000,546,10.250000,0.720000,"2024-11-07",110.040000,0.644000
"ITM12927","Automotive",204,17,3,8,32.850000,3.290000,0.530000,"L42","D",22,4.680000,48.990000,1.050000,4,0.790000,745,13.250000,0.860000,"2024-01-20",213.840000,0.722000
"ITM12928","Automotive",487,63,9,6,45.310000,6.280000,0.930000,"L12","A",134,0.640000,137.820000,1.120000,3,0.780000,899,9.730000,0.690000,"2024-07-15",207.820000,0.652000
"ITM12929","Automotive",261,46,3,5,5.190000,4.050000,0.480000,"L52","A",78,4.330000,35.990000,0.700000,7,0.730000,560,12.290000,0.980000,"2024-07-24",105.090000,0.696000
"ITM12930","Pharma",382,49,11,6,11.610000,5.300000,0.300000,"L86","B",60,2.290000,14.330000,1.130000,4,0.990000,568,13.980000,0.470000,"2024-11-10",215.730000,0.685000
"ITM12931","Automotive",302,43,5,6,42.380000,6.680000,0.250000,"L13","B",22,3.030000,174.060000,0.300000,7,0.950000,501,14.540000,0.580000,"2024-12-01",110.980000,0.730000
"ITM12932","Electronics",60,88,14,5,31.950000,9.580000,0.510000,"L24","C",178,2.810000,73.350000,0.540000,0,0.730000,592,6.750000,0.860000,"2024-09-23",74.380000,0.754000
"ITM12933","Automotive",355,26,5,7,4.860000,7.770000,0.820000,"L18","C",148,4.670000,39.800000,1.520000,2,0.960000,265,14.900000,0.750000,"2024-05-26",218.750000,0.749000
"ITM12934","Apparel",181,42,8,9,24.830000,4.350000,0.360000,"L62","B",174,3.970000,42.810000,0.450000,6,0.900000,519,4.800000,0.370000,"2024-12-30",221.130000,0.553000
"ITM12935","Pharma",179,56,12,5,11.280000,7.610000,0.560000,"L42","C",69,4.930000,178.320000,0.360000,0,0.800000,902,7.470000,0.600000,"2024-11-01",261.070000,0.744000
"ITM12936","Apparel",493,61,8,3,10.760000,9.520000,0.640000,"L32","D",41,4.070000,134.340000,0.650000,4,0.960000,353,11.650000,0.980000,"2024-01-30",155.270000,0.798000
"ITM12937","Automotive",108,89,13,4,47.090000,5.240000,0.510000,"L1","A",27,1.830000,191.710000,0.800000,5,0.880000,347,14.580000,0.890000,"2024-03-30",77.390000,0.768000
"ITM12938","Electronics",341,18,13,9,38.320000,4.400000,0.270000,"L34","B",102,4.830000,162.010000,0.720000,0,0.950000,395,1.740000,0.350000,"2024-11-23",252.700000,0.611000
"ITM12939","Groceries",31,42,8,2,35.120000,1.240000,0.930000,"L50","B",157,4.930000,155.830000,0.810000,6,0.840000,335,14.240000,0.340000,"2024-09-10",60.650000,0.625000
"ITM12940","Automotive",443,69,3,5,12.710000,8.980000,0.610000,"L31","D",53,1.050000,104.970000,0.370000,8,0.850000,934,14.980000,0.860000,"2024-08-12",282.200000,0.745000
"ITM12941","Electronics",92,86,7,5,6.810000,2.840000,0.760000,"L58","C",173,4.550000,165.950000,0.410000,8,0.790000,175,13.730000,0.360000,"2024-01-06",98.930000,0.612000
"ITM12942","Pharma",95,30,14,6,43.670000,1.110000,0.670000,"L97","B",46,3.490000,88.400000,0.550000,2,0.820000,100,2.520000,0.560000,"2024-04-13",15.440000,0.615000
"ITM12943","Apparel",365,67,8,3,1.290000,5.600000,1.000000,"L35","B",170,4.650000,167.130000,0.860000,3,0.870000,468,12.770000,0.340000,"2024-12-02",64.160000,0.666000
"ITM12944","Apparel",220,94,10,8,20.020000,8.540000,0.510000,"L43","D",136,4.620000,153.970000,0.740000,0,0.980000,751,9.960000,0.210000,"2024-09-22",130.290000,0.697000
"ITM12945","Apparel",29,78,3,8,14.600000,4.360000,0.480000,"L39","A",28,4.510000,138.900000,1.600000,3,0.880000,100,1.130000,0.900000,"2024-05-26",26.000000,0.551000
"ITM12946","Pharma",371,19,7,6,28.950000,7.940000,0.420000,"L75","B",41,4.480000,72.650000,1.100000,4,0.740000,520,14.780000,0.820000,"2024-04-09",128.760000,0.719000
"ITM12947","Electronics",245,15,5,7,13.270000,8.450000,0.430000,"L93","B",115,1.030000,129.840000,1.190000,6,0.700000,425,3.110000,0.580000,"2024-01-18",68.840000,0.458000
"ITM12948","Pharma",195,22,4,9,16.250000,4.820000,0.350000,"L74","D",31,1.150000,106.290000,1.170000,4,0.960000,414,6.560000,0.330000,"2024-11-02",15.500000,0.548000
"ITM12949","Apparel",295,74,13,5,42.650000,6.110000,0.980000,"L2","B",131,1.030000,97.690000,0.860000,7,0.810000,281,1.420000,0.850000,"2024-09-18",96.710000,0.525000
"ITM12950","Automotive",58,29,10,9,30.560000,5.570000,0.880000,"L34","B",138,0.910000,198.150000,1.960000,6,0.790000,739,5.330000,0.490000,"2024-09-21",75.630000,0.411000
"ITM12951","Groceries",79,66,9,9,8.140000,9.420000,0.390000,"L84","A",63,2.090000,105.840000,0.170000,0,0.940000,719,8.960000,0.730000,"2024-12-23",131.730000,0.836000
"ITM12952","Pharma",85,55,12,5,36.600000,7.390000,0.370000,"L47","B",157,3.580000,16.080000,0.510000,1,0.980000,708,14.030000,0.450000,"2024-04-28",230.110000,0.802000
"ITM12953","Pharma",340,17,9,6,11.170000,9.290000,0.190000,"L89","D",67,2.100000,129.030000,0.640000,6,0.920000,529,14.870000,0.550000,"2024-11-10",157.830000,0.708000
"ITM12954","Electronics",454,19,7,9,22.220000,2.590000,0.890000,"L31","A",172,3.740000,148.320000,1.770000,2,0.750000,355,6.930000,0.630000,"2024-03-27",232.740000,0.551000
"ITM12955","Electronics",143,82,14,5,32.680000,3.450000,0.430000,"L8","A",79,4.190000,178.180000,1.850000,1,0.820000,487,6.990000,0.810000,"2024-12-11",107.640000,0.614000
"ITM12956","Pharma",183,76,11,7,14.320000,1.170000,0.620000,"L86","A",72,3.500000,130.210000,1.710000,8,0.930000,300,3.240000,0.870000,"2024-01-19",13.820000,0.472000
"ITM12957","Apparel",427,20,7,9,19.820000,5.250000,0.910000,"L16","C",12,2.590000,13.700000,0.890000,9,0.970000,900,7.980000,0.550000,"2024-07-03",277.430000,0.541000
"ITM12958","Groceries",430,21,4,4,36.970000,8.800000,0.470000,"L60","D",108,1.830000,32.750000,1.840000,7,1.000000,391,14.160000,0.390000,"2024-05-02",101.270000,0.543000
"ITM12959","Electronics",405,19,5,2,46.960000,3.610000,0.830000,"L40","C",54,1.060000,40.640000,0.290000,7,0.850000,181,3.320000,0.320000,"2024-12-01",162.790000,0.509000
"ITM12960","Apparel",178,34,6,2,26.930000,1.720000,0.490000,"L21","B",152,2.720000,50.140000,1.340000,2,0.950000,798,4.730000,0.470000,"2024-01-01",146.070000,0.573000
"ITM12961","Automotive",76,58,7,2,1.490000,1.150000,0.730000,"L52","A",26,3.740000,161.960000,1.880000,9,0.710000,573,13.480000,0.840000,"2024-03-21",179.090000,0.522000
"ITM12962","Electronics",97,58,5,4,17.580000,4.750000,0.490000,"L88","C",152,2.970000,68.850000,1.530000,8,0.790000,704,9.770000,0.420000,"2024-02-14",266.640000,0.459000
"ITM12963","Apparel",213,98,14,5,20.530000,2.060000,0.450000,"L65","B",14,3.750000,69.350000,0.630000,7,0.810000,555,5.630000,0.240000,"2024-05-21",261.500000,0.482000
"ITM12964","Apparel",304,20,9,6,17.620000,3.790000,0.990000,"L91","C",20,2.010000,153.560000,1.460000,1,0.990000,448,12.380000,0.650000,"2024-07-23",294.500000,0.727000
"ITM12965","Groceries",34,71,7,8,22.380000,8.290000,0.650000,"L99","A",101,0.800000,88.360000,0.660000,6,0.700000,955,2.530000,0.230000,"2024-06-29",163.230000,0.434000
"ITM12966","Groceries",31,45,7,3,32.000000,4.150000,0.430000,"L40","B",151,3.970000,22.280000,0.310000,7,0.790000,167,13.020000,0.910000,"2024-12-08",277.510000,0.743000
"ITM12967","Automotive",120,48,8,5,6.940000,6.290000,0.330000,"L89","A",48,1.490000,121.170000,1.460000,6,0.980000,110,8.250000,0.740000,"2024-07-21",149.910000,0.588000
"ITM12968","Apparel",175,62,9,4,14.360000,5.270000,0.140000,"L16","A",51,3.270000,34.710000,0.440000,8,0.790000,964,11.600000,0.410000,"2024-07-26",22.880000,0.591000
"ITM12969","Apparel",359,99,12,9,25.870000,7.330000,0.740000,"L82","C",103,4.120000,118.620000,0.310000,6,0.770000,230,8.260000,0.580000,"2024-10-27",52.400000,0.629000
"ITM12970","Groceries",144,87,12,7,16.460000,1.980000,0.430000,"L38","D",14,1.130000,158.130000,1.150000,6,0.920000,362,4.450000,0.790000,"2024-04-12",106.860000,0.566000
"ITM12971","Electronics",378,65,10,4,49.560000,9.240000,0.840000,"L48","B",61,3.190000,186.600000,1.280000,0,0.920000,314,9.970000,0.930000,"2024-09-22",220.380000,0.775000
"ITM12972","Electronics",299,10,11,9,22.140000,6.610000,0.430000,"L79","B",159,3.600000,22.740000,0.200000,1,0.840000,78,3.170000,0.900000,"2024-01-08",33.600000,0.750000
"ITM12973","Pharma",424,65,13,8,43.620000,3.070000,0.440000,"L29","D",53,3.860000,67.750000,0.110000,4,0.980000,312,4.220000,0.260000,"2024-12-26",114.850000,0.613000
"ITM12974","Groceries",413,13,6,2,44.930000,1.670000,0.800000,"L29","B",124,1.160000,133.970000,1.780000,0,0.760000,761,8.690000,0.260000,"2024-02-05",294.880000,0.542000
"ITM12975","Pharma",129,39,7,5,41.960000,1.920000,0.540000,"L18","C",162,4.210000,69.940000,0.320000,9,0.970000,666,6.460000,0.680000,"2024-02-16",237.850000,0.604000
"ITM12976","Groceries",353,21,7,8,3.300000,7.940000,0.900000,"L62","B",136,0.920000,95.690000,1.210000,6,0.930000,962,11.430000,0.600000,"2024-10-08",175.880000,0.617000
"ITM12977","Automotive",376,44,10,2,47.440000,6.090000,0.630000,"L20","C",125,2.840000,13.820000,1.910000,4,0.810000,640,9.170000,0.430000,"2024-05-25",27.910000,0.499000
"ITM12978","Apparel",165,86,11,3,7.310000,4.120000,0.320000,"L59","B",158,2.500000,141.760000,1.070000,4,0.940000,705,6.340000,0.980000,"2024-10-13",14.240000,0.682000
"ITM12979","Automotive",235,61,9,9,2.690000,3.660000,0.610000,"L96","C",77,1.500000,177.820000,0.370000,7,0.740000,760,5.570000,0.800000,"2024-10-25",40.520000,0.605000
"ITM12980","Groceries",417,40,7,9,21.300000,8.630000,0.100000,"L78","D",56,1.860000,195.600000,0.850000,8,0.740000,667,13.790000,0.750000,"2024-06-27",104.870000,0.637000
"ITM12981","Apparel",181,96,5,7,10.540000,8.810000,0.380000,"L48","B",136,1.240000,167.800000,1.290000,9,0.980000,388,1.560000,0.350000,"2024-06-26",185.850000,0.378000
"ITM12982","Electronics",147,77,3,2,10.030000,6.020000,0.290000,"L54","C",44,2.420000,16.040000,1.550000,0,0.730000,471,10.670000,0.430000,"2024-05-21",67.270000,0.619000
"ITM12983","Electronics",333,61,13,3,15.100000,5.480000,0.690000,"L90","A",16,0.660000,133.850000,1.250000,9,0.700000,138,6.490000,0.680000,"2024-04-25",24.830000,0.458000
"ITM12984","Pharma",351,89,11,9,13.170000,8.260000,0.220000,"L71","A",125,4.500000,104.180000,0.170000,3,0.820000,381,6.280000,0.840000,"2024-11-06",36.350000,0.739000
"ITM12985","Groceries",169,16,7,4,34.550000,7.620000,0.360000,"L61","A",61,1.240000,188.200000,0.370000,1,0.730000,480,10.130000,0.940000,"2024-04-09",133.770000,0.812000
"ITM12986","Groceries",473,31,11,2,10.150000,4.300000,0.400000,"L97","B",119,4.490000,181.410000,0.810000,8,0.960000,827,12.910000,0.760000,"2024-08-20",234.210000,0.675000
"ITM12987","Electronics",55,84,12,2,27.610000,1.290000,0.100000,"L69","C",55,4.390000,197.730000,1.440000,8,0.980000,812,11.140000,0.530000,"2024-07-25",248.120000,0.547000
"ITM12988","Automotive",192,65,14,6,49.330000,7.800000,0.140000,"L86","A",146,2.530000,173.770000,1.210000,0,0.840000,201,10.380000,0.750000,"2024-10-21",94.410000,0.735000
"ITM12989","Apparel",439,67,6,7,22.190000,2.100000,0.380000,"L28","B",32,2.740000,113.910000,0.180000,2,0.830000,867,7.950000,0.260000,"2024-01-03",202.400000,0.666000
"ITM12990","Automotive",41,73,7,7,32.450000,0.660000,0.300000,"L98","C",140,1.860000,145.830000,1.610000,9,0.860000,757,7.570000,0.680000,"2024-05-13",123.890000,0.468000
"ITM12991","Automotive",225,21,6,8,48.500000,8.510000,0.210000,"L32","A",136,4.990000,193.290000,1.250000,7,0.770000,175,7.450000,0.920000,"2024-03-30",292.030000,0.572000
"ITM12992","Electronics",146,16,4,4,7.740000,5.990000,0.240000,"L88","A",18,3.520000,119.840000,1.790000,1,0.790000,92,3.040000,0.710000,"2024-07-27",127.440000,0.542000
"ITM12993","Electronics",355,64,14,6,21.510000,8.970000,0.850000,"L97","B",62,4.780000,169.600000,0.890000,1,0.730000,470,8.830000,0.210000,"2024-09-16",124.810000,0.597000
"ITM12994","Electronics",464,71,3,8,42.660000,5.100000,0.710000,"L77","C",57,2.370000,189.020000,1.030000,1,0.830000,734,5.420000,0.760000,"2024-02-24",155.450000,0.667000
"ITM12995","Pharma",375,99,10,3,46.680000,9.300000,0.540000,"L11","B",132,4.470000,118.400000,0.870000,4,0.880000,539,9.660000,0.780000,"2024-10-13",17.400000,0.694000
"ITM12996","Automotive",459,82,6,8,30.460000,3.860000,0.920000,"L68","A",91,2.520000,40.240000,1.470000,8,0.980000,615,8.480000,0.630000,"2024-02-07",131.200000,0.528000
"ITM12997","Groceries",236,86,7,3,8.030000,7.380000,0.130000,"L58","B",118,4.400000,39.560000,1.530000,6,0.920000,302,14.160000,0.850000,"2024-09-14",250.330000,0.670000
"ITM12998","Apparel",115,64,8,4,45.170000,3.360000,0.410000,"L68","B",16,1.090000,31.910000,1.470000,6,0.920000,860,7.090000,0.360000,"2024-05-30",187.500000,0.484000
"ITM12999","Pharma",436,45,10,9,9.550000,0.510000,0.840000,"L91","A",108,3.370000,100.500000,0.650000,1,0.790000,757,10.300000,0.530000,"2024-06-23",291.130000,0.716000
"ITM13000","Groceries",448,98,13,7,18.290000,4.110000,0.670000,"L47","A",40,3.550000,101.230000,1.310000,1,0.970000,533,9.300000,0.850000,"2024-02-29",104.430000,0.737000
"ITM13001","Automotive",183,33,10,9,19.400000,7.510000,0.980000,"L10","C",111,3.450000,127.300000,0.740000,4,0.980000,342,10.580000,0.680000,"2024-09-19",56.840000,0.719000
"ITM13002","Electronics",167,53,9,3,22.920000,1.930000,0.950000,"L73","C",65,2.510000,101.750000,1.680000,6,0.980000,266,4.740000,1.000000,"2024-05-11",227.670000,0.571000
"ITM13003","Automotive",37,26,6,4,39.720000,5.300000,0.250000,"L15","A",108,3.580000,194.880000,0.200000,6,0.710000,218,4.600000,0.260000,"2024-10-02",22.660000,0.515000
"ITM13004","Apparel",313,11,8,9,40.310000,2.520000,0.970000,"L8","A",14,1.580000,65.350000,0.170000,8,0.880000,783,8.840000,0.400000,"2024-10-21",56.270000,0.597000
"ITM13005","Pharma",214,22,6,8,36.260000,1.210000,0.950000,"L71","D",39,3.180000,176.030000,0.290000,2,0.890000,689,12.890000,0.360000,"2024-05-08",157.020000,0.753000
"ITM13006","Pharma",170,40,9,3,2.080000,6.370000,0.440000,"L65","D",31,2.990000,29.060000,0.480000,0,0.790000,434,11.080000,0.980000,"2024-12-21",228.530000,0.854000
"ITM13007","Apparel",499,37,14,5,28.680000,9.540000,0.980000,"L26","C",154,1.930000,124.360000,0.170000,8,1.000000,910,7.850000,0.900000,"2024-08-14",184.280000,0.708000
"ITM13008","Groceries",384,69,14,2,37.630000,3.450000,0.130000,"L74","B",147,4.000000,133.180000,0.240000,0,0.790000,65,4.570000,0.310000,"2024-07-12",298.520000,0.657000
"ITM13009","Groceries",142,36,13,8,22.790000,6.020000,0.690000,"L69","A",179,0.860000,156.720000,0.680000,7,0.760000,86,11.630000,0.480000,"2024-10-15",199.930000,0.595000
"ITM13010","Pharma",419,24,3,7,47.300000,9.560000,0.340000,"L20","A",36,1.270000,105.570000,0.290000,4,0.850000,470,13.970000,0.240000,"2024-09-04",220.240000,0.695000
"ITM13011","Pharma",206,88,7,9,41.370000,6.680000,0.220000,"L22","B",136,2.620000,47.470000,1.620000,7,0.800000,952,3.980000,0.710000,"2024-05-04",298.240000,0.453000
"ITM13012","Electronics",472,42,12,8,32.270000,6.890000,0.620000,"L42","C",144,4.510000,80.110000,0.200000,6,0.980000,345,12.190000,0.460000,"2024-06-22",181.810000,0.711000
"ITM13013","Groceries",471,29,14,5,4.060000,2.200000,0.380000,"L67","D",32,3.090000,61.710000,1.830000,8,0.830000,484,3.410000,0.410000,"2024-08-22",217.240000,0.350000
"ITM13014","Apparel",168,51,12,4,32.960000,5.180000,0.700000,"L57","C",84,4.290000,89.630000,1.750000,1,0.820000,369,13.610000,0.620000,"2024-12-14",96.520000,0.674000
"ITM13015","Groceries",123,21,6,4,45.670000,3.990000,0.590000,"L15","B",126,2.830000,110.690000,0.500000,8,0.890000,786,9.990000,0.840000,"2024-08-23",165.660000,0.669000
"ITM13016","Electronics",262,82,13,8,19.590000,4.970000,0.450000,"L88","A",145,4.030000,128.760000,0.240000,9,0.720000,675,3.530000,0.520000,"2024-10-27",274.470000,0.491000
"ITM13017","Pharma",481,32,9,5,42.070000,8.110000,0.260000,"L27","D",17,1.970000,170.570000,0.300000,4,0.930000,583,1.510000,0.810000,"2024-01-15",257.460000,0.658000
"ITM13018","Pharma",250,81,11,9,16.340000,4.880000,0.640000,"L92","B",110,4.170000,182.900000,1.160000,4,0.930000,348,10.720000,0.560000,"2024-09-03",98.820000,0.645000
"ITM13019","Electronics",498,23,7,8,28.940000,1.100000,0.850000,"L75","A",14,2.310000,97.890000,1.240000,0,0.840000,623,9.490000,0.370000,"2024-02-29",113.590000,0.645000
"ITM13020","Apparel",225,34,6,2,32.770000,9.100000,0.640000,"L63","C",95,3.010000,26.850000,0.700000,5,0.990000,743,9.560000,0.560000,"2024-05-12",255.450000,0.667000
"ITM13021","Pharma",217,86,11,2,34.220000,5.680000,0.650000,"L12","D",139,1.290000,161.440000,0.660000,9,0.870000,972,7.750000,0.630000,"2024-02-04",92.560000,0.557000
"ITM13022","Automotive",415,94,7,6,44.240000,9.280000,0.560000,"L66","A",21,4.640000,100.660000,1.110000,9,0.910000,846,9.600000,0.570000,"2024-07-14",267.410000,0.533000
"ITM13023","Pharma",419,40,11,3,12.500000,5.940000,0.450000,"L58","A",56,3.660000,113.820000,0.680000,9,0.980000,65,13.230000,0.420000,"2024-11-20",234.390000,0.608000
"ITM13024","Automotive",356,63,10,6,13.860000,1.160000,0.510000,"L8","A",35,4.360000,123.200000,1.880000,9,0.900000,444,14.330000,0.350000,"2024-04-22",54.180000,0.473000
"ITM13025","Electronics",106,14,6,9,35.500000,5.750000,0.990000,"L59","A",111,1.440000,136.890000,0.830000,2,0.830000,326,5.820000,0.960000,"2024-12-12",218.730000,0.713000
"ITM13026","Electronics",161,22,13,2,9.680000,5.970000,0.770000,"L17","A",129,0.800000,179.120000,0.520000,9,0.710000,698,7.830000,0.440000,"2024-12-25",251.950000,0.502000
"ITM13027","Pharma",336,37,13,5,23.750000,2.540000,0.490000,"L66","C",79,2.020000,190.910000,0.380000,2,0.920000,332,4.820000,0.760000,"2024-04-27",51.860000,0.722000
"ITM13028","Groceries",218,52,9,3,1.980000,4.970000,0.510000,"L54","B",11,2.830000,188.630000,1.300000,2,0.990000,688,6.760000,0.470000,"2024-06-10",142.630000,0.612000
"ITM13029","Automotive",65,98,7,9,7.910000,4.860000,0.550000,"L59","D",35,4.110000,163.800000,0.720000,3,0.840000,135,12.140000,0.980000,"2024-07-30",260.160000,0.794000
"ITM13030","Apparel",307,56,12,5,34.260000,6.420000,0.690000,"L73","C",23,2.290000,178.960000,0.460000,8,0.800000,256,6.950000,0.990000,"2024-06-29",67.610000,0.645000
"ITM13031","Pharma",34,80,6,9,37.630000,2.970000,0.520000,"L8","D",91,1.710000,19.430000,0.620000,7,0.860000,924,6.480000,0.860000,"2024-09-21",140.240000,0.628000
"ITM13032","Apparel",63,47,7,6,6.650000,6.030000,0.720000,"L72","A",111,2.180000,171.330000,0.680000,5,0.920000,712,12.900000,0.670000,"2024-10-01",187.700000,0.722000
"ITM13033","Pharma",420,76,7,4,12.160000,2.790000,0.400000,"L60","B",41,3.670000,23.730000,1.290000,7,0.700000,612,1.020000,0.630000,"2024-01-05",38.200000,0.411000
"ITM13034","Groceries",188,71,13,5,5.850000,4.740000,0.470000,"L87","A",71,2.010000,151.780000,0.430000,7,0.970000,526,12.930000,0.460000,"2024-12-24",71.500000,0.675000
"ITM13035","Groceries",329,48,11,6,22.240000,1.670000,0.880000,"L40","C",124,4.910000,42.180000,1.490000,0,0.970000,792,3.540000,0.300000,"2024-05-14",145.350000,0.552000
"ITM13036","Groceries",63,46,14,6,7.180000,0.850000,0.400000,"L93","C",39,1.290000,78.420000,0.680000,8,0.860000,641,4.840000,0.260000,"2024-05-07",118.370000,0.461000
"ITM13037","Groceries",117,95,11,6,22.430000,3.550000,0.970000,"L3","D",150,3.890000,44.990000,1.030000,0,0.740000,180,6.060000,0.570000,"2024-05-27",104.190000,0.640000
"ITM13038","Electronics",280,17,8,4,36.870000,3.110000,0.260000,"L51","A",177,3.150000,94.260000,1.340000,1,0.900000,449,13.330000,0.980000,"2024-02-17",17.650000,0.800000
"ITM13039","Electronics",128,90,6,4,34.490000,4.370000,0.320000,"L33","A",40,1.550000,88.230000,1.130000,8,0.740000,185,13.720000,0.400000,"2024-07-23",279.100000,0.538000
"ITM13040","Automotive",302,61,4,8,14.740000,9.640000,0.520000,"L1","B",46,3.890000,19.130000,1.360000,6,0.850000,395,10.260000,0.530000,"2024-12-10",262.710000,0.557000
"ITM13041","Apparel",391,42,5,4,34.010000,5.460000,0.820000,"L96","B",111,2.510000,167.790000,0.710000,9,0.730000,219,7.150000,0.710000,"2024-06-24",123.860000,0.532000
"ITM13042","Pharma",362,90,4,3,46.460000,5.760000,0.760000,"L28","A",137,3.570000,172.300000,1.930000,0,0.880000,212,8.230000,0.480000,"2024-02-08",62.600000,0.589000
"ITM13043","Pharma",123,51,7,4,18.030000,9.450000,0.260000,"L75","D",95,3.480000,159.630000,0.970000,2,0.800000,248,9.130000,0.200000,"2024-10-10",30.020000,0.585000
"ITM13044","Electronics",275,85,8,4,17.130000,9.250000,0.310000,"L10","B",68,1.000000,171.050000,0.710000,0,0.950000,788,14.360000,0.520000,"2024-04-01",45.720000,0.814000
"ITM13045","Pharma",398,36,13,4,29.000000,8.900000,0.620000,"L6","A",37,4.280000,152.670000,0.660000,4,0.940000,97,14.570000,0.840000,"2024-08-31",184.590000,0.804000
"ITM13046","Electronics",225,17,7,9,13.030000,1.430000,0.370000,"L55","A",131,3.570000,188.120000,0.180000,3,1.000000,871,12.860000,0.960000,"2024-06-09",222.840000,0.885000
"ITM13047","Automotive",354,32,4,5,32.930000,6.530000,0.480000,"L45","A",70,4.010000,119.510000,1.400000,7,0.780000,814,9.170000,0.420000,"2024-06-30",55.360000,0.482000
"ITM13048","Apparel",62,73,14,4,41.780000,8.180000,0.540000,"L90","C",156,2.510000,120.700000,0.600000,8,0.720000,543,6.470000,0.940000,"2024-04-21",42.710000,0.598000
"ITM13049","Automotive",372,29,7,3,23.510000,8.440000,0.630000,"L9","D",25,1.380000,173.380000,1.920000,3,0.830000,152,4.220000,0.890000,"2024-10-20",210.410000,0.548000
"ITM13050","Groceries",264,25,11,9,34.300000,5.990000,0.330000,"L70","A",78,1.970000,76.390000,0.500000,2,0.730000,597,8.480000,0.530000,"2024-05-17",159.940000,0.675000
"ITM13051","Groceries",306,26,6,6,32.940000,0.670000,0.250000,"L8","A",53,4.560000,19.520000,1.110000,3,0.750000,55,5.840000,0.200000,"2024-04-03",117.830000,0.497000
"ITM13052","Groceries",374,89,14,5,2.890000,9.750000,0.460000,"L9","A",122,4.720000,152.470000,1.500000,2,0.880000,760,2.020000,0.880000,"2024-12-15",220.240000,0.589000
"ITM13053","Automotive",292,28,12,2,9.990000,4.990000,0.170000,"L61","B",147,2.670000,58.370000,1.750000,5,0.880000,61,7.670000,0.430000,"2024-04-07",142.150000,0.489000
"ITM13054","Pharma",495,17,4,9,44.780000,4.240000,0.570000,"L5","A",28,1.840000,100.100000,0.400000,0,0.710000,152,9.000000,0.800000,"2024-09-12",144.890000,0.782000
"ITM13055","Apparel",102,47,5,4,47.010000,4.250000,0.860000,"L37","C",93,3.790000,55.680000,1.970000,1,0.830000,748,9.560000,0.660000,"2024-04-12",14.560000,0.608000
"ITM13056","Groceries",129,47,5,9,39.240000,4.530000,0.210000,"L53","C",102,3.950000,167.150000,1.820000,7,0.860000,882,2.030000,0.380000,"2024-04-30",101.640000,0.353000
"ITM13057","Groceries",457,62,11,8,46.140000,2.800000,0.200000,"L24","D",150,4.170000,192.080000,1.930000,2,0.780000,739,7.760000,0.720000,"2024-05-03",11.460000,0.570000
"ITM13058","Groceries",209,99,6,8,16.000000,3.610000,0.170000,"L99","A",153,0.640000,20.450000,1.720000,3,0.960000,476,10.180000,0.810000,"2024-05-15",277.920000,0.658000
"ITM13059","Apparel",490,40,3,9,13.140000,9.860000,0.860000,"L18","A",172,0.540000,54.340000,1.770000,0,0.750000,220,14.450000,0.580000,"2024-04-15",95.240000,0.682000
"ITM13060","Groceries",307,53,3,6,19.830000,4.000000,0.170000,"L99","A",109,2.110000,46.020000,1.240000,2,0.780000,738,1.350000,0.800000,"2024-04-27",62.350000,0.570000
"ITM13061","Apparel",443,69,9,6,3.710000,5.500000,0.990000,"L83","C",48,1.190000,137.910000,1.710000,0,0.750000,138,10.470000,0.520000,"2024-04-13",36.360000,0.623000
"ITM13062","Groceries",416,85,9,5,40.680000,8.560000,0.420000,"L94","B",76,4.120000,91.450000,1.110000,9,0.730000,765,1.870000,0.980000,"2024-05-07",23.520000,0.476000
"ITM13063","Automotive",270,26,4,8,49.220000,5.510000,0.400000,"L83","B",82,2.900000,96.690000,1.120000,4,0.960000,488,3.220000,0.390000,"2024-11-12",266.940000,0.521000
"ITM13064","Automotive",231,88,11,2,41.380000,3.580000,0.180000,"L54","A",59,4.210000,39.850000,1.170000,0,0.780000,396,3.430000,0.820000,"2024-07-01",58.870000,0.649000
"ITM13065","Apparel",310,82,11,7,28.190000,5.480000,0.630000,"L48","B",62,1.300000,88.800000,1.990000,8,0.920000,904,5.600000,0.800000,"2024-03-20",189.070000,0.460000
"ITM13066","Automotive",152,48,7,8,15.470000,1.580000,0.630000,"L49","D",55,3.320000,67.610000,0.300000,6,0.830000,260,12.640000,0.620000,"2024-02-24",198.850000,0.709000
"ITM13067","Apparel",220,51,5,9,10.690000,1.740000,0.540000,"L58","C",61,3.110000,126.130000,1.630000,7,0.890000,774,12.990000,0.480000,"2024-03-02",102.090000,0.544000
"ITM13068","Automotive",304,57,5,8,18.840000,7.090000,0.380000,"L49","A",133,2.030000,51.280000,0.620000,8,0.980000,483,6.250000,0.560000,"2024-02-10",251.640000,0.569000
"ITM13069","Automotive",345,21,14,3,33.680000,9.220000,0.430000,"L49","B",166,2.830000,126.810000,0.790000,9,0.950000,582,7.040000,0.700000,"2024-12-12",72.070000,0.565000
"ITM13070","Apparel",428,98,5,7,22.910000,7.390000,0.390000,"L11","A",14,3.150000,81.770000,0.250000,7,0.720000,649,4.040000,0.620000,"2024-12-05",30.720000,0.557000
"ITM13071","Pharma",114,27,8,6,46.770000,1.210000,0.480000,"L88","A",83,4.500000,75.800000,0.770000,2,0.950000,574,7.060000,0.810000,"2024-09-09",29.880000,0.729000
"ITM13072","Automotive",297,88,6,7,42.860000,4.330000,0.410000,"L85","C",104,0.750000,68.060000,1.980000,6,0.840000,475,4.850000,0.490000,"2024-11-10",97.120000,0.413000
"ITM13073","Groceries",469,15,10,8,6.020000,0.520000,0.710000,"L70","C",84,4.210000,138.030000,0.850000,6,0.810000,169,3.450000,0.290000,"2024-01-04",144.340000,0.461000
"ITM13074","Pharma",448,52,13,6,7.440000,5.360000,0.370000,"L18","B",177,4.910000,116.860000,1.370000,6,0.900000,960,3.220000,0.600000,"2024-10-04",192.520000,0.486000
"ITM13075","Apparel",344,44,13,7,34.140000,2.340000,0.420000,"L84","C",125,3.790000,171.830000,0.330000,7,0.990000,227,11.860000,0.410000,"2024-01-22",221.330000,0.665000
"ITM13076","Pharma",238,63,13,6,12.310000,8.750000,0.490000,"L45","D",139,3.820000,55.910000,1.850000,3,0.730000,178,2.640000,0.690000,"2024-09-03",61.820000,0.474000
"ITM13077","Electronics",108,71,7,6,39.760000,1.490000,0.100000,"L16","A",77,1.480000,17.620000,1.670000,5,0.930000,612,9.620000,0.620000,"2024-07-09",208.340000,0.571000
"ITM13078","Electronics",91,78,3,5,29.980000,0.510000,0.540000,"L23","C",89,2.850000,44.580000,0.830000,1,0.760000,467,3.340000,0.820000,"2024-11-13",62.940000,0.658000
"ITM13079","Automotive",266,91,11,2,12.260000,4.790000,0.330000,"L69","B",114,3.680000,75.240000,0.760000,6,0.810000,603,12.730000,0.660000,"2024-06-10",299.190000,0.668000
"ITM13080","Automotive",148,25,3,6,24.460000,1.980000,0.150000,"L51","B",78,3.210000,44.130000,0.920000,8,0.960000,367,4.840000,0.540000,"2024-09-09",288.130000,0.513000
"ITM13081","Groceries",231,17,8,3,20.900000,7.510000,0.920000,"L68","B",172,2.230000,25.870000,0.860000,4,0.860000,656,1.630000,0.300000,"2024-10-21",39.700000,0.488000
"ITM13082","Pharma",447,98,3,8,43.780000,9.240000,0.390000,"L17","D",151,4.730000,94.610000,0.590000,3,0.720000,291,7.330000,0.300000,"2024-05-20",199.980000,0.583000
"ITM13083","Electronics",362,99,5,8,2.580000,0.900000,0.480000,"L94","C",152,2.810000,138.620000,1.980000,1,0.850000,977,15.000000,0.710000,"2024-09-08",271.950000,0.694000
"ITM13084","Automotive",115,95,12,3,44.900000,4.260000,0.840000,"L29","C",143,4.860000,152.800000,1.640000,6,0.940000,405,12.380000,0.900000,"2024-04-03",33.400000,0.649000
"ITM13085","Pharma",94,40,7,4,32.950000,9.970000,0.250000,"L1","D",25,3.040000,85.760000,0.610000,1,0.860000,622,8.980000,0.530000,"2024-09-18",45.950000,0.717000
"ITM13086","Automotive",442,19,12,6,37.140000,7.460000,0.870000,"L97","C",96,4.070000,100.830000,1.970000,1,0.750000,910,3.650000,0.620000,"2024-05-23",110.630000,0.506000
"ITM13087","Automotive",73,65,9,9,1.130000,9.560000,0.320000,"L3","C",133,3.840000,153.540000,0.130000,8,0.830000,487,2.650000,0.670000,"2024-07-22",37.760000,0.562000
"ITM13088","Electronics",363,85,12,6,31.780000,2.060000,0.630000,"L39","C",149,3.470000,77.010000,0.930000,1,0.980000,507,12.740000,0.580000,"2024-04-23",266.820000,0.769000
"ITM13089","Electronics",478,79,10,6,29.840000,2.600000,0.720000,"L60","D",50,0.570000,159.110000,1.180000,9,0.900000,491,12.030000,0.250000,"2024-10-22",263.910000,0.492000
"ITM13090","Automotive",432,29,14,9,27.320000,1.970000,0.910000,"L87","D",128,0.850000,193.800000,0.170000,2,0.920000,277,7.470000,0.670000,"2024-03-06",285.130000,0.761000
"ITM13091","Apparel",73,14,11,7,39.510000,3.370000,0.650000,"L93","B",28,3.120000,177.290000,0.410000,2,0.940000,457,6.900000,0.310000,"2024-01-28",69.450000,0.661000
"ITM13092","Automotive",237,32,8,6,28.240000,7.380000,0.510000,"L70","D",85,4.600000,96.180000,0.590000,1,0.730000,972,11.480000,0.640000,"2024-09-26",23.150000,0.748000
"ITM13093","Automotive",35,18,13,6,43.000000,2.070000,0.620000,"L55","D",118,3.210000,120.110000,1.470000,9,0.870000,326,8.500000,0.820000,"2024-08-04",138.940000,0.524000
"ITM13094","Groceries",118,67,11,3,12.400000,5.480000,0.280000,"L69","B",128,1.560000,146.120000,1.890000,2,0.810000,67,6.660000,0.200000,"2024-09-01",265.360000,0.462000
"ITM13095","Groceries",39,68,10,2,40.490000,3.060000,0.720000,"L49","D",122,1.940000,76.370000,1.290000,8,0.740000,805,4.520000,0.540000,"2024-10-03",195.150000,0.427000
"ITM13096","Groceries",65,89,11,2,9.790000,8.380000,0.270000,"L30","C",11,3.300000,161.860000,1.170000,2,0.760000,360,2.720000,0.800000,"2024-01-17",299.510000,0.591000
"ITM13097","Apparel",470,63,12,4,40.840000,0.560000,0.600000,"L32","A",29,3.190000,93.010000,1.120000,4,0.930000,373,9.330000,0.620000,"2024-09-14",272.650000,0.642000
"ITM13098","Apparel",212,55,6,3,47.080000,2.620000,0.680000,"L59","B",128,4.800000,170.900000,0.770000,6,0.750000,96,12.560000,0.390000,"2024-06-26",123.900000,0.598000
"ITM13099","Automotive",402,31,11,6,17.450000,6.250000,0.910000,"L45","A",104,2.880000,58.400000,1.670000,0,0.790000,871,11.450000,0.760000,"2024-07-20",21.460000,0.696000
"ITM13100","Groceries",77,73,9,2,26.960000,1.420000,0.510000,"L20","A",146,2.100000,12.160000,1.130000,0,0.790000,579,10.750000,0.830000,"2024-12-17",11.500000,0.754000
"ITM13101","Apparel",456,17,7,5,33.260000,4.930000,0.800000,"L36","B",30,2.860000,130.210000,0.540000,9,0.710000,945,14.000000,0.490000,"2024-03-30",196.820000,0.593000
"ITM13102","Electronics",130,29,7,5,4.890000,4.640000,0.250000,"L25","A",17,4.040000,95.860000,0.360000,1,0.840000,762,6.520000,0.440000,"2024-08-22",275.570000,0.687000
"ITM13103","Automotive",148,60,3,5,25.210000,8.600000,0.240000,"L93","A",176,2.930000,21.370000,1.970000,0,0.930000,549,2.920000,0.640000,"2024-03-02",138.830000,0.556000
"ITM13104","Pharma",356,87,4,6,18.670000,6.440000,0.570000,"L98","B",174,1.970000,102.650000,0.130000,0,0.710000,814,2.430000,0.490000,"2024-12-23",263.540000,0.659000
"ITM13105","Automotive",213,48,12,6,43.750000,6.580000,0.640000,"L15","B",38,2.020000,42.030000,1.870000,9,0.730000,241,14.370000,0.870000,"2024-09-22",174.350000,0.545000
"ITM13106","Pharma",432,46,5,9,43.960000,9.540000,0.670000,"L5","C",44,3.910000,129.650000,0.510000,3,0.920000,98,9.250000,0.820000,"2024-08-23",38.430000,0.760000
"ITM13107","Groceries",359,59,10,4,35.340000,9.830000,0.770000,"L85","B",47,0.800000,94.560000,1.350000,9,0.880000,143,12.350000,0.450000,"2024-06-10",241.510000,0.516000
"ITM13108","Pharma",345,43,8,8,33.130000,6.710000,0.370000,"L54","D",99,1.740000,42.510000,0.670000,2,0.910000,980,8.500000,0.570000,"2024-12-18",152.850000,0.702000
"ITM13109","Groceries",27,84,14,4,36.950000,5.460000,0.660000,"L79","A",172,1.190000,88.270000,1.730000,0,0.770000,798,6.580000,0.910000,"2024-01-05",24.810000,0.651000
"ITM13110","Electronics",48,42,12,4,18.930000,6.280000,0.270000,"L99","B",77,4.750000,54.210000,1.130000,2,0.940000,783,3.800000,0.320000,"2024-01-07",246.240000,0.550000
"ITM13111","Pharma",131,40,13,7,20.820000,4.130000,0.300000,"L3","C",140,0.910000,134.090000,0.370000,0,0.840000,216,12.990000,0.800000,"2024-12-11",229.720000,0.864000
"ITM13112","Automotive",454,63,7,5,28.130000,9.880000,0.160000,"L31","B",118,3.910000,66.080000,0.610000,2,0.880000,543,1.890000,0.450000,"2024-04-17",142.610000,0.590000
"ITM13113","Groceries",180,53,3,6,46.960000,7.200000,0.770000,"L27","A",120,3.340000,166.180000,0.710000,3,0.730000,303,13.600000,0.300000,"2024-07-13",15.640000,0.656000
"ITM13114","Automotive",150,43,14,5,36.480000,3.260000,0.560000,"L9","B",21,3.350000,12.690000,1.780000,7,0.760000,106,3.870000,0.290000,"2024-10-24",110.610000,0.344000
"ITM13115","Apparel",207,80,13,4,28.000000,1.050000,0.310000,"L13","A",41,3.940000,86.650000,1.560000,2,0.930000,55,1.130000,0.420000,"2024-02-21",136.140000,0.489000
"ITM13116","Groceries",182,71,14,6,38.750000,0.920000,0.600000,"L77","B",72,2.300000,127.250000,1.680000,2,0.770000,287,2.450000,0.640000,"2024-06-15",57.940000,0.507000
"ITM13117","Pharma",216,32,11,3,19.170000,2.450000,0.420000,"L5","C",163,2.300000,14.300000,0.200000,8,0.730000,782,13.370000,0.930000,"2024-07-04",56.660000,0.730000
"ITM13118","Groceries",494,55,5,9,36.790000,2.710000,0.850000,"L58","D",52,1.800000,51.010000,1.200000,8,0.880000,273,2.030000,0.440000,"2024-11-09",58.420000,0.411000
"ITM13119","Automotive",383,65,5,2,21.120000,4.440000,0.580000,"L77","C",116,3.190000,72.210000,2.000000,5,0.860000,639,5.970000,0.360000,"2024-05-12",117.470000,0.424000
"ITM13120","Electronics",223,16,4,2,14.700000,2.540000,0.130000,"L87","B",47,4.680000,14.150000,1.590000,9,0.880000,69,4.500000,0.580000,"2024-04-05",247.090000,0.413000
"ITM13121","Groceries",231,98,6,4,30.880000,6.490000,0.990000,"L91","A",38,4.660000,113.870000,0.330000,3,0.890000,867,1.520000,0.330000,"2024-10-07",230.210000,0.571000
"ITM13122","Pharma",128,70,14,8,34.660000,2.510000,0.170000,"L7","C",64,3.660000,129.860000,1.390000,9,0.850000,826,8.440000,0.420000,"2024-05-14",12.930000,0.448000
"ITM13123","Apparel",295,12,4,5,23.510000,2.280000,0.730000,"L32","D",61,4.580000,53.230000,1.520000,4,0.850000,253,14.980000,0.990000,"2024-05-01",12.800000,0.736000
"ITM13124","Electronics",92,47,11,3,28.710000,4.980000,0.490000,"L95","D",124,4.840000,113.260000,1.080000,8,0.980000,191,12.940000,0.650000,"2024-05-17",32.530000,0.631000
"ITM13125","Apparel",186,93,14,6,35.010000,8.940000,0.320000,"L6","A",28,4.080000,199.830000,0.250000,0,0.860000,425,3.360000,0.830000,"2024-08-29",145.310000,0.758000
"ITM13126","Groceries",279,43,12,8,38.620000,4.950000,0.710000,"L52","B",44,2.340000,178.510000,0.170000,6,0.890000,456,13.380000,0.370000,"2024-11-09",267.780000,0.693000
"ITM13127","Automotive",262,53,9,5,44.880000,4.430000,0.210000,"L57","C",57,2.670000,21.150000,1.880000,6,0.780000,865,7.330000,0.620000,"2024-06-24",62.850000,0.470000
"ITM13128","Automotive",294,39,10,4,18.370000,5.990000,0.870000,"L30","C",119,4.690000,34.300000,0.590000,9,0.960000,129,4.830000,0.610000,"2024-07-06",148.270000,0.539000
"ITM13129","Pharma",121,26,5,5,47.620000,2.940000,0.330000,"L70","A",40,3.520000,103.940000,0.820000,0,0.710000,259,9.960000,0.850000,"2024-04-04",21.820000,0.763000
"ITM13130","Automotive",494,68,8,4,32.230000,3.860000,0.430000,"L28","C",12,4.190000,56.590000,1.610000,0,0.870000,817,4.030000,0.220000,"2024-09-12",15.890000,0.511000
"ITM13131","Electronics",192,19,12,7,39.600000,2.530000,0.670000,"L97","A",172,1.020000,25.380000,1.410000,8,0.820000,361,13.320000,0.890000,"2024-08-05",12.170000,0.619000
"ITM13132","Automotive",190,93,8,2,35.290000,5.930000,0.100000,"L100","A",97,1.370000,58.370000,1.940000,6,0.880000,426,9.740000,0.260000,"2024-04-17",223.640000,0.444000
"ITM13133","Pharma",160,27,3,8,11.070000,7.130000,0.530000,"L8","B",61,2.050000,21.620000,0.280000,3,0.810000,89,2.900000,0.930000,"2024-08-02",16.910000,0.699000
"ITM13134","Groceries",416,54,8,2,4.500000,6.900000,0.900000,"L18","A",80,1.350000,110.680000,1.440000,8,0.920000,402,8.990000,0.310000,"2024-12-24",89.410000,0.462000
"ITM13135","Groceries",207,68,5,5,36.590000,2.920000,0.710000,"L65","C",60,4.580000,103.150000,0.260000,4,0.710000,502,8.150000,0.630000,"2024-07-09",197.060000,0.671000
"ITM13136","Automotive",460,71,13,3,26.040000,7.910000,0.450000,"L38","A",65,1.480000,11.200000,0.100000,2,0.820000,472,7.600000,0.280000,"2024-07-05",189.410000,0.671000
"ITM13137","Apparel",105,68,5,6,35.410000,2.930000,0.690000,"L30","C",108,3.010000,101.680000,0.330000,1,0.950000,763,6.110000,0.560000,"2024-07-24",25.990000,0.730000
"ITM13138","Groceries",495,58,5,4,24.370000,1.930000,0.940000,"L94","A",30,0.880000,108.760000,1.270000,8,0.780000,135,7.640000,0.440000,"2024-05-23",84.430000,0.459000
"ITM13139","Automotive",71,72,12,6,16.300000,3.820000,0.270000,"L74","B",138,1.200000,125.080000,1.380000,3,0.720000,604,9.200000,0.540000,"2024-08-18",195.400000,0.577000
"ITM13140","Pharma",130,96,13,2,14.970000,6.180000,0.580000,"L41","B",117,1.610000,194.320000,0.930000,6,0.850000,285,11.270000,0.640000,"2024-04-02",123.750000,0.635000
"ITM13141","Automotive",456,41,13,9,36.800000,1.850000,0.310000,"L74","A",62,4.920000,196.710000,0.190000,0,0.990000,939,13.850000,0.570000,"2024-10-19",145.090000,0.878000
"ITM13142","Groceries",384,19,12,3,14.560000,6.660000,0.870000,"L77","A",15,4.090000,110.120000,1.300000,8,0.720000,464,1.620000,0.220000,"2024-03-08",70.050000,0.320000
"ITM13143","Pharma",361,20,13,3,36.020000,8.700000,0.750000,"L99","A",91,3.530000,170.590000,0.260000,8,0.720000,631,8.970000,0.890000,"2024-10-21",20.950000,0.656000
"ITM13144","Automotive",62,79,10,6,19.810000,3.280000,0.820000,"L87","B",88,4.620000,26.180000,0.370000,9,0.880000,405,11.530000,0.280000,"2024-12-17",110.110000,0.569000
"ITM13145","Electronics",230,71,7,2,38.770000,4.780000,0.950000,"L42","D",56,4.800000,110.920000,1.070000,5,0.780000,692,2.620000,0.980000,"2024-04-27",208.070000,0.580000
"ITM13146","Pharma",475,56,6,9,8.000000,2.670000,0.310000,"L31","A",105,2.540000,138.990000,0.750000,5,0.820000,693,13.760000,0.880000,"2024-02-21",232.290000,0.748000
"ITM13147","Electronics",219,43,11,6,11.040000,3.930000,0.140000,"L39","D",115,1.970000,117.300000,0.980000,5,0.950000,297,4.430000,0.650000,"2024-05-18",181.830000,0.581000
"ITM13148","Apparel",317,26,11,5,34.610000,0.710000,0.360000,"L19","A",91,1.920000,53.840000,1.310000,4,0.760000,716,12.670000,0.400000,"2024-04-30",124.030000,0.590000
"ITM13149","Pharma",365,63,3,3,28.450000,9.560000,0.460000,"L85","C",40,0.660000,21.910000,0.400000,0,0.920000,791,10.270000,0.270000,"2024-10-11",179.110000,0.735000
"ITM13150","Electronics",259,85,4,3,10.990000,4.450000,0.660000,"L67","B",166,1.760000,83.470000,1.800000,3,0.850000,650,8.830000,0.740000,"2024-08-09",214.450000,0.596000
"ITM13151","Groceries",134,94,10,5,45.240000,7.990000,0.820000,"L29","D",152,2.100000,133.050000,1.160000,9,0.970000,278,13.170000,0.360000,"2024-07-14",229.030000,0.546000
"ITM13152","Groceries",45,49,7,2,14.520000,1.860000,0.410000,"L53","D",67,0.670000,198.430000,0.140000,0,0.990000,588,14.570000,0.790000,"2024-04-10",37.400000,0.936000
"ITM13153","Apparel",426,28,9,3,21.630000,8.220000,0.530000,"L39","B",32,4.470000,54.940000,1.290000,4,0.850000,410,14.960000,0.870000,"2024-03-15",242.870000,0.734000
"ITM13154","Pharma",318,76,3,8,10.910000,8.670000,0.810000,"L36","D",175,4.320000,184.380000,0.980000,3,0.880000,917,10.570000,0.990000,"2024-03-17",28.410000,0.757000
"ITM13155","Pharma",96,91,14,9,20.010000,7.300000,0.300000,"L8","A",50,1.630000,22.970000,1.430000,7,0.920000,799,5.750000,0.600000,"2024-08-30",262.430000,0.498000
"ITM13156","Pharma",431,62,12,7,25.090000,9.080000,0.300000,"L72","D",24,4.110000,186.890000,1.590000,0,0.800000,224,13.250000,0.980000,"2024-01-05",123.750000,0.774000
"ITM13157","Apparel",156,73,14,7,15.470000,2.090000,0.630000,"L76","A",96,4.080000,168.150000,1.880000,7,0.770000,877,10.160000,0.320000,"2024-03-31",168.610000,0.425000
"ITM13158","Pharma",39,92,7,7,38.690000,5.030000,0.490000,"L95","D",12,2.010000,13.980000,2.000000,7,0.990000,853,5.530000,0.870000,"2024-08-03",94.090000,0.506000
"ITM13159","Groceries",459,56,13,4,20.300000,6.390000,0.950000,"L23","C",10,3.640000,66.660000,1.140000,0,0.830000,423,14.050000,0.490000,"2024-09-12",133.730000,0.737000
"ITM13160","Electronics",230,15,14,8,36.750000,6.160000,0.420000,"L81","D",84,1.800000,19.680000,1.170000,8,0.700000,991,11.470000,0.490000,"2024-03-09",255.110000,0.514000
"ITM13161","Groceries",259,25,5,4,11.150000,8.680000,0.780000,"L87","D",148,0.820000,199.150000,0.140000,8,0.950000,110,7.340000,0.410000,"2024-11-18",95.750000,0.596000
"ITM13162","Groceries",58,81,12,2,19.470000,2.550000,0.620000,"L55","A",85,2.770000,91.290000,1.740000,5,0.880000,219,7.360000,0.340000,"2024-09-21",173.610000,0.468000
"ITM13163","Electronics",454,27,14,5,1.390000,2.170000,0.150000,"L72","B",13,2.470000,135.810000,0.150000,0,0.750000,556,14.940000,0.550000,"2024-09-30",197.650000,0.844000
"ITM13164","Groceries",287,61,14,6,38.170000,2.910000,0.180000,"L64","C",34,1.120000,54.500000,1.300000,6,0.710000,824,6.230000,0.990000,"2024-06-10",52.460000,0.573000
"ITM13165","Apparel",226,57,4,8,31.670000,8.970000,0.280000,"L7","B",103,2.710000,187.410000,0.290000,6,0.790000,463,2.320000,0.460000,"2024-09-06",235.570000,0.532000
"ITM13166","Electronics",498,52,4,9,41.070000,9.440000,0.230000,"L45","A",177,4.770000,62.090000,0.640000,8,0.980000,867,8.540000,0.570000,"2024-06-02",299.730000,0.600000
"ITM13167","Groceries",458,48,11,2,23.320000,5.910000,0.400000,"L83","C",105,3.790000,59.440000,0.370000,0,0.980000,165,13.390000,0.380000,"2024-05-08",54.970000,0.814000
"ITM13168","Automotive",481,58,6,6,40.190000,5.260000,0.620000,"L86","D",117,3.820000,69.770000,0.360000,7,0.790000,224,9.180000,0.470000,"2024-10-14",232.690000,0.598000
"ITM13169","Groceries",286,21,6,2,32.730000,6.250000,0.640000,"L49","B",108,3.910000,97.870000,0.240000,7,0.950000,782,12.100000,0.240000,"2024-10-17",52.650000,0.635000
"ITM13170","Apparel",173,19,9,4,1.180000,6.350000,0.630000,"L68","B",104,3.850000,13.520000,0.700000,6,0.830000,473,1.770000,0.960000,"2024-01-25",285.570000,0.592000
"ITM13171","Pharma",61,80,12,7,13.430000,2.120000,0.210000,"L41","B",109,0.590000,123.590000,0.900000,5,0.900000,177,10.430000,0.610000,"2024-07-22",129.190000,0.651000
"ITM13172","Groceries",430,64,12,5,25.200000,7.020000,0.640000,"L90","D",100,4.660000,16.020000,0.980000,0,0.800000,538,2.110000,0.790000,"2024-02-20",294.180000,0.648000
"ITM13173","Pharma",30,10,4,4,31.320000,4.800000,0.470000,"L54","A",53,4.240000,112.450000,0.940000,9,0.850000,54,8.790000,0.610000,"2024-12-19",29.700000,0.535000
"ITM13174","Automotive",313,58,5,5,4.210000,5.420000,0.910000,"L53","D",137,1.740000,97.000000,1.100000,7,0.790000,375,7.970000,0.820000,"2024-03-24",239.380000,0.578000
"ITM13175","Groceries",117,45,5,8,35.550000,0.790000,0.920000,"L20","D",32,2.990000,56.080000,1.730000,4,0.720000,747,14.240000,0.630000,"2024-01-31",147.280000,0.607000
"ITM13176","Electronics",446,30,8,6,27.630000,7.760000,0.790000,"L39","A",32,3.270000,72.660000,1.300000,3,0.740000,221,2.850000,0.760000,"2024-04-20",93.950000,0.548000
"ITM13177","Pharma",294,46,5,2,26.760000,8.440000,0.730000,"L49","A",64,1.090000,144.080000,0.130000,4,0.790000,248,1.130000,0.750000,"2024-05-10",226.890000,0.630000
"ITM13178","Automotive",467,33,13,3,15.310000,6.380000,0.200000,"L24","D",170,1.640000,11.820000,0.430000,4,0.990000,280,2.920000,0.630000,"2024-08-31",194.250000,0.640000
"ITM13179","Electronics",409,64,7,3,30.150000,7.610000,0.180000,"L97","A",86,0.600000,70.160000,0.760000,9,0.990000,849,3.390000,0.380000,"2024-11-18",271.840000,0.463000
"ITM13180","Electronics",449,34,6,5,2.350000,5.470000,0.860000,"L69","B",72,4.390000,139.260000,1.900000,2,0.950000,896,4.510000,0.370000,"2024-02-19",82.150000,0.494000
"ITM13181","Electronics",391,16,5,7,4.170000,6.370000,0.480000,"L61","C",112,0.610000,38.930000,0.250000,3,0.770000,676,12.410000,0.900000,"2024-08-18",282.530000,0.814000
"ITM13182","Electronics",249,90,10,7,36.960000,4.250000,0.510000,"L31","A",69,1.930000,116.470000,1.450000,3,0.830000,382,6.280000,0.300000,"2024-06-20",196.140000,0.505000
"ITM13183","Groceries",388,80,12,5,16.770000,8.020000,0.860000,"L29","C",89,0.850000,42.100000,0.160000,7,0.830000,515,12.770000,0.650000,"2024-05-13",140.630000,0.710000
"ITM13184","Groceries",445,80,5,4,18.000000,4.950000,0.660000,"L39","B",104,4.020000,39.400000,0.790000,4,0.820000,891,4.810000,0.600000,"2024-07-03",25.410000,0.589000
"ITM13185","Groceries",239,33,8,3,11.210000,6.960000,0.260000,"L91","A",78,4.660000,156.730000,1.560000,5,0.710000,473,13.050000,0.840000,"2024-07-03",231.900000,0.628000
"ITM13186","Automotive",84,20,9,4,22.840000,6.400000,0.290000,"L19","D",123,3.030000,60.640000,0.750000,9,0.860000,362,1.110000,0.310000,"2024-10-13",258.940000,0.394000
"ITM13187","Automotive",374,82,9,6,3.550000,7.170000,0.110000,"L60","D",113,1.130000,81.400000,0.920000,1,0.720000,572,14.080000,0.750000,"2024-10-12",244.780000,0.770000
"ITM13188","Automotive",251,21,4,3,15.720000,7.960000,0.740000,"L8","B",117,3.010000,148.700000,1.820000,8,0.940000,473,11.440000,0.680000,"2024-05-11",223.340000,0.535000
"ITM13189","Apparel",347,44,5,6,26.830000,5.370000,0.540000,"L72","A",98,3.970000,44.110000,0.230000,7,0.910000,665,6.780000,0.760000,"2024-06-25",291.130000,0.661000
"ITM13190","Automotive",462,72,14,2,23.820000,8.220000,0.950000,"L53","D",30,3.730000,111.030000,1.100000,7,0.810000,224,9.080000,0.700000,"2024-01-11",256.240000,0.573000
"ITM13191","Groceries",71,77,12,4,49.980000,5.220000,0.740000,"L54","A",140,3.840000,184.390000,0.800000,9,0.890000,947,14.060000,0.650000,"2024-07-29",279.080000,0.635000
"ITM13192","Groceries",393,66,12,5,20.050000,9.590000,0.190000,"L72","C",19,1.760000,115.230000,1.930000,4,0.770000,997,9.160000,0.940000,"2024-03-03",221.840000,0.591000
"ITM13193","Apparel",450,22,6,3,19.960000,7.650000,0.250000,"L68","D",96,0.830000,19.280000,1.610000,4,0.780000,423,4.200000,0.480000,"2024-06-28",247.860000,0.467000
"ITM13194","Apparel",395,32,9,4,25.680000,2.130000,0.550000,"L18","B",179,1.170000,122.040000,0.330000,2,0.790000,681,9.020000,0.350000,"2024-12-13",93.860000,0.675000
"ITM13195","Automotive",282,92,4,5,10.320000,8.380000,0.930000,"L50","D",100,4.800000,27.130000,1.860000,1,0.940000,286,13.200000,0.840000,"2024-11-06",203.980000,0.726000
"ITM13196","Pharma",286,48,5,2,43.940000,5.740000,0.320000,"L32","B",146,3.260000,63.600000,0.500000,8,0.760000,797,14.820000,0.300000,"2024-04-11",69.610000,0.600000
"ITM13197","Apparel",378,97,9,3,29.040000,9.850000,0.840000,"L33","B",132,3.780000,171.440000,0.260000,5,0.870000,866,9.180000,0.740000,"2024-10-22",30.090000,0.718000
"ITM13198","Electronics",336,89,9,6,10.410000,7.330000,0.380000,"L27","C",13,4.550000,12.100000,1.130000,7,0.760000,492,3.180000,0.640000,"2024-10-21",177.980000,0.469000
"ITM13199","Groceries",343,21,12,2,39.880000,1.300000,0.340000,"L43","C",99,4.340000,24.630000,1.500000,3,0.790000,87,11.800000,0.200000,"2024-11-28",237.040000,0.545000
"ITM13200","Electronics",428,43,5,7,2.680000,4.250000,0.910000,"L83","B",105,1.480000,79.040000,1.460000,4,0.770000,833,14.960000,0.390000,"2024-11-28",34.000000,0.605000
"ITM13201","Groceries",415,80,14,5,49.150000,5.410000,0.140000,"L11","D",38,0.760000,199.890000,1.110000,9,0.890000,937,7.630000,0.600000,"2024-10-02",62.570000,0.509000
"ITM13202","Groceries",173,84,3,9,43.390000,8.470000,0.690000,"L58","B",95,4.660000,65.450000,1.040000,4,0.860000,905,6.370000,0.460000,"2024-03-30",36.960000,0.565000
"ITM13203","Apparel",377,40,14,3,29.400000,7.430000,0.140000,"L48","A",56,4.920000,39.880000,1.940000,9,0.920000,812,8.740000,0.540000,"2024-05-25",193.910000,0.435000
